NUM ACTIONNNEUR;FOURNISSEUR ACTIONNEUR;TYPE ACTIONNEUR;TAILLE ACTIONNEUR;N° DE SERIE ACTIONNEUR;SENS OMA;SENS FMA;TYPE CONTACTS;CONTACT OUVERTURE;CONTACT FERMETURE;CDE MANU. OUI;CDE MANU. NON;PRES. ALIM;SIMPLE EFFET;DOUBLE EFFET
1;EMERSON;778-006 (BIFFI);006;038025T01002;;;;;;X;;;;
2;EMERSON;778-006 (BIFFI);006;038025T01008;;;;;;X;;;;
3;EMERSON;778-006 (BIFFI);006;038025T01002;;;;;;X;;;;
4;;;;;;;;;;;;;;
5;TECOFI;VERIN;0;0;0;0;TELEMECA XCKM;X;X;0;X;6 Bars;0;X
6;VALMET METSO;B1CU;9;0;0;;VALMET METSO;x;x;0;x;8,5 bar maxi;0;x
7;EMERSON;796-012;012;0;0;0;0;0;0;X;;5,5 bar max;0;X
8;AMRI KSB;Régulactair ;;;;;;;;;;;;X
9;AMRI KSB;Régulactair 31C;;R1014;;;;;;;;3 - 6 bar;;X
10;AMRI KSB;Régulactair 31C;31 C;R567;0;0;0;0;0;X;0;12 bar max;0;X
11;TECOFI;VERIN;0;OF171005;0;X;X;0;0;0;X;6 BARS;0;X
12;TECOFI;VERIN;0;0;0;0;TELEMECA XCKM;X;X;0;X;6 Bars;0;X
13;AMRI KSB;ACTAIR 12;12;9974049364;0;X;AMTROBOX;x;x;0;X;8 bars maxi;0;X
14;AMRI KSB;ACTAIR 12;12;9974049364;0;X;AMTROBOX;x;x;0;X;8 bars maxi;0;X
15;AMRI KSB;ACTAIR 12;12;9974049364;0;X;AMTROBOX;x;x;0;X;8 bars maxi;0;X
16;VALMET METSO;B1CU 17/55;17/55;J01A21490536;0;0;QN2NK05HDM;X;X;0;x;8,5 Bars;0;x
17;VALMET METSO;B1CU 20/70;20/70;J01A21340327;0;0;QN2NK05HDM;X;X;0;X;8,5 Bars;0;x
18;MASONEILAN;CAMFLEX II;0;F-13-218582-003-01;0;X;0;0;0;0;;1,4 bar max;X;
19;MASONEILAN;CAMFLEX II;0;F-13-218582-001-01;0;X;0;0;0;0;;1,4 bar max;X;0
20;MASONEILAN;CAMFLEX II;0;F-13-218582-002-01;0;X;0;0;0;0;;1,4 bar max;X;
21;EMERSON;PremiAir;025;18582858;0;0;0;0;0;X;;6 bar max;0;X
22;EMERSON;PremiAir;025;529016;0;0;0;0;0;X;;6 bar max;0;X
23;EMERSON;PremiAir;025;718091;0;0;0;0;0;0;;0;0;X
24;EMERSON;PremiAir;025;718093;0;0;0;0;0;0;;0;0;X
25;0;VERIN;0;0;0;0;0;0;0;0;0;0;0;0
26;AMRI KSB;ACTAIR 25;25;0;0;0;Amtrobox;X;X;X;;8 bar max;0;X
27;EMERSON;F79E;024;854968;;;;X;X;;X;8 bar max;;X
28;EMERSON;F79E;024;860112;;;;X;X;;X;8 bar max;;X
29;EMERSON;F79E;024;850078;;;;X;X;;X;8 bar max;;X
30;EMERSON;F79E ;024;860123;0;0;0;X;X;X;;8 bar max;0;X
31;EMERSON;F89E-009 DA;009;0121014;0;0;AVID ZR IFM IS5026;X;X;0;X;8,3 bars max;0;X
32;EMERSON;F89E-009 DA;009;0121020;;;AVID ZR IFM IS5026;X;X;X;;8,3 bars max;;X
33;AMRI KSB;ACTAIR 6 R1121 1;6;76140045/0120;;;AMTROBOX;X;X;X;;10 bar max;;X
34;EMERSON;F89E-009 DA;009;0121013;0;0;AVID ZR IFM IS5026;X;X;0;X;8,3 bars max;0;X
35;EMERSON;F89E-009 DA;009;0121003;;;AVID ZR IFM IS5026;X;X;X;;8,3 bars max;;X
36;AMRI KSB;ACTAIR 25;25;71516731/0110;0;0;Amtrobox;X;X;X;;8 bar max;0;X
37;AMRI KSB;Actair;25;71516731/0110;;;Amtrobox;X;X;;X;8 bar max;;X
38;AMRI KSB;ACTAIR 25 R1123 ;25;;0;0;IFM IS-5026;X;X;X;;8 bar max;0;X
39;AMRI KSB;ACTAIR 25 R1123 ;25;9972204887/200;0;0;IFM IS-5026;X;X;X;;8 bar max;0;X
40;AMRI KSB;ACTAIR 25 R1123 ;25;;0;0;IFM IS-5026;X;X;X;;8 bar max;0;X
41;AMRI KSB;ACTAIR 25;25;;;;Amtrobox;X;X;;X;8 bar max;;X
42;EMERSON;F79E-024M;024;320030;;;IS 5026;X;X;X;;2,8 - 8,3 bar;;X
43;EMERSON;F79E-024M;024;321326;;;IS 5026;X;X;X;;2,8 - 8,3 bar;;X
44;0;B1CU9/20;0;0;0;0;0;X;X;0;X;0;0;X
45;AMRI KSB;ACTAIR 12;12;9972324707/ 700;0;0;Amtrobox;X;X;0;;8 bar max;0;X
46;VALMET METSO;B1CU9/20;0;0;0;0;0;X;X;0;X;0;0;X
47;EMERSON;790-012;012;170187;0;0;0;X;X;0;X;5 bar;0;X
48;AMRI KSB;ACTAIR 6 R1121 1;6;76140045/0120;;;AMTROBOX;X;X;X;;10 bar max;;X
49;AMRI KSB;ACTAIR R1121;6;9972324707/800;0;0;AMTROBOX;X;X;X;;8 bar max;0;X
50;AMRI KSB;ACTAIR R1121;6;9972324707/800;0;0;AMTROBOX;X;X;X;;8 bar max;0;X
51;AMRI KSB;ACTAIR R1121;6;9972324707/800;0;0;AMTROBOX;X;X;X;;8 bar max;0;X
52;AMRI KSB;ACTAIR R1121;6;9972324707/800;0;0;AMTROBOX;X;X;X;;8 bar max;0;X
53;AMRI KSB;ACTAIR R1121;6;9972324707/800;0;0;AMTROBOX;X;X;X;;8 bar max;0;X
54;AMRI KSB;ACTAIR R1121;6;9972324707/800;0;0;AMTROBOX;X;X;X;;8 bar max;0;X
55;AMRI KSB;ACTAIR 6;6;9972609610/100;0;0;AMTROBOX;X;X;X;;0;0;X
56;AMRI KSB;Normatwin R579;;02 1 0763;;;;X;X;X;;3 bar;;X
57;AMRI KSB;ACTAIR;6;9974553509;0;0;AMTROBOX;X;X;0;X;8 bar max;0;X
58;0;ACTAIR;6;0;0;0;AMTROBOX;X;X;0;X;6 bar max;0;X
59;EMERSON;F79E;012;822413;0;0;0;X;X;X;;8 bar max;0;X
60;EMERSON;F79E;012;822447;0;0;0;X;X;X;;8 bar max;0;X
61;EMERSON;F79E;012;822449;0;0;0;X;X;X;;8 bar max;0;X
62;EMERSON;PremiAir;009;732235;0;0;I 56;X;X;X;;0;0;X
63;EMERSON;PremiAir 009;009;082443;;;IS 5026;X;X;;X;;;X
64;EMERSON;PremiAir;009;732231;0;0;I 56;X;X;X;;0;0;X
65;EMERSON;PremiAir;009;73224;0;0;I 56;X;X;X;;0;0;X
66;VALMET METSO;B1CU;6/20;9811;0;0;0;X;X;X;;8,3 bar max;0;X
67;PROCOM;0;0;0;0;X;IN5212 IN-3004-BPKG/AS;X;0;X;;6 bar;X;0
68;PROCOM;0;0;0;0;X;IN5212 IN-3004-BPKG/AS;X;0;X;;6 bar;X;0
69;PROCOM;0;0;0;0;X;IN5212 IN-3004-BPKG/AS;X;0;X;;6 bar;X;0
70;PROCOM;0;0;0;0;X;IN5212 IN-3004-BPKG/AS;X;0;X;;6 bar;X;0
71;AIR TORQUE;AT200DA F05/07-N-D-17;0;02008485N;0;0;IS 5026;X;X;X;;8 bar max;0;X
72;MASONEILAN;Micropak;0;0;X;;0;0;0;;X;2,4 bar;X;0
73;MASONEILAN;Micropak;0;06.484801-1;X;0;0;0;0;0;X;2,4 bar;X;0
74;VALMET METSO;B1JRU 6/25;6/25;A01A19041862;;X;;X;X;;;8,5 bars max;X;
75;MASONEILAN;CAMFLEX II;114 mm;0;0;X;0;0;0;0;;1,4 bar;X;0
76;MASONEILAN;CAMFLEX II;114 mm;0;0;X;0;0;0;0;;1,4 bar;X;0
77;SAPAG;DR 10-0;10;12/21530;0;0;0;0;0;0;X;10 bar max;0;X
78;SAPAG;DR 10-0;10;12/21530;0;0;0;0;0;X;;10 bar max;0;X
79;SAPAG;DP3;3;0;0;0;0;0;0;0;X;5 bar max;0;X
80;SAPAG;DP3;3;0;0;0;0;0;0;0;X;5 bar max;0;X
81;SAPAG;DP3;3;0;0;0;0;0;0;0;X;5 bar max;0;X
82;SAPAG;DR 10-0;10;12/21530;0;0;0;0;0;X;;10 bar max;0;X
83;SAPAG;DR 10-0;10;12/21530;0;0;0;0;0;0;X;10 bar max;0;X
84;SAPAG;DR 10-0;0;10/19385;0;0;0;0;0;0;X;10 bar max;0;X
85;SAPAG;DR 10-0;0;10/19385;0;0;0;0;0;0;X;10 bar max;0;X
86;SAPAG;DR 10-0;10;12/21382;0;0;0;0;0;0;X;10 bar max;0;X
87;SAPAG;DR 10-0;10;12/21382;0;0;0;0;0;0;X;10 bar max;0;X
88;SAPAG;DR 10-0;10;11/21067;0;0;0;0;0;0;X;10 bar max;0;X
89;SAPAG;DR 10-0;0;10/19385;0;0;0;0;0;0;X;10 bar max;0;X
90;SAPAG;DR 10-0;10;11/20410;0;0;0;0;0;0;X;10 bar max;0;x
91;SAPAG;DR 10-0;10;11/20410;0;0;0;0;0;0;X;10 bar max;0;X
92;SAPAG;DR 10-0;0;10/19385;0;0;0;0;0;0;X;10 bar max;0;X
93;SAPAG;DR 10-0;10;11/20410;0;0;0;0;0;0;X;10 bar max;0;X
94;SAPAG;DR 10-0;10;11/20410;0;0;0;0;0;0;X;10 bar max;0;X
95;SAPAG;DR 10-0;0;09/18537;0;0;0;0;0;0;0;0;0;X
96;SAPAG;DR 10-0;0;09/18537;0;0;0;0;0;0;0;0;0;X
97;SAPAG;DR 10-0;0;09/18537;0;0;0;0;0;0;0;0;0;X
98;SAPAG;DR 10-0;0;09/18537;0;0;0;0;0;0;0;0;0;X
99;MASONEILAN;CAMFLEX I;165 MM;4109303;X;;;;;;;3,8 bar max;X;
100;;;;;;;;;;;;;;
101;MASONEILAN;Sigma F;0;64 - 2408 - 01 - 1;0;X;0;0;0;0;;0;X;0
102;MASONEILAN;CAMFLEX II;178 mm;F-12-217037-003-01;X;0;0;0;0;X;;2,1 bar;X;0
103;MASONEILAN;CAMFLEX II;178 mm;F-12-217037-003-02;X;0;0;0;0;X;;2,1 bar;X;0
104;AMRI KSB;ACTAIR;6;RHO1121 118011;0;0;0;X;X;X;;0;0;X
105;AMRI KSB;ACTAIR R1121;6;9972324707/900;0;X;I 56;X;X;X;;10 bar max;0;X
106;AMRI KSB;ACTAIR R1121;6;9972324707/900;0;X;I 56;X;X;X;;10 bar max;0;X
107;AMRI KSB;ACTAIR R1121;6;9972324707/900;0;X;I 56;X;X;X;;8 bar max;0;X
108;AMRI KSB;ACTAIR R1121;6;9972324707/900;0;X;I 56;X;X;X;;10 bar max;0;X
109;AMRI KSB;ACTAIR;6;RHO1121 118011;0;0;IFM IEC 2002-ARKG/UP;X;X;X;;0;0;X
110;EMERSON;PremiAir 004;004;261307;0;0;IFM IS-5026;X;X;0;X;0;0;X
111;EMERSON;PremiAir 004;004;197820;0;0;IFM IS-5026;X;X;0;X;0;0;0
112;AMRI KSB;ACTAIR 6 R1121 1;6;76140045/0120;;;AMTROBOX;X;X;X;;10 bar max;;X
113;MASONEILAN;Sigma F48-21114 ;220 mm;62 873404-1;;X;;;;;;1,4 bar;X;
114;VALMET METSO;B1CU/20;20;D01A17520493;0;0;IFM IFC 2002-ARKGIUP;X;X;X;;8,3 bars max;0;X
115;AMRI KSB;ACTAIR 3;3;9973749598/100;0;0;Amtrobox;X;X;X;;8 bar max;0;X
116;AMRI KSB;ACTAIR;3;0;0;0;Amtrobox;X;X;X;;8 bar max;0;X
117;AMRI KSB;ACTAIR;3;0;0;0;Amtrobox;X;X;X;;8 bar max;0;X
118;AMRI KSB;ACTAIR;3;0;0;0;Amtrobox;X;X;X;;8 bar max;0;X
119;AMRI KSB;ACTAIR;3;0;0;0;Amtrobox;X;X;X;;8 bar max;0;X
120;AMRI KSB;ACTAIR;3;0;0;0;Amtrobox;X;X;X;;8 bar max;0;X
121;AMRI KSB;ACTAIR;3;0;0;0;Amtrobox;X;X;X;;0;0;X
122;AMRI KSB;ACTAIR;3;0;0;0;Amtrobox;X;X;X;;0;0;X
123;AMRI KSB;ACTAIR;3;0;0;0;Amtrobox;X;X;X;;8 bar max;0;X
124;AMRI KSB;ACTAIR;3;0;0;0;Amtrobox;X;X;X;;8 bar max;0;X
125;AMRI KSB;ACTAIR;3;0;0;0;Amtrobox;X;X;X;;8 bar max;0;X
126;SAPAG;SP3;0;0;0;X;0;0;0;X;;8 bar max;X;0
127;SAPAG;DR 10-0;10;12/21459;0;0;0;0;0;0;X;10 bar max;0;X
128;SAPAG;DR 10-0;10;12/21459;0;0;0;0;0;0;X;10 bar max;0;X
129;SAPAG;DR 10-0;10;12/21459;0;0;0;0;0;0;X;10 bar max;0;X
130;SAPAG;DR 10-0;10;12/21382;0;0;0;0;0;0;X;10 bar max;0;X
131;SAPAG;DR 10-0;10;12/21459;0;0;0;0;0;0;X;10 bar max;0;X
132;SAPAG;DR 10-0;10;11/21067;0;0;0;0;0;0;X;10 bar max;0;X
133;EMERSON;DR 10-0 C11;0;17/23713;0;0;0;0;0;X;;10 bar max;0;X
134;EMERSON;DR 10-0 C11;0;17/23713;0;0;0;0;0;X;;10 bar max;0;X
135;SAPAG;DR 10-0;10;12/21530;0;0;0;0;0;0;X;10 bar max;0;X
136;EMERSON;DR 10-0 C11;0;17/23713;0;0;0;0;0;X;;10 bar max;0;X
137;EMERSON;DR 10-0 C11;0;17/23713;0;0;0;0;0;X;;10 bar max;0;X
138;VALMET METSO;B1CU 6/15;6/15;D01A18410051;0;X;IFC 2002;X;X;0;X;8,5 bars max;0;X
139;MASONEILAN;CAMFLEX II;152 mm;F-12-217037-001-05;0;X;I 56;X;X;0;;1,7 bar;X;0
140;MASONEILAN;CAMFLEX II;152 mm;F-12-217037-001-06;0;X;I 56;X;X;0;;1,7 bar;X;0
141;MASONEILAN;CAMFLEX II;152 mm;F-12-217037-001-4;0;X;I 56;X;X;0;;1,7 bar;X;0
142;MASONEILAN;CAMFLEX II;152 mm;F-12-217037-001-3;0;X;I 56;X;X;0;;1,7 bar;X;0
143;MASONEILAN;CAMFLEX II;152 mm;F-12-217037-001-01;0;X;I 56;X;X;0;;1,7 bar;X;0
144;MASONEILAN;CAMFLEX II;152 mm;F-12-217037-001-02;0;X;I 56;X;X;0;;1,7 bar;X;0
145;MASONEILAN;CAMFLEX II;152 mm;61-837901-1;0;X;I 56;X;X;0;;1,8 bar;X;0
146;MASONEILAN;CAMFLEX II 35-35202;152 mm;61-837901-2;;X;I 56;X;X;;;1,8 bar;X;
147;AMRI KSB;ACTAIR 200;200;9972324707/100-01-13;0;0;I 56;X;X;X;;8 bar max;0;X
148;SAPAG;DR 10-0;10;12/21530;;;;;;;X;10 bar max;;X
149;SAPAG;SNH ;25;0;0;X;0;0;0;X;;8 bar max;X;0
150;SCHLUMBERGER SEREG VANNES;Maxflo MTLD;0;0;X;0;0;0;0;0;;1,4 bar;X;0
151;SCHLUMBERGER SEREG VANNES;Maxflo MTLD;SM2;MTLD11A231A;X;0;0;0;0;0;;1,4 bar;X;0
152;SCHLUMBERGER SEREG VANNES;Maxflo MTLD;SM2;1B502T;X;0;0;0;0;0;;1,4 bar;X;0
153;MASONEILAN;Camflex II;152 mm;F-14-219853-001-1;0;X;I 56;X;X;0;;1,7 bar;X;0
154;MASONEILAN;Camflex II;114 mm;62-5571.01.2;0;X;0;0;0;X;0;1,4 bar;X;0
155;MASONEILAN;CAMFLEX II;114 mm;62.5571.01.1;;X;MAISON/TELEM.;;X;;;1,4 bar;X;
156;MASONEILAN;CAMFLEX II;114 mm;64-2133-01-1;;X;;;;;;1,4 bar;X;
157;MASONEILAN;CAMFLEX II;114 mm;64-2133-01-3;;X;;;;;;1,4 bar;X;
158;MASONEILAN;CAMFLEX II;114 mm;64-2133-01-2;;X;;;;;;1,4 bar;X;
159;GEMU;0;0;0;0;0;0;0;0;0;;0;X;0
160;GEMU;0;0;0;0;0;0;0;0;0;;0;X;0
161;EL-O-MATIC;EDO 600.M1A00A.00NO;0;265362002/11;0;0;IFM IFT 203;X;X;0;X;0;0;X
162;EL-O-MATIC;EDO 600.M1A00A.00NO;0;265362006/11;0;0;IFM IFT 203;X;X;0;X;0;0;X
163;EL-O-MATIC;EDO 600.M1A00A.00NO;0;274746006/11;0;0;IFM IFT 203;X;X;0;X;0;0;X
164;EL-O-MATIC;EDO 600.M1A00A.00NO;0;265362001/11;0;0;IFM IFT 203;X;X;0;X;0;0;X
165;EMERSON;DR 10-2 C11;0;98187001013;0;0;NC;X;X;0;X;10 bar max;0;X
166;EMERSON;DR 10-2 C11;0;97823003015;0;0;NC;X;X;0;X;10 bar max;0;X
167;EMERSON;DR 10-2 C11;0;97823003041;0;0;NC;X;X;0;X;10 bar max;0;X
168;EMERSON;DR 10-2 C11;0;97823003005;0;0;NC;X;X;0;X;10 bar max;0;X
169;EMERSON;DR 10-2 C11;0;97823003009;0;0;NC;X;X;0;X;10 bar max;0;X
170;EMERSON;DR 10-2 C11;0;97823003030;0;0;NC ;X;X;0;X;10 bar max;0;X
171;EMERSON;DR 10-2 C11;0;97823003011;0;0;NC;X;X;0;X;10 bar max;0;X
172;KEYSTONE;F89E-004;0;2155498;0;0;NC;X;X;0;X;8,3;0;X
173;EMERSON;DR 40-0 C19;0;98112002006;0;0;NC;X;X;0;X;10 BAR MAX;0;X
174;EMERSON;DR 10-2 C11;0;97823003010;0;0;NC;X;X;0;X;10 bar max;0;X
175;EMERSON;DR 10-2 C11;0;97823003039;0;0;NC;X;X;0;X;10 bar max;0;X
176;EMERSON;DR 10-2 C11;0;97823003006;0;0;NC;X;X;0;X;10 bar max;0;X
177;EMERSON;DR 10-2 C11;0;98187001019;0;0;NC;X;X;0;X;10 bar max;0;X
178;EMERSON;DR 10-2 C11;0;97823003017;0;0;NC;X;X;0;X;10 bar max;0;X
179;EMERSON;DR 10-2 C11;0;97823003031;0;0;NC ;X;X;0;X;10 bar max;0;X
180;EMERSON;DR 10-2 C11;0;97823003012;0;0;NC;X;X;0;X;10 bar max;0;X
181;KEYSTONE;F89E-004;0;2155496;0;0;NC;X;X;0;X;8,3;0;X
182;EMERSON;DR 40-0 C19;0;96747006004;0;0;NC;X;X;0;X;10 BAR MAX;0;X
183;AMRI KSB;ACTAIR 25;25;76218358/0111;0;0;IS 5026;X;X;0;X;5 bars mini;0;X
184;AMRI KSB;ACTAIR 25;25;76218358/0111;0;0;IS 5026;X;X;0;X;5 bars mini;0;X
185;AMRI KSB;ACTAIR 25;25;76218358/0111;0;0;IS 5026;X;X;0;X;5 bars mini;0;X
186;AMRI KSB;ACTAIR 25;25;76218358/0111;0;0;IS 5026;X;X;0;X;5 bars mini;0;X
187;EL-O-MATIC;EDO 600.M1A00A.00NO;0;0;0;0;IFM IFT203;X;X;0;X;0;0;X
188;EL-O-MATIC;EDO600.M1A00A.00N0;0;265362005/11;0;0;IFM IFT203;X;X;0;X;0;0;X
189;EL-O-MATIC;EDO 600.M1A00A.00NO;0;264563008/11;0;0;IFM IFT203;X;X;0;X;0;0;X
190;EL-O-MATIC;EDO 600.M1A00A.00NO;0;265362008/11;0;0;IFM IFT203;X;X;0;X;0;0;X
191;AMRI KSB;ACTAIR;12;9973390599/900;0;0;AMTROBOX;X;X;0;;8 bar max;0;X
192;0;F89E-00601;0;0;0;0;0;X;X;0;X;0;0;X
193;0;F89E-00601;0;0;0;0;0;X;X;0;X;0;0;X
194;0;F89E-00601;0;0;0;0;0;X;X;0;X;0;0;X
195;0;F89E-00601;0;0;0;0;0;X;X;0;X;0;0;X
196;0;F89E-00301;0;0;0;0;0;X;X;0;X;0;0;X
197;0;F89E-00301;0;0;0;0;0;X;X;0;X;0;0;X
198;EMERSON;PREMIAIR 025;045;573922;0;0;0;X;X;X;;8 bar max;0;X
199;AMRI KSB;ACTAIR 12;0;0;0;0;Amtrobox;X;X;0;X;0;0;X
200;EMERSON;F79E;024;860132;;;;X;X;;X;8 bar max;;X
201;ROTORK;RC210-DA;11;18-24261;X;0;0;0;0;0;X;10 bar max;0;X
202;ROTORK;RC210-DA;11;19-24560;0;0;0;0;0;0;X;10 bar max;0;X
203;ROTORK;RC210-DA;11;18-24261;0;0;0;0;0;0;X;10 bar max;0;X
204;ROTORK;RC210-DA;11;18-24234;0;0;0;0;0;0;X;10 bar max;0;X
205;ROTORK;RC210-DA;11;19-24560;0;0;0;0;0;0;X;10 bar max;0;X
206;ROTORK;RC210-DA;11;18-24234;0;0;0;0;0;0;X;10 bar max;0;X
207;ROTORK;RC210-DA;11;19-24560;0;0;0;0;0;0;X;10 bar max;0;X
208;ROTORK;RC210-DA;11;19-24560;0;0;0;0;0;0;X;10 bar max;0;X
209;ROTORK;RC210-DA;11;18-24234;0;0;0;0;0;0;X;10 bar max;0;X
210;AMRI KSB;ACTAIR 12;0;0;0;0;Amtrobox;X;X;0;X;0;0;X
211;EMERSON;F89E-020;020;O129166;0;0;0;0;0;0;X;10 bar max;0;X
212;SAPAG;DR 10-0;10;11/20410;0;0;0;0;0;0;X;10 bar max;0;X
213;SAPAG;DR 10-0;10;11/20410;0;0;0;0;0;0;X;10 bar max;0;X
214;SAPAG;DR 10-0;10;12/21382;0;0;0;0;0;0;X;10 bar max;0;X
215;SAPAG;DR 10-0;10;12/21382;0;0;0;0;0;0;X;10 bar max;0;X
216;SAPAG;DR 10-0;10;12/21382;0;0;0;0;0;0;X;10 bar max;0;X
217;SAPAG;DR 10-0;10;11/20410;0;0;0;0;0;0;X;10 bar max;0;X
218;;4001 A;;;;;;;;;X;7 bar max;;X
219;GEC ALSTHOM;;;;;;;;;;X;;;X
220;SAPAG;DR 10-0;10;11/20410;0;0;0;0;0;0;X;10 bar max;0;X
221;SAPAG;DR 10-0;10;11/20410;0;0;0;0;0;0;X;10 bar max;0;X
222;SAPAG;DR 10-0;10;11/20410;0;0;0;0;0;0;X;10 bar max;0;X
223;AMRI KSB;Régulactair;61 B;0;0;X;0;0;0;X;0;3 - 9 bar;0;X
224;AMRI KSB;ACTAIR 200;200;0;0;0;I 56;X;X;X;;8 bar max;0;X
225;AMRI KSB;ACTAIR;200;9972140750/0400;0;0;0;0;0;X;;8 bar max;0;X
226;AMRI KSB;Actair 200 R1126;200;9972140750/0400;0;0;IFM IS 5884;X;X;X;;8 bar max;0;X
227;AMRI KSB;ACTAIR 200;200;9972324707/300;0;0;I 56;X;X;X;;8 bar max;0;X
228;AMRI KSB;ACTAIR 200;200;9972140750/0400;0;0;I 56;X;X;X;;8 bar max;0;X
229;AMRI KSB;ACTAIR 200;200;9972140750;0;0;I 56;X;X;X;;8 bar max;0;X
230;AMRI KSB;Régulactair;61 B;0;0;X;0;0;0;X;0;3 - 9 bar;0;X
231;AMRI KSB;ACTAIR ;200;9972140750/0400;0;0;I 56;X;X;X;;8 bar max;0;X
232;AMRI KSB;Régulactair;61 C;R724 0210275;0;X;0;0;0;X;0;3 - 9 bar;0;X
233;AMRI KSB;ACTAIR ;100;9973390599 700;0;0;I 56;X;X;X;;8 bar max;0;X
234;AMRI KSB;Régulactair;61 C;R724 021C 281;0;X;0;0;0;X;0;3 - 9 bar;0;X
235;AMRI KSB;ACTAIR;100;9973390599 600;0;0;I 56;X;X;X;;8 bar max;0;X
236;AMRI KSB;Régulactair;61 C;0;0; ;0;0;0;X;0;3 - 9 bar;0;X
237;AMRI KSB;ACTAIR 100;100;9972590077/300;0;0;I 56;X;X;X;;8 bar max;0;X
238;AMRI KSB;Régulactair;31 B;880255;0;X;0;0;0;X;0;3 - 9 bar;0;X
239;AMRI KSB;ACTAIR;100;9973390599 400;0;0;I 56;X;X;X;;8 bar max;0;X
240;AMRI KSB;Régulactair;31 C;380181;0;0;0;0;0;X;0;3 - 9 bar;0;X
241;AMRI KSB;Actair;100;9973390599/500;0;0;I 56;X;X;X;;8 bar max;0;X
242;AMRI KSB;ACTAIR 400;400;9972143670-04-12;0;0;0;X;X;X;;8 bar max;0;X
243;AMRI KSB;Actair 400;400;9972591877-1-14;0;0;I 56;X;X;X;;8 bar max;0;X
244;AMRI KSB;ACTAIR 400;400;99722143670-04-12;0;0;I 56;X;X;X;;8 bar max;0;X
245;AMRI KSB;ACTAIR 400;400;9972143670-04-12;0;0;I 56;X;X;X;;8 bar max;0;X
246;AMRI KSB;ACTAIR 400;400;9972143670-04-12;0;0;I 56;X;X;X;;8 bar max;0;X
247;AMRI KSB;Régulactair;101 B;V371120;0;0;0;0;0;X;0;0;0;X
248;AMRI KSB;Régulactair;61 B;83721;0;0;0;X;X;X;0;3 - 9 bar;0;X
249;AMRI KSB;ACTAIR;200;9973390599/100;0;0;I 56;X;X;X;;8 bar max;0;X
250;AMRI KSB;Régulactair;61 B;R72383781;0;0;0;X;X;X;0;3 - 9 bar;0;X
251;AMRI KSB;Actair;200;9973390599/300;0;0;I 56;X;X;X;;8 bar max;0;X
252;AMRI KSB;Actair;100;9973390599/200;0;0;I 56;X;X;X;;8 bar max;0;X
253;AMRI KSB;ACTAIR 100 ;100;76011971/0120;;;;X;X;;;3 - 6 bar;;X
254;AMRI KSB;Actair;100;9973390599/800;0;0;I 56;X;X;X;;8 bar max;0;X
255;AMRI KSB;Régulactair 401 B;401B; ;0;0;I 56;X;X;0;;3 - 9 bar;0;X
256;MASONEILAN;Camflex II;178 mm;F-15-221168-001-1;0;X;I 56;X;X;0;;2,8 bar;X;0
257;ROTORK;RC220-DA;0;7124005010;0;0;0;0;0;0;X;10 B MAX;0;X
258;AMRI KSB;ACTAIR;50;76045403/0320;;;;;;X;;10 bar max;;X
259;AMRI KSB;Actair;25;0;0;0;I 56;X;X;X;;8 bar max;0;X
260;MASONEILAN;Camflex II;"152 mm (6"")";F-15-221168-002-01;X;0;I 56;X;X;0;;1,4 bar;X;0
261;FISHER;1052;40;EU03267209;X;;;;;;;4,5 bar max;X;
262;MASONEILAN;SIGMA;;63-541503-1;X;;;;;;;1,4 bar;X;
263;FISHER;1052;40;EU03267209;X;;;;;;;4,5 bar max;X;
264;AMRI KSB;ACTAIR;400;05-190620;;;;;;X;;;;X
265;CCI VALVE;840 H;250;TCV;0;X;0;0;0;X;;5 bar;X;0
266;MASONEILAN;CAMFLEX II;178 mm;62-8734-01-1;;X;;;;;;2,1 bar;X;
267;EMERSON;796-012;012;;;;SWITCH MILTAC;X;X;X;;5,5 bar;;X
268;TECOFI;VERIN;0;0;0;0;TELEMECA XCKM;X;X;0;X;6 Bars;0;X
269;TECOFI;VERIN;0;0;0;0;TELEMECA XCKM;X;X;0;X;6 Bars;0;X
270;TECOFI;VERIN;0;0;0;0;TELEMECA XCKM;X;X;0;X;6 Bars;0;X
271;SAPAG;DR 10-0;0;09/18537;0;0;0;0;0;X;;0;0;X
272;SAPAG;SR 20-04 ;;00/3340;;;;;;X;;10 bar max;;x
273;AMRI KSB;ACTAIR R1123 1;25;76135433/0120;0;0;0;0;0;X;;10 bar max;0;X
274;;;;;;;;;;;;;;
275;;;;;;;;;;;;;;
276;;;;;;;;;;;;;;
277;;;;;;;;;;;;;;
278;EMERSON;796 002;;;;;;;;X;;5,5 bar;;X
279;SAPAG;S60/12;12;0;0;X;0;0;0;X;;8 bar max;X;0
280;SAPAG;S60/12;12;0297/246341 008;;X;;;;;X;8 bar;X;
281;SAPAG;S60/12;12;1296/233108 020;;X;;;;;X;8 bar;X;
282;SAPAG;S60/12;12;1296/236642 003;;X;;;;;X;8 bar;X;
283;SAPAG;DP3;3;6301417;0;0;0;0;0;X;;8 bar;0;X
284;SAPAG;DP3;3;0;0;0;0;0;0;X;;8 bar;0;X
285;EMERSON;PemiAir 004;004;197815;0;0;IFM IS-5026;X;X;0;X;0;0;X
286;EMERSON;F79E-006M;;;;;;;;;X;8 bar;;
287;EMERSON;F79E-006M;;;;;;;;;X;8 bar;;
288;EMERSON;F79E-006M;;;;;;;;;X;8 bar ;;
289;EMERSON;F79E-006M;;;;;;;;;X;8 bar ;;
290;EMERSON;F79E-006M;0;726038;0;0;0;0;0;X;;8 bar;0;0
291;0;F89E-004;0;0;0;0;0;0;0;0;X;0;0;X
292;EMERSON;;;;;;;;;;;8 bar;;
293;EMERSON;796003;003;24918;0;0;0;0;0;X;;7 bar max;0;X
294;EMERSON;;;;;;;;;;;8 bar ;;
295;EMERSON;796 002;002;;;;;;;;;8,3 bars max;;X
296;EMERSON;0;0;0;0;0;0;0;0;X;;8 bar;0;0
297;EMERSON;F79E-006M;006;0;0;0;Micro switch;X;X;X;;8 bar;0;X
298;EMERSON;F79E-006M;;;;;;;;;X;8 bar;;
299;EMERSON;F79E-006M;;;;;;;;;X;8 bar ;;
300;EMERSON;F79E-006M;;;;;;;;;X;8 bar ;;
301;EMERSON;F79E-006M;;;;;;;;;X;8 bar ;;
302;EMERSON;F79E-006M;0;0;0;0;0;0;0;X;;8 bar;0;0
303;AMRI KSB;Régulactair 31C;;;;X;;;;;;3 - 12 bar;;X
304;AMRI KSB;ACTAIR R1121;6;9972324707/900;0;0;0;X;X;X;;8 bar max;0;X
305;SAPAG;RC210-DA;0;5430801006;0;0;0;0;0;0;X;10 b max;0;X
306;NORBRO;4001 A;0;0;0;0;0;0;0;0;X;0;0;X
307;TECOFI;VERIN;0;0;0;0;TELEMECA XCKM;X;X;0;X;6 Bars;0;X
308;AMRI KSB;ACTAIR 6 R1121 1;6;76140045/0120;;;AMTROBOX;X;X;X;;10 bar max;;X
309;EMERSON;796 002;002;;;;;;;;X;8 bar max;;X
310;;;;;;;;;;;;;;
311;;;;;;;;;;;;;;
312;AMRI KSB;Régulactair 61B;61 B;;;;;X;X;;;3,5 B;;X
313;ROTORK;RC250-DA;F10/12-19;88338005003;0;0;0;0;0;0;X;0;0;X
314;;;;;;;;;;;;;;
315;MASONEILAN;CAMFLEX II;114 mm;64-2111-01-1;;X;;;;;;1,4 bar;X;
316;MASONEILAN;CAMFLEX II;114 mm;64-2111-01-02;;X;;;;;;1,4 bar;X;
317;MASONEILAN;SIGMA;;64-6656-01-1;;X;;;;;;2,1 bar;X;
318;MASONEILAN;VARIMAX ATA;3;558807-1;;X;496257;X;X;X;;2,5 bar max;X;
319;MASONEILAN;SIGMA F;;62-153001-1;;x;;;;;;1,4 bar;x;
320;MASONEILAN;SIGMA F;0;62-153001-2;0;X;0;0;0;0;;1,4 bar;X;0
321;MASONEILAN;SIGMA F;;62-153001-3;;X;;;;;;1,4 bar;X;
322;CCI VALVE;MSDIII480-70RA;0;0;0;0;0;0;0;X;;7 bar max;0;X
323;CCI VALVE;SC/V;;A9600741;;X;;;;X;;7 bar max;;X
324;MASONEILAN;VARIPAK;0;F-15-221168-003-01;0;X;0;0;0;X;;2,1 bar;X;0
325;MASONEILAN;VARIPAK;;16-0147-01-1;;X;;;;;;2,1 bar;X;
326;MASONEILAN;VARIPAK;;64-9366-01-1;;X;;;;;;2,1 bar;X;
327;MASONEILAN;VARIPAK;0;F-23-000155;0;X;0;0;0;X;0;2 bar;X;
328;COPES VULCAN;CV 600 - 10R;;CW 20316/01;;X;;;;X;;5,5 bar;X;
329;EMERSON;PemiAir 025; 025;594313;X;0;SPDT MICROSWITCH;X;X;X;;5,5 bar max;X;0
330;EMERSON;PemiAir 025;025;153775;X;0;SPDT MICROSWITCH;X;X;X;;8,3 bar max;X;0
331;EMERSON;PemiAir 025;025;521533;X;0;SPDT MICROSWITCH;X;X;X;;5,5 bar max;X;0
332;EMERSON;PemiAir 025;025;459122;X;0;0;X;X;0;X;0;X;0
333;ECONOSTO;ES65/A/N5;;9523070011;X;;;;;;X;10 bar max;X;
334;MASONEILAN;CAMFLEX II;114 mm;64-9532-01-1;;X;;;;;;1,4 bar;X;
335;MASONEILAN;Sigma F48-21114 ;220 mm;63 541502-1;X;0;0;0;0;0;;1,4 bar;X;0
336;VALMET METSO;BC 6/20;6;;;;;;;X;;8,3 bar max;;X
337;VALMET METSO;B1CU6/25;6/25;K01A12381884;0;0;0;0;0;X;;8,3 bar max;0;X
338;A.P.C.;R1 110;;68857;X;;;;;;X;;X;
339;A.P.C.;R1 110;;94283;X;;;;;;X;;X;
340;SAPAG;SP 15;15;7802089;0;0;0;0;0;X;;8 bar max;0;0
341;SAPAG;SP 15;15;7802093;0;0;0;0;0;X;;8 bar max;0;0
342;SAPAG;SP 15;15;07802092;0;0;0;0;0;X;;8 bar max;0;0
343;CCI VALVE;SC/V;0;A23947SE-01;0;X;0;0;0;0;X;7 BAR MAX;0;X
344;A.P.C.;M 160;;68928;X;;;;;;X;;X;
345;A.P.C.;M 160;;68927;X;;;;;;X;;X;
346;SCHLUMBERGER SEREG VANNES;;;20447;X;;;;;X;;1,4 bar;X;
347;;;;;;;;;;;;;;
348;SAPAG;;;;;;;;;;;;;
349;SAPAG;SP 28;28;PAS DE PLAQUE;0;X;0;0;0;X;;8 bar max;X;0
350;SAPAG;SP 28;28;71001255;0;X;0;0;0;X;;8 bar max;X;0
351;SAPAG;SP 75;75;71500600;0;X;0;0;0;X;;8 bar max;X;0
352;;PE750/A/N12;;9525740017;;X;;;;;X;10 bar max;X;
353;SAPAG;SR60-6/5;60;05/12294;0;X;LIMITBOX P6;X;X;0;X;10 bar max;X;0
354;EMERSON;PremiAir 009;009;082436;;;IFM IS-5026;X;X;;X;;;X
355;EMERSON;PremiAir 045;045;457256;X;0;0;X;X;X;;5,5 bar max;X;0
356;EMERSON;790-024S;024;271281;X;;IFM IS-5026;X;X;X;;5,5 bar;X;
357;EMERSON;F89E-020 SR08;020;0076286;X;;IFM IS-5026;X;X;X;;5,5 bar;X;
358;0;B1JVAU10/20;0;0;X;0;0;X;X;0;0;0;X;0
359;0;B1JVAU10/20;0;0;X;0;0;X;X;0;X;0;X;0
360;0;B1JVAU10/20;0;0;X;0;0;X;X;0;X;0;X;0
361;0;B1JVAU10/20;0;0;X;0;0;X;X;0;X;0;X;0
362;0;B1JVAU10/20;0;0;X;0;0;X;X;0;X;0;X;0
363;0;B1JVAU10/20;0;0;X;0;0;X;X;0;X;0;X;0
364;VALMET METSO;B1CU6/25;6/25;K01A12381773;0;0;SOLAR SR33B5HDN;X;X;X;;8,3 bars max;0;X
365;EMERSON; 976-090S;090;268046;X;;IFM IS-5026;X;X;X;;5,5 bar;X;
366;EMERSON; 976-090S;090;271284;X;;IFM IS-5026;X;X;X;;5,5 bar;X;
367;VALMET METSO;BJA 10/40;10/40;0;X;0;0;0;0;0;;8,3 bars max;X;0
368;AMRI KSB;Dynactair;25;9973719748/200;X;0;AMTROBOX;X;X;X;;8 bar max;X;0
369;AMRI KSB;Dynactair;25;9973719748/200;X;0;AMTROBOX (IS5026);X;X;X;;8 bar max;X;0
370;AMRI KSB;Dynactair;25;9973719748/200;X;0;AMTROBOX (IS5026);X;X;X;;8 bar max;X;0
371;;;;;;;;;;;;;;
372;;;;;;;;;;;;;;
373;;;;;;;;;;;;;;
374;;;;;;;;;;;;;;
375;;;;;;;;;;;;;;
376;;;;;;;;;;;;;;
377;;;;;;;;;;;;;;
378;MECA INOX;ACTAIR R1120 1;3;76048avr.-00452/0120;;;;;;;X;10 bar max;;X
379;AMRI KSB;ACTAIR  R1122 1;12;76109407/0320;0;0;0;0;0;0;X;10 bar max;0;X
380;MECA INOX;ACTAIR R1120 1;3;76048452/0120;;;;;;;X;10 bar max;;X
381;AMRI KSB;ACTAIR 12;12;76048483/320;;;;;;X;;10 bar max;;X
382;MASONEILAN;Camflex II;152 mm;62-5370-02-2;0;X;0;0;0;0;;1,4 bar;x;0
383;SCHLUMBERGER SEREG VANNES;MAXFLO MTRD;SM3;T5540;X;;;;;;;3 bar;X;
384;AMRI KSB;ACTAIR 6 ;6;760177,258333333;;;;;;X;;10 bar max;;X
385;VALMET METSO;B1JAU8/35;35;D01A12070531;X;0;0;0;0;X;;8 bar max;X;0
386;VALMET METSO;B1JAU8/35;35;D01A12070529;X;0;0;0;0;X;;8 bar max;X;0
387;MASONEILAN;CAMFLEX II ;152 mm;63-5415-06-1;;X;;;;;;1,4 bar;X;
388;AMRI KSB;ACTAIR 25 R1123 1;0;76109 407/0220;0;x;0;0;0;0;;0;0;x
389;EMERSON;790-024;24;234997;;;;;;X;;10 bar max;;X
390;VALMET METSO;B1JAU8/35;35;D01A12070530;X;0;0;0;0;X;;8 bar max;X;0
391;AMRI KSB;ACTAIR 25 R1123 1;0;761091407/0120;0;X;0;0;0;X;;2,5 bar;0;X
392;VALMET METSO;BC 6/25;6;0;0;0;0;0;0;X;;8,3 bar max;0;X
393;VALMET METSO;BC 12/25;12/25;;;;;;;X;;10 bar max;;X
394;AMRI KSB;ACTAIR;25;76045403/0320;;;;;;X;;10 bar max;;X
395;SOMAS;E 400;;04011;;;;;;;X;;X;
396;EMERSON;PremiAir 004;004;652707;0;0;0;0;0;0;X;0;0;X
397;EMERSON;PremiAir;004;416641;0;0;0;0;0;0;X;0;0;X
398;VALMET METSO;BC 12/25;12;;;;;X;X;;X;10 bar max;;X
399;AMRI KSB;ACTAIR R11211;6;76048483/0120;;;;;;;X;10 bar max;;X
400;IFC Valve;Série 1121;0;0;0;0;XS618B1MAL2;X;X;X;;6 bar max;0;X
401;NAF AB;791282-2230;0;34203;0;X;0;0;0;X;;0;0;X
402;VALMET METSO;BCM 16/55;16;0;0;0;0;0;0;X;;0;0;X
403;AMRI KSB;ACTAIR;3;0;0;0;IS 5026;X;X;X;;8 bar max;0;X
404;AMRI KSB;ACTAIR ;3;0;0;0;IS 5026;X;X;X;;8 bar max;0;X
405;AMRI KSB;ACTAIR;6;0;0;0;IS 5026;X;X;X;;8 bar max;0;X
406;AMRI KSB;ACTAIR ;3;0;0;0;IS 5026;X;X;X;;8 bar max;0;X
407;AMRI KSB;ACTAIR;12;R1122;0;0;IS 5026;X;X;X;;8 bar max;0;X
408;AMRI KSB;ACTAIR;12;0;0;0;IS 5026;X;X;X;;8 bar max;0;X
409;AMRI KSB;ACTAIR;6;0;0;0;IS 5026;X;X;X;;8 bar max;0;X
410;AMRI KSB;ACTAIR;6;0;0;0;IS 5026;X;X;X;;8 bar max;0;X
411;AMRI KSB;ACTAIR;6;0;0;0;IS 5026;X;X;X;;8 bar max;0;X
412;AMRI KSB;ACTAIR;6;0;0;0;IS 5026;X;X;X;;8 bar max;0;X
413;SAPAG;DP;1;71000954;0;0;0;0;0;X;;8 bar max;0;X
414;SAPAG;DP;1;7100928;0;0;0;0;0;X;;8 bar max;0;X
415;AMRI KSB;ACTAIR 25;25;9972140750/0700;0;0;0;0;0;X;;8 bar max;0;X
416;VALMET METSO;B1CU13/55;13;D01A11020562;0;0;0;0;0;X;;8,3 bars max;0;X
417;VALMET METSO;B1CU6/25;6;K01A12381660;X;0;0;0;0;X;;8,3 bar max;X;0
418;MASONEILAN;Camflex II;152 mm;F-12-215682-004-01;0;X;0;0;0;0;;1,4 bar;X;0
419;VALMET METSO;B1CU;13/25;D01A15111947;0;0;EN33A050M;X;X;X;;8,3 bars max;0;x
420;AMRI KSB;ACTAIR;12;0;0;0;IS 5026;X;X;X;;8 bar max;0;X
421;AMRI KSB;ACTAIR;12;0;0;0;IS 5026;X;X;X;;8 bar max;0;X
422;AMRI KSB;ACTAIR;3;0;0;0;IS 5026;X;X;X;;8 bar max;0;X
423;AMRI KSB;ACTAIR;3;0;0;0;IS 5026;X;X;X;;8 bar max;0;X
424;AMRI KSB;ACTAIR;6;0;0;0;IS 5026;X;X;X;;8 bar max;0;X
425;AMRI KSB;ACTAIR;6;0;0;0;IS 5026;X;X;X;;8 bar max;0;X
426;AMRI KSB;ACTAIR;6;0;0;0;IS 5026;X;X;X;;8 bar max;0;X
427;AMRI KSB;ACTAIR;6;0;0;0;IS 5026;X;X;X;;8 bar max;0;X
428;AMRI KSB;ACTAIR 100 R1125.1;100;76048483/0220;0;0;0;0;0;X;;10 bar max;0;X
429;VALMET METSO;BCM 12/25;12;359213;;;;;;;;10 bar max;;X
430;AMRI KSB;ACTAIR 6;6;RH01121 111011;0;0;0;0;0;X;;10 bar max;0;X
431;AMRI KSB;ACTAIR 100;100;9972324707/400;0;0;AMTROBOX;X;X;X;;8 bar max;0;X
432;AMRI KSB;ACTAIR 100;100;9972324707/400;0;0;AMTROBOX;X;X;X;;8 bar max;0;X
433;AMRI KSB;Actair ;50;0;0;0;Amtrobox;X;X;X;;8 bar max;0;X
434;AMRI KSB;Actair;50;0;0;0;Amtrobox;X;X;X;;8 bar max;0;X
435;VALMET METSO;BC 16/40;16;0;0;X;0;X;X;X;;10 bar max;0;X
436;AMRI KSB;régulactair;0;0;0;0;0;0;0;x;0;0;0;x
437;VALMET METSO;BC1U 13/25E;13;;;;;;;X;;3 bar;;X
438;VALMET METSO;B1CU13/35;13/35;D01A12170492;0;0;0;0;0;X;;8 bar max;0;X
439;CCI VALVE;840 H;250;D60901-01;0;X;Honeywell;X;X;X;;5 bar max;X;0
440;EMERSON;F79D-003M;003;641160;;;;;;;X;10 bar max;;X
441;MASONEILAN;CAMFLEX II;114 mm;F-12-215682-001-05;0;X;0;0;0;X;0;1,4 bar;X;0
442;;F79D-003M;003;729672;;;;;;;;;;
443;MASONEILAN;CAMFLEX II;114 mm;F-12-215682-001-06;0;X;0;0;0;X;0;1,4 bar;X;0
444;;;;;;;;;;;;;;
445;MASONEILAN;CAMFLEX II;114 mm;F-12-215682-001-03;0;X;0;0;0;X;0;1,4 bar;X;0
446;;;;;;;;;;;;;;
447;MASONEILAN;CAMFLEX II;114 mm;F-12-215682-001-04;0;X;0;0;0;X;0;1,4 bar;X;0
448;;;;;;;;;;;;;;
449;MASONEILAN;CAMFLEX II;114 mm;F-12-215682-001-01;0;X;0;0;0;X;0;1,4 bar;X;0
450;MASONEILAN;CAMFLEX II;114 mm;F-12-215682-001-02;0;X;0;0;0;X;0;1,4 bar;X;0
451;MASONEILAN;CAMFLEX II;0;F-13-218071-001-01;0;X;0;0;0;X;0;1,4 bar Max;X;0
452;MASONEILAN;CAMFLEX II;0;F-13-218071-001-02;0;X;0;0;0;X;0;1,4 bar Max;X;0
453;MASONEILAN;CAMFLEX II;0;F-13-218071-001-03;0;X;0;0;0;X;0;1,4 bar Max;X;0
454;EMERSON;F79D-003M;003;641167;;;;;;;X;10 bar max;;X
455;MASONEILAN;VARIPAK;0;F-12-217061-001-1;0;X;0;0;0;0;;2,1 bar;X;0
456;VALMET METSO;B1CM9/35Z;9;S0353432003VEN;;;Boitier NI 7201/XS;X;X;;;;;X
457;0;SPLD;0;0;0;0;IFM IS-5026;x;x;x;0;5 bar;0;x
458;VALMET METSO;B1CM13/55Z;13;;;;Boitier NI 7201/XS;X;X;;;8 bar max;;X
459;;SPLD;;;;;IFM IS-5026;x;x;x;;5 bar;;x
460;VALMET METSO;B1CM13/55Z;13;50353432002VEN;;;Boitier NI 7201/XS;X;X;;;;;X
461;;SPLD;;;;;IFM IS-5026;x;x;x;;5 bar;;x
462;VALMET METSO;BC1CM17/55Z;17;50353432001VEN;;;Boitier NI 7201/XS;X;X;;;8,5 bar;;X
463;;SPLD;;;;;IFM IS-5026;x;x;x;;5 bar;;x
464;VALMET METSO;B1CM13/55Z;13;;;;Boitier NI 7201/XS;X;X;;;8 bar max; ;X
465;CORRI SERVAIS;0;0;0;0;0;IFM IS-5026;X;X;X;0;0;0;X
466;VALMET METSO;B1CM13/55Z;13;;;;Boitier NI 7201/XS;X;X;;;8 bar max; ;X
467;CORRI SERVAIS;;;;;;IFM IS-5026;X;X;X;;;;X
468;VALMET METSO;B1CU 6/25;6/25;K01A07382239;0;0;0;0;0;X;;8,3 bar max;0;X
469;VALMET METSO;B1CU 6/25;6/26;K01A07382280;0;0;0;0;0;X;;8,3 bar max;0;X
470;MASONEILAN;Minitork II;;;;x;;;;X;;;X;
471;VALMET METSO;B1JAU10/40;10/40;A01A19041807;X;0;I/56;X;X;X;0;8,5 b max;X;0
472;MASONEILAN;CAMFLEX II;178 mm;F-12-215682-002-1;X;;;;;;;2,1 bar;X;
473;;;;;;;;;;;;;;
474;MASONEILAN;CAMFLEX II;178 mm;F-12-215682-003-1;X;;;;;;;2,1 bar;X;
475;;;;;;;;;;;;;;
476;VALMET METSO;BC 16/55;16;0;0;0;0;0;0;X;;10 bar max;0;X
477;SCHLUMBERGER SEREG VANNES;MAXFLO;SM3;T 5539;X;;;;;;;3 bar;X;
478;AMRI KSB;ACTAIR 25;25;76011971/0220;0;0;0;0;0;X;;10 bar max;0;X
479;VALMET METSO;B1CU6/25;6/25;K01A12381885;0;0;0;0;0;X;;8,3 bar max;0;X
480;VALMET METSO;B1CU6/25;6/25;K01A12381883;0;0;0;0;0;X;;8,3 bar max;0;X
481;;;;;;;;;;;;;;
482;SCHLUMBERGER SEREG VANNES;MAXFLO MTPD;SM3;T5549;X;0;0;0;0;0;;0;X;0
483;SCHLUMBERGER SEREG VANNES;MAXFLO;SM3;T 5551;X;;;;;;;3 bar;X;
484;SCHLUMBERGER SEREG VANNES;MAXFLO;SM3;T 5550;X;;;;;;;3 bar;X;
485;VALMET METSO;B1CU 11/40;40;D01A095 1026; ;;;;;X;;8 bar; ;X
486;VALMET METSO;B1JARU 8/25;8/25;C0022575;X;0;I/56;X;X;X;0;8,5 b max;X;0
487;VALMET METSO;BC 12/25;12;;;;;;;X;;10 bar max;;X
488;MASONEILAN;Minitork II;445;06-410101-1;;X;;;;;;2,4 bar;X;
489;MASONEILAN;Camflex II;152 mm;62-5370-02-1;0;X;0;0;0;0;;1,4 bar;X;0
490;EMERSON;PremiAir 009;009;082422;;;IS 5026;X;X;X;;;;X
491;VALMET METSO;10/35;10;92571/001/2;;;;;;X;;10 bar max;;X
492;0;B1JVAU8/25;0;0;X;0;0;X;X;0;0;0;X;0
493;EMERSON;F79E-024M;024;350732;X;;;;;X;;5,5 bar;X;
494;VALMET METSO;BC 6/15;6;0;0;0;0;0;0;X;;8,3 bar max;0;X
495;VALMET METSO;BCM 12/25;0;0;0;0;0;0;0;0;X;0;0;X
496;EMERSON;F79E-024M;024;350714;;X;;;;X;;5,5 bar;X;
497;VALMET METSO;B1CU13/55;13/55;D01A12210274;0;0;0;0;0;X;;8,3 bars max;0;X
498;AMRI KSB;Régulactair 61c;61 C;0;0;0;0;0;0;0;X;3 - 6 bar;0;X
499;CCI VALVE;STI SC/V 200-65;200;0;0;0;0;0;0;X;;0;0;X
500;AMRI KSB;Régulactair 31C;31 C;0380629;;;;;;X;;3 bar;;X
501;SAPAG;SNH 60/12;60/12;164933.013;0;X;0;0;0;X;;8 bar max;X;0
502;SAPAG;SNH 60/12;0;9511/164933-017;0;X;0;0;0;X;;8 bar max;X;0
503;0;0;15;0;0;X;0;0;X;0;X;0;X;0
504;;;;;;;;;;;;;;
505;SAPAG;;15;;;X;;;;;X;8 bar max;X;
506;;;;;;;;;;;;;;
507;;;;;;;;;;;;;;
508;;;;;;;;;;;;;;
509;EMERSON;F89E-032 DA;32;;;;TVF-N2WGNMM00000N031;X;X;;X;8 bar max;;X
510;EMERSON;F79E-036M;36;;;;IFM V3 NAMUR;X;X;;X;8 bar max;;X
511;CORRI SERVAIS; FIG VPZZ600T1;150;0;0;0;IFM IS-5026;X;X;X;0;5 bar;0;X
512;0;B1CU17/55;0;0;0;0;0;X;X;0;X;0;0;X
513;VALMET METSO;B1CU 11/40;11/40;D01A18410953;0;X;0;X;X;0;X;8,5 b max;0;X
514;AMRI KSB;Régulactair 101C;;R744 88721;;;;;;;;3 - 12 bar;;X
515;VALMET METSO;B1CU13/55;13/55;J01A21510826;0;0;0;0;0;0;0;0;0;0
516;VALMET METSO;B1CU13/55;13/55;J01A22010342;0;0;0;0;0;0;0;0;0;0
517;VALMET METSO;B1CU13/55;13/55;J01A21510817;0;0;0;0;0;0;0;0;0;0
518;VALMET METSO;B1CU13/55;13/55;J01A22010334;0;0;0;0;0;0;0;0;0;0
519;VALMET METSO;B1CU13/55;13/55;J01A21510818;0;0;0;0;0;0;0;0;0;0
520;;CAMFLEX II 35-35202;"114 mm (4""1/2)";02-4848-01-1;0;X;0;0;0;0;;1,8 bar;X;0
521;;CAMFLEX II 35-35202;"114 mm (4""1/2)";0;0;X;0;0;0;0;;1,8 bar;X;0
522;EMERSON;PremiAIr 004;4;S/NO 3416638;0;0;0;0;0;X;;8,5 bar;0;X
523;EMERSON;PremiAIr 004;4;S/NO 3416638;0;0;0;0;0;X;;8,5 bar;0;X
524;EMERSON;PremiAIr 004;4;S/NO 3416638;;;;;;;X;8 bar;;X
525;EMERSON;PremiAIr 004;4;S/NO 3416638;;;;;;;X;8 bar;;X
526;EMERSON;796 002;002;418319;0;0;0;0;0;X;;8 bar max;0;X
527;VALMET METSO;B1CU 6/15;6/15;D01A18380487;0;X;0;X;X;0;X;8,5 bars max;0;X
528;;;;;;;;;;;;;;
529;EMERSON;796 002;;;;;;;;;x;7 bar;;X
530;EMERSON;796 002;;;;;;;;;x;7 bar;;X
531;EMERSON;796 002;;;;;;;;;;;;
532;EMERSON;760 002;0;0;0;0;0;0;0;0;;7 bar;0;X
533;EMERSON;760 002;0;0;0;0;0;0;0;0;;7 bar;0;X
534;EMERSON;PremiAIr 004;4;S/NO 3416638;0;0;0;0;0;X;;8,5 bar;0;X
535;EMERSON;PremiAIr 004;4;S/NO 3416638;0;0;0;0;0;X;;8,5 bar;0;X
536;EMERSON;PremiAIr 004;4;S/NO 3416638;;;;;;;;8 bar;;X
537;EMERSON;PremiAir 004;4;S/NO 3416638;;;;;;;X;8 bar;;X
538;EMERSON;F79E-006M;006;305896;0;0;0;0;0;X;;8 bar max;0;X
539;EMERSON;F89E-052-NO;052;0097647;;;;X;X;;X;10 bar max;;X
540;EMERSON;796-036;036;;;;IFM IS-5026;X;X;;X;10 bar max;;X
541;EMERSON;796-024;;;;;;X;X;;X;10 bar max;;X
542;EMERSON;F79E-065;65;67420;0; ;IFM;X;X;X;;8 bar max; ;X
543;EMERSON;796-036;036;;;;IFM IS-5026;X;X;;X;10 bar max;;X
544;EMERSON;796-036;;;;;;X;X;;X;10 bar max;;X
545;EMERSON;796-036;;;;;;X;X;;X;10 bar max;;X
546;EMERSON;796-036;036;;;;IFM IS-5026;X;X;;X;10 bar max;;X
547;EMERSON;F79E-036;36;49284;0; ;IFM;X;X;X;;8 bar max; ;X
548;EMERSON;796-024;024;;;;IFM IS-5026;X;x;;x;8 bar max;;X
549;EMERSON;796-024;024;;;;IFM IS-5026;X;X;;X;8 bar max;;X
550;;;;;;;;;;;;;;
551;EMERSON;F79E-036;36;49291;0; ;IFM;X;X;X;;8 bar max; ;X
552;EMERSON;796-024;024;;;;IFM IS-5026;X;X;;X;8 bar max;;X
553;EMERSON;F89E-020;020;0222301;;;IFM IS-5026;X;X;;X;8 bar max;;X
554;EMERSON;796-024;024;;;;IFM IS-5026;X;X;;X;8 bar max;;X
555;EMERSON;F79E-024M;024;;;;IFM IS-5026;X;X;;X;10 bar max;;X
556;EMERSON;F89E-020;020;0129242;0;0;Tyco IFM IS- 5026;X;X;0;X;10 bar;0;X
557;EMERSON;79E 36M;36;347940;0;0;IFM;x;x;X;;8 bar max;0;X
558;EMERSON;796-036;;;;;;X;X;;X;10 bar max;;X
559;EMERSON;796-036;036;;;;IFM IS-5026;X;X;;X;10 bar max;;X
560;EMERSON;796-036;;;;;;X;X;;X;10 bar max;;X
561;EMERSON;796-036;036;;;;IFM IS-5026;X;X;;X;8 bar max;;X
562;EMERSON;796-036;036;;;;IFM IS-5026;X;X;;X;10 bar max;;X
563;EMERSON;796-036;036;;;;IFM IS-5026;X;X;;X;10 bar max;;X
564;EMERSON;F79E-036M;036;354835;;;IFM IS-5026;X;X;;X;10 bar max;;X
565;EMERSON;79E-06501XXOPM00;065;781038;0;0;IFM IS-5026;X;X;X;;8 bar max;0;X
566;EMERSON;796-024;024;;;;IFM IS-5026;X;X;;X;8 bar max;;X
567;EMERSON;F79E-036;36;49281;0; ;IFM;X;X;X;;8 bar max; ;X
568;EMERSON;796-024;024;;;;IFM IS-5026;X;X;;X;10 bar max;;X
569;EMERSON;796-024;024;;;;IFM IS-5026;X;X;;X;8 bar max;;X
570;EMERSON;F79E;024;;;;HK-14;X;X;;X;8 bar max;;X
571;EMERSON;796-024;024;;;;IFM IS-5026;X;X;;X;8 bar max;;X
572;EMERSON;796-024;024;;;;IFM IS-5026;X;X;;X;10 bar max;;X
573;EMERSON;F79E-024M;024;359135;;;IFM IS-5026;X;X;;X;10 bar max;;X
574;EMERSON;F79E-036M;036;747577;0;0;Tyco IFM IS- 5026;X;X;0;X;10 bar;0;X
575;VALMET METSO;B1CU 6/15;6/15;T4005753599,01;0;X;QN2NK05HDM;x;x;0;x;6 bar max;0;X
576;VALMET METSO;B1CU 6/15;6/15;T4005753601.01;0;X;QN2NK05HDM;X;X;0;X;6 bar max;0;X
577;VALMET METSO;B1CU 6/15;6/15;T4005753602.01;0;X;QN2NK05HDM;X;X;0;X;6 bar max;0;X
578;VALMET METSO;B1CU 6/15;6/15;T4005753603.01;0;X;QN2NK05HDM;X;X;0;X;6 bar max;0;X
579;VALMET METSO;B1CU 6/15;6/15;T4005753604,01;0;X;QN2NK05HDM;X;X;0;X;6 bar max;0;X
580;TECOFI;;>125;;;;;;;;;5-7 bar;;
581;TECOFI;;>125;;;;;;;;;5-7 bar;;
582;;;;;;;;;;;;;;
583;;;;;;;;;;;;;;
584;TECOFI;;>125;;;;;;;;;5-7 bar;;
585;;;;;;;;;;;;;;
586;TECOFI;;>125;;;;;;;;;5-7 bar;;
587;;;;;;;;;;;;;;
588;EMERSON;F89E-006 DA;;2032445;;;;;;;;8,3 bar max;;
589;;;;;;;;;;;;;;
590;EMERSON;F89E-014 DA;;2024607;;;;;;;;8,3 bar max;;
591;EMERSON;F89E-014 DA;;2024607;;;;;;;;8,3 bar max;;
592;EMERSON;F89D-141 DA;;2020103;;;;;;;;?;;
593;EMERSON;F89E-006 DA;;2032443;;;;;;;;8,3 bar max;;
594;EMERSON;F89D-004 DA;;2025829;;;;;;;;8,3 bar max;;
595;EMERSON;F89D-004 DA;;2025832;;;;;;;;8,3 bar max;;
596;EMERSON;F89D-004 DA;;2024102;;;;;;;;8,3 bar max;;
597;VALMET METSO;ND9100/I56;;;;;;;;;;8,5 bar max;;
598;VALMET METSO;ND9100/I56;;;;;;;;;;8,5 bar max;;
599;;;;;;;;;;;;;;
600;TECOFI;;>125;;;;;;;;;5-7 bar;;
601;;;;;;;;;;;;;;
602;EMERSON;F89D-004 DA;;2025830;;;;;;;;8,3 bar max;;
603;EMERSON;F89D-004 DA;;2025827;;;;;;;;8,3 bar max;;
604;EMERSON;F89D-004 DA;;2025837;;;;;;;;8,3 bar max;;
605;TECOFI;;>125;;;;;;;;;5-7 bar;;
606;TECOFI;;>125;;;;;;;;;5-7 bar;;
607;TECOFI;;>125;;;;;;;;;5-7 bar;;
608;TECOFI;;>125;;;;;;;;;5-7 bar;;
609;TECOFI;;>125;;;;;;;;;5-7 bar;;
610;TECOFI;;>125;;;;;;;;;5-7 bar;;
611;TECOFI;;>125;;;;;;;;;5-7 bar;;²
612;EMERSON;F89D-085 DA;;0179032;;;;;;;;8,3 bar max;;
613;EMERSON;F89D-085 DA;;0055990;;;;;;;;8,3 bar max;;
614;;;;;;;;;;;;;;
615;;;;;;;;;;;;;;
616;;;;;;;;;;;;;;
617;;;;;;;;;;;;;;
618;;;;;;;;;;;;;;
619;;;;;;;;;;;;;;
620;;;;;;;;;;;;;;
621;;;;;;;;;;;;;;
622;;;;;;;;;;;;;;
623;;;;;;;;;;;;;;
624;;;;;;;;;;;;;;
625;;;;;;;;;;;;;;
626;;;;;;;;;;;;;;
627;;;;;;;;;;;;;;
628;;;;;;;;;;;;;;
629;AMRI KSB;ACTAIR R1122 1;12;76168514/0120;0;0;LEF 430-00-22-16-01-F05-LC1;X;X;0;X;10 bar max;0;X
630;AMRI KSB;ACTAIR R1122 1;12;76168514/0120;0;0;LEF 430-00-22-16-01-F05-LC1;X;X;0;X;10 bar max;0;X
631;AMRI KSB;ACTAIR R1122 1;12;76168514/0120;0;0;LEF 430-00-22-16-01-F05-LC1;X;X;0;X;10 bar max;0;X
632;AMRI KSB;ACTAIR R1122 1;12;76168514/0120;0;0;LEF 430-00-22-16-01-F05-LC1;X;X;0;X;10 bar max;0;X
633;MASONEILAN;;0;63.541505-1;0;X;0;0;0; ;X;1,4 bar;0;0
634;MASONEILAN;0;0;64-9648-01-1;0;X;0;0;0;X;0;2,1 bar;X;0
635;MASONEILAN;CAMFLEX II;0;62-5571-02-1;0;X;0;0;0;X;0;1,4 bar;X;0
636;MASONEILAN;0;0;62-8734-05-1;0;0;0;0;0;X;0;1,4 bar;X;0
637;VALMET METSO;BC 6/25;0;0;0;0;0;0;0;0;0;0;0;X
638;SCHLUMBERGER SEREG VANNES;Maxflo ;0;T 4570;0;X;0;0;0;X;0;1.4 bar;X;0
639;MASONEILAN;CAMFLEX II;;F-10-,212500-001-03;0;X;0;0;0;X;0;1,4 bar;X;0
640;MASONEILAN;CAMFLEX II;0;02-4848-01-1;0;X;0;0;0;X;0;1,8 bar;X;0
641;MASONEILAN;CAMFLEX II;0;02-4848-01-2;0;X;0;0;0;X;0;1,8 bar;X;0
642;0;8013-357;0;62-873404-1;0;0;0;0;0;0;0;1,4 BAR;0;0
643;SAPAG;SP 15;0;7802089;0;0;0;0;0;0;0;8 bar max;0;0
644;MASONEILAN;CAMFLEX II;0;02-4848-01-1;0;X;0;0;0;X;0;1,8 bar;X;0
645;MASONEILAN;CAMFLEX II;0;02-4848-01-2;0;X;0;0;0;X;0;1,8 bar;X;0
646;VALMET METSO;B1CU;6/15;A01A04211408;0;0;0;0;0;X;;8,3 bar max;0;X
647;VALMET METSO;B1CU 6/25;6/25;K01A08263016;;;;;;X;;8,3 bar max;;X
648;VALMET METSO;B1CU 11/40;11/40;D01A09030104;0;0;0;0;0;X;;8,3 bars max;0;X
649;MASONEILAN;CAMFLEX II;114 mm;64-2408-03-1;;X;;;;;;1,4 bar;X;
650;MESTO;B1CU;17;0;0;;VALMET METSO;x;x;0;x;8,5 bars maxi;0;x
651;FISHER;1052;;EU 03195097;X;;;;;;;3,8 bar max;X;
652;FISHER;1052;33;EU03232878;X;;;;;;;3,8 bar max;X;
653;MASONEILAN;CAMFLEX II;114 mm;0;0;X;0;0;0;0;;1,4 bar;X;0
654;MASONEILAN;CAMFLEX II;114 mm;0;0;X;0;0;0;0;;1,4 bar;X;0
655;MASONEILAN;MiniTork II;0;0;0;X;0;0;0;X;0;1.5 bar;X;0
656;VALMET METSO;BC 6/15;6/15;0;0;0;0;0;0;0;X;8,5 B MAX;0;X
657;MASONEILAN;Minitork II;;37412;;X;;;;;;1,8 bar;X;
658;MASONEILAN;SIGMA F;0;48-21114;0;X;0;0;0;0;;1,4 bar;X;0
659;MASONEILAN;MiniTork II;0;0;0;X;0;0;0;X;;1,7 bar max;X;0
660;MASONEILAN;Sigma F48-21114 ;220 mm;63 541 504-1;X;0;0;0;0;0;;2,41 bar max;X;0
661;EMERSON;F79E-024M;24;337020;;X;;X;X;X;;6 bar max;X;
662;FISHER;1052;33;EU03271681;X;;;;;;;3,8 bar max;;
663;MASONEILAN;Micropak;0;04237501-1;0;X;0;0;0;0;;1,8 bar;X;0
664;ABO Valve;DR 00150U;0;16227260;0;0;0;0;0;X;;0;0;X
665;ABO Valve;DR 00150U;0;16227262;0;0;0;0;0;X;;0;0;X
666;VALMET METSO;B1CU13/55;13/55;D01A12170492;0;0;0;0;0;0;;8 bar max;0;X
667;SAPAG;DR 10-0;10;12/21530;;;;;;;X;10 bar max;;X
668;SCHLUMBERGER SEREG VANNES;Maxflo ;SM3;0;X;0;0;0;0;0;;3 bar max;X;0
669;MASONEILAN;CAMFLEX II;114 mm;64-2408-02-1;;X;;;;;;1,4 bar;X;
670;SAPAG;SR 20-0/5 ;20;05/12294;X;0;LIMITBOX P6;X;X;0;X;10 bar max;X;0
671;VALMET METSO;BC;12/25;;0;0;0;0;0;X;;10 bar max;0;X
672;SCHLUMBERGER SEREG VANNES;Maxflo ;SM3;T 5547;X;;;;;;;3 bar;X;
673;SCHLUMBERGER SEREG VANNES;Maxflo ;SM3;T 5543;X;;;;;;;3 bar;X;
674;MASONEILAN;0;0;21-7037-02;0;X;0;0;0;0;;2,7 bar;0;0
675;;CAMFLEX 35-35202;"152 mm (6"")";02-4848-02-1;0;X;0;0;0;0;;1,8 bar;X;0
676;MASONEILAN;CAMFLEX II 35-35202;"152 mm (6"")";02-4848-02-2;0;X;0;0;0;0;;1,8 bar;X;0
677;VALMET METSO;BC 6/25;6;;;;;;;X;;8,4 bar max;;X
678;CCI VALVE;SC/V;;A9600303;;X;;;;X;;7 bar max;;X
679;MASONEILAN;Sigma F48-21114;0;64-9270-01-1;X;0;0;0;0;0;;1,4 bar;X;0
680;MASONEILAN;Camflex II;152 MM;66-6939-01-1;;X;;;;;;1,4 bar;x;
681;VALMET METSO;BC 6/20;6;;;;;;;X;;8,5 bar;;X
682;CCI VALVE;0;0;A1704770;0;X;0;0;0;X;;150 PSI MAX;0;X
683;SAPAG;SR 60-6/5;60;0;0;X;LIMITBPX P6;X;X;0;X;10 bar max;X;0
684;EMERSON;790-024S;024; ;X;;IFM IS-5026;X;X;X;;5,5 bar;X;
685;MASONEILAN;;;;X;;;;;X;;1,4 bar;X;
686;EMERSON;PremiAir 025;0;451399;0;0;Tyco IFM IS- 5026;X;X;0;X;0;0;X
687;TECOFI;0;>125;0;0;0;0;0;0;0;0;5-7 bar;0;0
688;EMERSON;F89E-006  DA;0;2032964;0;0;0;0;0;0;X;8,3 bar Max;0;X
689;EMERSON;PremiAir  009;009;.082457;0;0;IS 5026;X;X;0;X;0;0;X
690;MASONEILAN;CAMFLEX II;0;F-12-215682-001-06;0;X;0;0;0;X;0;1,4 bar;X;0
691;0;CAMFLEX II;0;F-12-215682-001-02;0;X;0;0;0;X;0;1,4 bar;X;0
692;MASONEILAN;CAMFLEX II;0;F-13-218071-001-02;0;X;0;0;0;X;0;1,4 bar;X;0
693;MASONEILAN;CAMFLEX II;0;F-12-215682-001-04;0;X;0;0;0;X;0;1,4 bar;X;0
694;MASONEILAN;CAMFLEX II;0;F-13-218071-001-01;0;X;0;0;0;X;0;1,4 bar;X;0
695;MASONEILAN;CAMFLEX II;0;F-12-215682-001-01;0;X;0;0;0;X;0;0;X;0
696;MASONEILAN;CAMFLEX II;0;F-12-215682-001-05;0;X;0;0;0;X;0;1,4 bar;X;0
697;MASONEILAN;CAMFLEX II;0;F-13-218071-001-03;0;X;0;0;0;X;0;1,4 bar;X;0
698;MASONEILAN;CAMFLEX II;0;F-12-215682-001-03;0;X;0;0;0;X;0;1,4 bar;X;0
699;KEYSTONE;778-006;0;.049868;0;0;0;0;0;X;0;0;X;0
700;KEYSTONE;F79E-002;0;370892;0;0;0;0;0;0;X;830 Kpa Max;0;X
701;EMERSON;PremiAir 004;0;726381;0;0;0;0;0;0;X;0;0;X
702;SAPAG;0;0;21/25718;0;0;0;0;0;0;X;10 bar max;0;X
703;EMERSON;PremiAir 004;0;416621;0;0;0;0;0;0;X;0;0;X
704;EMERSON;F89E-004  DA;0;2089967;0;0;0;0;0;0;X;8,3 bar Max;0;X
705;KEYSTONE;F89E-004 DA;0;2128115;0;0;0;0;0;0;X;8,3 bar Max;0;X
706;EMERSON;F89E-014;0;2024616;0;0;IS 5026;X;X;0;X;0;0;X
707;EMERSON;DR 10-2 C11;0;23/26639;0;0;IS 5026;X;X;0;X;10 bar max;0;X
708;SAPAG;SR20-0/4;20;00/3452;0;;0;0;0;0;0;0;0;x
709;EMERSON;DR 20-0-0;0;21/25718;0;0;0;0;0;0;0;10 bar max;0;X
710;EMERSON;F79E;024;860118;;;;X;X;;X;8 bar max;;X
711;EMERSON;F79E;024;850063;;;;X;X;;X;8 bar max;;X
712;AMRI KSB;Régulactair;61 B;213092;0;X;0;0;0;X;0;3 - 9 bar;0;X
713;AMRI KSB;Dynactair;25;9972324707/600;X;0;Amtrobox;X;X; ;X;8 bar max; ;X
714;AMRI KSB;ACTAIR R1124;50;0;0;0;IFM IS-5026;X;X;0;X;5 bars mini;0;X
715;AMRI KSB;ACTAIR R1124;50;0;0;0;IFM IS-5026;X;X;0;X;5 bars mini;0;X
716;AMRI KSB;PA 30;30;1046;0;0;0;0;0;0;0;3-10 bar;0;X
717;NORBRO;4001 A;0;0;0;0;0;0;0;0;0;0;0;X
718;EMERSON;F79E;024;860112;0;0;0;0;0;0;X;8 b max;0;X
719;NORBRO;4001 A;0;0;0;0;0;0;0;0;0;0;0;X
720;EMERSON;796-003;003;0;0;0;0;0;0;X;;7 bar max;0;X
721;EMERSON;796-003;003;0;0;0;0;0;0;X;;7 bar max;0;X
722;EMERSON;796-003;003;0;0;0;0;0;0;X;;7 bar max;0;X
723;SAPAG;SP 15;15;.07802089;0;X;0;0;0; ;X;8 bar max;X;0
724;SAPAG;SNH 25/A/N3;25;9506460001;0;0;0;0;0;;;8 bar max;0;X
725;VALMET METSO;B1JAU10/40;10/40;D01A17260421;X;;0;0;0;X;;8,3 bars max;X;0
726;CGR;F79E 006;006;0;0;0;0;0;0;X;;8 bar max;0;X
727;CGR;F79E 006;006;1560861;0;0;0;0;0;X;;8 bar max;0;X
728;AMRI KSB;ACTAIR;25;76045403/0120;;;;;;X;;9 bar max;;X
729;EMERSON;PREMIAIR 009;009;082439;;;IS 5026;X;X;;X;;;X
730;SAPAG;SR 20-0/5;20;05/12294;X;0;LIMITBOX P6;X;X;0;X;0;X;0
731;AIR TORQUE;AT100DA F05-N-D-14;0;02016091 N;0;0;0;0;0;;X;6 bar;0;x
732;AIR TORQUE;AT101DA F05/F07-N-D-14;0;07306706;0;0;0;0;0;X;;8 bar max;0;X
733;AMRI KSB;ACTAIR 12;12;9972324707/ 700;0;0;Amtrobox;X;X;X;;8 bar max;0;X
734;AMRI KSB;ACTAIR 12;12;9972324707/ 700;0;0;Amtrobox;X;X;X;;8 bar max;0;X
735;SAPAG;DR 10-0;10;12/21530;;;;;;;X;10 bar max;;X
736;EMERSON;DR 10-0 C11;0;17/23713;0;0;0;0;0;X;;10 bar max;0;X
737;AMRI KSB;ACTAIR R1121;6;9972324707/800;0;0;AMTROBOX;X;X;X;;8 bar max;0;X
738;;PE750/A/N12;;9525740017;;X;;;;X;;10 bar max;X;
739;EMERSON;PREMIAIR 025;004;416620;0;0;0;0;0;0;X;0;0;X
740;SAPAG;SP28;60;.71000659;0;X;LIMITBOX P6;X;X;0;X;10 bar max;X;0
741;SAPAG;SR60-6/5;60;05/12294;0;X;LIMITBOX P6;X;X;0;X;10 bar max;X;0
742;EMERSON;F79E-006M;006;305897;0;0;0;0;0;0;X;0;0;X
743;EMERSON; 976-090S;090;278880;X;;IFM IS-5026;X;X;X;;5,5 bar;X;
744;EMERSON;F89E-006 DA;;2032459;;;ISO 5026;X;X;;;8,3 bar max;;X
745;EMERSON;F89E-020 SR08;;0153777;;;;X;X;;X;8,3 bar max;X;
746;EMERSON;PREMIAIR 025;025;;X;0;IS 5089;X;X;;X;8 bar max;X;0
747;EMERSON;F89E-020;020;0153775;;;ISO 5026;X;X;;x;8,3 bar max;x;
748;EMERSON;F89E-020 SR08;025;;X;0;;X;X;;x;8,3 bar max;X;0
749;EMERSON;PREMIAIR 025;0;0;X;0;0;X;X;0;X;8,3 bar max;X;0