NUM CORPS;FOURNISSEUR CORPS;TYPE CORPS;DN;PN;N° DE SERIE CORPS;CV;NORME BRIDES;CODE;MATIERE ARBRE;MATIERE SIEGE;MATIERE  ORG. REGLANT;M;MATIERE GARNITURES;TYPE GARNITURES
1;EMERSON;FIG 320-112 BODY-DI;50;ANSI 150;;;;778006237E00200;;EPDM collé;;;;
2;EMERSON;FIG 320-112 BODY-DI;50;ANSI 150;;;;778006237E00200;;EPDM collé;;;;
3;EMERSON;FIG 320-112 BODY-DI;50;ANSI 150;;;;778006237E00200;;EPDM collé;;;;
4;;;100;10;;;;;;;;;;
5;TECOFI;VANNE PELLE;150;10;0;0;0;0;INOX;JOINT NITRILE;INOX 316;INOX;TRESSE PTFE;VG6400
6;VALMET METSO;L12A;100;10;0;0;0;0;0;INCOLOY825;INOX 316SS;CF8M;0;0
7;EMERSON;FIG 14 102;100;10;0;0;0;0;0;EPDM;INOX;GG 25;;JOINT A LEVRES
8;AMRI KSB;GAMMA;200;10;;;;3T 6P 6 XA;;XA;INOX;FONTE GG25;;
9;AMRI KSB;Gamma;250;10;;;;;;EPDM CB;INOX;FONTE;;Joint torique
10;AMRI KSB;Gamma;100;10;0;0;0;V711 3T 6P 6X;0;0;0;0;0;0
11;TECOFI;VANNE PELLE;150;10;X;X;0;0;INOX;JOINT NITRITE;INOX 316;INOX;TRESSE PTFE;0
12;TECOFI;VANNE PELLE;150;10;0;0;0;0;INOX;JOINT NITRILE;INOX 316;INOX;TRESSE PTFE;VG6400
13;AMRI KSB;ISORIA 10;125;10;0;0;ISO PN10;3G 6K 6 CB;0;0;INOX;FONTE;0;
14;AMRI KSB;ISORIA 10;125;10;0;0;ISO PN10;3G 6K 6 CB;0;0;INOX;FONTE;0;
15;AMRI KSB;ISORIA 10;200;10;0;0;ISO PN10;3G 6K 6 CB;0;0;INOX;FONTE;0;
16;VALMET METSO;L12A350AA;350;25;J4005692579,02;0;0;0;INOX;INCOLOY825;316SS;0;0;0
17;VALMET METSO;L12A400AA;400;25;J4005710501,03;0;0;0;Inox;INCOLOY825;316SS;0;0;0
18;MASONEILAN;;50;10;;53;0;;0;STEL n°6;ANSI 316;0;0;0
19;MASONEILAN;0;80;10;0;145;0;0;0;ANSI 316 L STEL;ANSI 316;0;0;0
20;MASONEILAN;0;50;10;;53;0;;0;STEL n°6;ANSI 316;0;0;0
21;EMERSON;OPTISEAL FIG 14-102;150;10;0;0;0;0;0;0;Inox;JL 250;;JOINT A LEVRES
22;EMERSON;OPTISEAL FIG 14-102;150;10;0;0;0;0;0;0;0;0;0;0
23;EMERSON;OPTISEAL FIG 14-102;150;10;16/4235446;0;0;0;0;EPDM;0;FONTE;Joint à lèvre;0
24;EMERSON;OPTISEAL FIG 14-102;150;10;16/4235446;0;0;PRA02501XX0PM00;0;EPDM;0;FONTE;Joint à lèvre;0
25;0;0;200;10;0;0;0;0;0;0;PELLE;0;0;0
26;AMRI KSB;DANAIS 150;200;10;0;0;0;66E 6F B2B;0;0;CF8M;CF8M;0;0
27;EMERSON;FIG 14 102;150;10;;;;;INOX;EPDM;INOX;GJL-250;;
28;EMERSON;FIG 14 102;150;10;;;;;INOX;EPDM;INOX;GJL-250;;
29;EMERSON;FIG 14 102;150;10;;;;;INOX;EPDM;INOX;GJL-250;;
30;EMERSON;FIG 14 102;150;10;0;0;0;0;INOX;EPDM;INOX;GJL-250;0;0
31;EMERSON;OPTISEAL FIG 14-102;100;10;17/4414522;0;0;0;0;0;0;GJ 250;Joint à lèvre;0
32;EMERSON;OPTISEAL FIG 14-102;100;10;17/4414395;;;;;;;GJ 250;Joint à lèvre;
33;AMRI KSB;ISORIA 10;100;10;76140045/0110;;;2 M14 3G 6K6 XV;;XV;;;;
34;EMERSON;OPTISEAL FIG 14-102;100;10;17/4414522;0;0;0;0;0;0;GJ 250;Joint à lèvre;0
35;EMERSON;OPTISEAL FIG 14-102;100;10;17/4414309;;;;;;;GJ 250;Joint à lèvre;
36;AMRI KSB;DANAIS 150;200;10;0;0;0;16E 6FB;0;0;CF8M;FONTE;GRAPHITE;
37;AMRI KSB;DANAIS 150;200;10;;;;;;;;FONTE;;
38;AMRI KSB;DANAIS 150;200;10;;0;0;16E 6FB;0;;INOX;Fonte;;0
39;AMRI KSB;DANAIS 150;200;10;;0;0;16E 6FB;0;;INOX;Fonte;;0
40;AMRI KSB;DANAIS 150;200;10;0;0;0;16E 6FB;0;;INOX;Fonte;;0
41;AMRI KSB;DANAIS 150;200;10;;;;66E 6F B2B;;;CF8M;CF8M;;
42;EMERSON;FIG 14 222;200;10;;;;;inox;EPDM;INOX;FONTE GG25;Joint à lèvre;
43;EMERSON;FIG 14 222;200;10;;;;;Inox;EPDM;INOX;FONTE GG25;Joint à lèvre;
44;VALMET METSO;L12A150AA;150;10;0;0;0;0;INOX;INOX;INOX;INOX;0;0
45;AMRI KSB;ISORIA 10;150;10;1110175181;0;0;3G 6K 6XV;0;0;0;0;0;0
46;VALMET METSO;L12A150AA;150;10;0;0;0;0;INOX;INOX;INOX;INOX;0;0
47;EMERSON;FIG 9-102;150;10;0;0;0;0;Inox;EPDM;Inox;GG 25;Joint à lèvre;0
48;AMRI KSB;ISORIA 10;150;10;76140045/0110;;;2 M14 3G 6K6 XV;;XV;;;;
49;AMRI KSB;Isoria 10;100;10;9972324707/800;0;0;3G 6K 6XV;0;XV;0;0;0;0
50;AMRI KSB;Isoria 10;100;10;9972324707/800;0;0;3G 6K 6XV;0;XV;0;0;0;0
51;AMRI KSB;Isoria 10;100;10;9972324707/800;0;0;3G 6K 6XV;0;XV;0;0;0;0
52;AMRI KSB;Isoria 10;100;10;0;0;0;3G 6K 6XV;0;XV;0;0;0;0
53;AMRI KSB;Isoria 10;100;10;0;0;0;3G 6K 6XV;0;XV;0;0;0;0
54;AMRI KSB;ISORIA 10;100;10;0;0;0;3G 6K 6XV;0;XV;0;0;0;0
55;AMRI KSB;ISORIA 10;100;10;0;0;0;3G 6K 6XV;0;0;0;0;0;0
56;AMRI KSB;GAMMA;100;10;;;;;;XV;INOX;FONTE GG25;;
57;AMRI KSB;ISORIA 10;100;10;9974553509;0;0;3G 6K 6XV;0;XV;INOX;;0;0
58;AMRI KSB;ISORIA 10;100;10;0;0;0;3G 6K 6XV;INOX;XV;INOX;0;0;0
59;EMERSON;FIG 14 102;100;10;0;0;0;0;0;EPDM;INOX;GJL-250;0;0
60;EMERSON;FIG 14 102;100;10;0;0;0;0;0;EPDM;INOX;GJL-250;0;0
61;EMERSON;FIG 14 102;100;10;0;0;0;0;0;EPDM;INOX;GJL-250;0;0
62;EMERSON;OPTISEAL FIG 14-102;100;10;16/4342558;0;0;0;0;0;0;GGL 250;joint à lèvre;0
63;EMERSON;OPTISEAL FIG 14-102;100;10;03/284319;;;PRA00901XXOPM00;INOX;EPDM;INOX;EN-GJL-250;Joint à lèvre;
64;EMERSON;OPTISEAL FIG 14-102;100;10;0;0;0;0;0;0;0;GGL 250;joint à lèvre;0
65;EMERSON;OPTISEAL FIG 14-102;100;10;16/43422998;0;0;0;0;0;0;GGL 250;joint à lèvre;0
66;VALMET METSO;NELDISC;100;ANSI 150;;0;0;L1CMA04 AACK;F316;ULTIMET;316 SS;CF8M;PTFE;250865
67;PROCOM;0;20;0;0;0;FF 3/4 G;PCSFDV_020_2_1_4_AP2S;0;PTFE;0;AISI 316;0;0
68;PROCOM;0;20;0;0;0;FF 3/4 G;PCSFDV_020_2_1_4_AP2S;0;PTFE;0;AISI 316;0;0
69;PROCOM;0;20;0;0;0;FF 3/4 G;PCSFDV_020_2_1_4_AP2S;0;PTFE;0;AISI 316;0;0
70;PROCOM;0;20;0;0;0;FF 3/4 G;PCSFDV_020_2_1_4_AP2S;0;PTFE;0;AISI 316;0;0
71;AIR TORQUE;Starline 233 SGS;40;40;0;0;PBR2 1 1/2;0;0;PTFE chargé;F 316;A 105N;PTFE chargé;0
72;MASONEILAN;29000;0;ANSI 1500LB;0;2,3;Taraudée 34 mm;0;0;0;0;316;PTFE;0
73;MASONEILAN;29000;0;ANSI 1500LB;06.484801-1;2,3;Taraudée 34 mm;0;0;0;0;316;PTFE KEVELAR;0
74;VALMET METSO;REMA040AJJST;40;40;MA0204842;;;;329SS;STELLITE;329SS;CF8M;;
75;MASONEILAN;35-35212;25;100;F-10-212500-001-01;15;0;0;ANSI 316;STEL n°6;0;A351 GR CF8M;0;0
76;MASONEILAN;35-35216;25;100;F-10-212500-001-02;15;0;0;ANSI 316;STEL n°6;STEL 6;A351 GR CF8M;0;0
77;SAPAG;RTS 68411;20;80;14/689228 3;0;Taraudé 3/4;0;GX2CrNiMo 17-12-2;PTFE;GX2CrNiMo 17-12-2;GP 240 GH;PTFE/CARB 25%;0
78;SAPAG;RTS 68411;20;80;14/689228 1;0;Taraudé 3/4;0;GX2CrNiMo 17-12-2;PTFE;GX2CrNiMo 17-12-2;GP 240 GH;PTFE/CARB 25%;0
79;SAPAG;P6A;20 I;115;0;0;0;0;0;PTFE C;0;316 L;0;0
80;SAPAG;P6A;20 I;115;0;0;0;0;0;PTFE C;0;316 L;0;0
81;SAPAG;P6A;20 I;115;0;0;0;0;0;PTFE C;0;316 L;0;0
82;SAPAG;RTS 68411;20;80;14/689228 5;0;Taraudé 3/4;0;GX2CrNiMo 17-12-2;PTFE;GX2CrNiMo 17-12-2;GP 240 GH;PTFE/CARB 25%;0
83;SAPAG;RTS 68411;20;80;14/689228 6;0;Taraudé 3/4;0;GX2CrNiMo 17-12-2;PTFE;GX2CrNiMo 17-12-2;GP 240 GH;PTFE/CARB 25%;0
84;SAPAG;RTS 68441A;40;16;10/508322 5;0;EN1092.1;0;0;0;0;A 105N;0;0
85;SAPAG;RTS 68441A;40;16;10/508322 4;0;EN1092.1;0;0;0;0;A 105N;0;0
86;SAPAG;RTS 68451;40;10;13/643327 1;0;0;0;0;0;0;0;0;0
87;SAPAG;RTS 68451;40;10;13/645328-1;0;0;0;0;0;0;0;0;0
88;SAPAG;RTS 68451;40;10;13/643327 4;0;0;0;0;0;0;0;0;0
89;SAPAG;RTS 68441A;40;16;10/508322 2;0;EN1092.1;0;0;0;0;A 105N;0;0
90;SAPAG;RTS 68441A;40;16;11/554661 1;0;0;0;0;PTFE;0;0;0;0
91;SAPAG;RTS 68441A;40;16;11/554661 2;0;0;0;0;PTFE;0;0;0;0
92;SAPAG;RTS 68441A;40;16;10/508322 6;0;EN1092.1;0;0;0;0;A 105N;0;0
93;SAPAG;RTS 68441A;40;16;11/554661 9;0;0;0;0;PTFE;0;0;0;0
94;SAPAG;RTS 68441A;40;16;11/554661 8;0;0;0;0;PTFE;0;0;0;0
95;SAPAG;68411A;40;0;0;0;0;0;0;0;0;0;0;0
96;SAPAG;68411A;40;0;0;0;0;0;0;0;0;0;0;0
97;SAPAG;68411A;40;0;0;0;0;0;0;0;0;0;0;0
98;SAPAG;68411A;40;0;0;0;0;0;0;0;0;0;0;0
99;MASONEILAN;;150;;;;;;;;;A216 GR WCB;PTFE;
100;;;75;20;;;;;;;;;;
101;MASONEILAN;48-2171;75;20;0;75;ISO PN20 E2;0;0;AISI 410;ANSI 410;A 351 GR CF8M;0;0
102;MASONEILAN;35-35112;150;10;0;500;EN1092-1 PN10;0;316L;STEL;ANSI 316L;A216 GR WCC;0;0
103;MASONEILAN;35-35112;150;10;0;500;EN 1092.1PN10;0;ANSI 316;STEL;ANSI 316L;A216 GR WCC;0;0
104;AMRI KSB;GAMMA;80;10;0;0;0;3T 6P 6 XV;0;XV;0;FT 25;0;0
105;AMRI KSB;ISORIA 10;80;10;0;0;0;3G 6K 6XV;0;0;0;0;0;0
106;AMRI KSB;ISORIA 10;80;10;0;0;0;3G 6K 6XV;0;0;0;0;0;0
107;AMRI KSB;ISORIA 10;80;10;0;0;0;3G 6K 6XV;0;0;0;0;0;0
108;AMRI KSB;ISORIA 10;80;10;0;0;0;3G 6K 6XV;0;0;0;0;0;0
109;AMRI KSB;Gamma;80;10;0;0;0;3T 6P 6 XV;0;XV;0;0;0;0
110;EMERSON;FIG 14 102;80;10;0;0;0;PRA00401XX0PM00;0;EPDM;INOX;FONTE GG25;Joint à lèvre;0
111;EMERSON;FIG 320 112;80;16;0;0;0;PRA00401XX0PM00;0;EPDM collé;Inox;0;0;0
112;AMRI KSB;ISORIA 10;100;10;76140045/0110;;;2 M11 3G 6K6 XV;;XV;;;;
113;MASONEILAN;Série 21 000;25;ISO PN 100E1;;3,8;ISO E1;62873404-1;;ANSI 316 STEL E;ANSI 316 STEL E;A351 GR CF8M;PTFE/CARB;LATTYFLON 3260
114;VALMET METSO;L12A150AA;150;25;C0001046;0;0;0;329SS;INCOLOY 825;316SS;CF8M;0;0
115;AMRI KSB;DANAIS 150;80;10;9 973 749 598 100;0;0;66E 6FB 2B;0;0;0;0;0;0
116;AMRI KSB;DANAIS 150;80;10;0;0;0;66E 6FB 2B;0;0;0;0;0;0
117;AMRI KSB;DANAIS 150;80;10;0;0;0;66E 6FB 2B;0;0;0;0;0;0
118;AMRI KSB;DANAIS 150;80;10;0;0;0;66E 6FB 2B;0;0;0;0;0;0
119;AMRI KSB;DANAIS 150;80;10;0;0;0;66E 6FB 2B;0;0;0;0;0;0
120;AMRI KSB;DANAIS 150;80;10;0;0;0;66E 6FB 2B;0;0;0;0;0;0
121;AMRI KSB;DANAIS 150;80;10;0;0;0;66E 6FB 2B;0;0;0;0;0;0
122;AMRI KSB;DANAIS 150;80;10;0;0;0;66E 6FB 2B;0;0;0;0;0;0
123;AMRI KSB;DANAIS 150;80;10;0;0;0;66E 6FB 2B;0;0;0;0;0;0
124;AMRI KSB;DANAIS 150;80;10;0;0;0;66E 6FB 2B;0;0;0;0;0;0
125;AMRI KSB;DANAIS 150;80;10;0;0;0;66E 6FB 2B;0;0;0;0;0;0
126;SAPAG;0;10 I;80;0;0;3/8éme (12/17);0;0;PTFE V;0;A 105;0;0
127;SAPAG;RTS 68411;10;80;12/643349 3;0;FILET 12/17;0;0;0;0;0;0;0
128;SAPAG;RTS 68411;10;80;12/643349 2;0;FILET 12/17;0;0;0;0;0;0;0
129;SAPAG;RTS 68411;10;80;12/643349 4;0;FILET 12/17;0;0;0;0;0;0;0
130;SAPAG;RTS 68411;10;80;12/643349 1;0;FILET 12/17;0;0;0;0;0;0;0
131;SAPAG;RTS 68411;10;80;12/643349 6;0;FILET 12/17;0;0;0;0;0;0;0
132;SAPAG;RTS 68411;10;80;12/643349 5;0;FILET 12/17;0;0;0;0;0;0;0
133;EMERSON;RTS 68411;10;80;17/791461 2;0;FILETS 3/8;0;0;0;0;0;0;0
134;EMERSON;RTS 68411;10;80;17/791461 3;0;FILETS 3/8;0;0;0;0;0;0;0
135;SAPAG;RTS 68411;10;80;14/689229 2;0;Taraudé 3/8ème;0;GX2CrNiMo 17-12-2;PTFE;GX2CrNiMo 17-12-2;GP 240 GH;PTFE/CARB 25%;0
136;EMERSON;RTS 68411;10;80;17/789729 1;0;FILETS 3/8;0;0;0;0;0;0;0
137;EMERSON;RTS 68411;10;80;17/789729 2;0;FILETS 3/8;0;0;0;0;0;0;0
138;VALMET METSO;L12A080AA;80;0;C0001043;0;0;0;0;INCLOY825;316SS;CF8M;0;0
139;MASONEILAN;35-35222;80;10;F-12-217037-001-05;0;0;0;0;ANSI 316 + PTFE;ANSI 316L STEL;A216 GR WCC;0;0
140;MASONEILAN;35-35222;80;10;F-12-217037-001-06;0;0;0;0;ANSI 316 + PTFE;ANSI 316L STEL;A 216 GR WCC;0;0
141;MASONEILAN;35-35222;80;10;F-12-217037-001-4;0;0;0;0;ANSI 316 + PTFE;ANSI 316L STEL;A 216 GR WCC;0;0
142;MASONEILAN;35-35222;80;10;F-12-217037-001-3;0;0;0;0;ANSI 316 + PTFE;ANSI 316L STEL;A 216 GR WCC;0;0
143;MASONEILAN;35-35222;80;10;F-12-217037-001-01;0;0;0;0;ANSI 316 + PTFE;ANSI 316L STEL;A 216 GR WCC;0;0
144;MASONEILAN;35-35222;80;10;F-12-217037-001-02;0;0;0;0;ANSI 316 + PTFE;ANSI 316L STEL;A 216 GR WCC;0;0
145;MASONEILAN;35 - 35202;80;10;0;0;0;0;0;316;316 RD;A 216 GR WCC;PTFE/CARB;LATTY 3260 LM
146;MASONEILAN;Camflex II;80;10 PJ;;135;ENTRE BRIDES AFNOR;35-35202;ANSI 316 ;316 TEF;316 RD;A216 GR WCC;PTFE/carb;LATTYFLON 3260LM
147;AMRI KSB;DANAIS 150;500;10;0;0;0;66E 6F B2B;0;0;0;0;0;0
148;SAPAG;RTS 68411;10;80;14/689229 1;;Taraudé 3/8ème;;GX2CrNiMo 17-12-2;PTFE;GX2CrNiMo 17-12-2;GP 240 GH;PTFE/CARB 25%;
149;SAPAG;0;10;80;0;0;Taraudé 3/8ème;0;0;0;0;0;0;0
150;SCHLUMBERGER SEREG VANNES;0;0;0;0;0;0;0;0;INOX/TEFLON;A 564 GR 630;A216 WCC;0;0
151;SCHLUMBERGER SEREG VANNES;série 600;80;10;1B501T;0;0;0;0;316L;A564 GR 630;A216 WCC;PTFE;RAINEX
152;SCHLUMBERGER SEREG VANNES;0;80;10;0;0;0;MTLD 1A231A;0;316L;A564 GR 630;A216 WCC;PTFE;RAINEX
153;MASONEILAN;35-35222;80;10;F-14-219853-001-1;145;EN 1092-1 PN10;0;ANSI 316;ANSI 316 + PTFE;ANSI 316L STELLITE;A216 GR WCC;0;0
154;MASONEILAN;35000;50;0;0;0;ANSI 600 RF;35-35202;0;0;0;0;LATTYFLON;3260 LM
155;MASONEILAN;;50;;;;;;;316;316 RD;A216 GR WCC;PTFE/CARB;LATTYFLON 3260LM
156;MASONEILAN;35 - 35202;40;ANSI 600 RF;;;;;;316;STEL 6;A216 GR WCC;PTFE/CARB;LATTYFLON 3260LM
157;MASONEILAN;35 - 35202;40;ANSI 600 RF;;;;35-35202;;316;STEL 6;A216 GR WCC;PTFE/CARB;LATTYFLON 3260LM
158;MASONEILAN;35 - 35202;40;ANSI 600 RF;;;;;;316;STEL 6;A216 GR WCC;;LATTYFLON 3260LM
159;GEMU;0;40;25;550 40D6037;0;0;513G1RS115;0;0;0;0;0;0
160;GEMU;0;40;25;550 40D6037;0;0;513G1RS115;0;0;0;0;0;0
161;Socla;Sylax 149G42291N;300;16;;0;0;0;0;LI EPDM;DI 1.4408;0;0;0
162;Socla;Sylax 149G42291N;300;16;;0;0;0;0;LI EPDM;DI 1.4408;0;0;0
163;Socla;Sylax 149G42291N;300;16;564054;0;0;0;0;LI EPDM;DI 1.4408;0;0;0
164;Socla;Sylax 149G42291N;300;16;;0;0;0;0;LI EPDM;DI 1.4408;0;0;0
165;SAPAG;RTS 68412;20;0;23/328637070 6;0;0;0;INOX;0;INOX;0;0;0
166;SAPAG;RTS 68412;20;0;23/328637070 12;0;0;0;INOX;0;INOX;0;0;0
167;SAPAG;RTS 68412;20;0;23/328637070 4;0;0;0;INOX;0;INOX;0;0;0
168;SAPAG;RTS 68412;20;0;23/328637070 3;0;0;0;INOX;0;INOX;0;0;0
169;SAPAG;RTS 68412;20;0;23/328637070 2;0;0;0;INOX;0;INOX;0;0;0
170;SAPAG;RTS 68412;20;;23/328637070;0;0;0;INOX;0;INOX;0;0;0
171;SAPAG;RTS 68412;20;0;23/328637070 7;0;0;0;INOX;0;INOX;0;0;0
172;KEYSTONE;Fig 320-112;50;0;10124812-10; ;0;0;INOX;0;INOX;A536 65-45-12;0;0
173;SAPAG;RTS68251;50;40;23/328637010 1 ;0;A/SA182 F316/L;0;INOX;0;INOX;0;0;0
174;SAPAG;RTS 68412;20;0;23/328637070 15;0;0;0;INOX;0;INOX;0;0;0
175;SAPAG;RTS 68412;20;0;23/328637070 10;0;0;0;INOX;0;INOX;0;0;0
176;SAPAG;RTS 68412;20;0;23/328637070 14;0;0;0;INOX;0;INOX;0;0;0
177;SAPAG;RTS 68412;20;0;23/328637070 13;0;0;0;INOX;0;INOX;0;0;0
178;SAPAG;RTS 68412;20;0;23/328637070 5;0;0;0;INOX;0;INOX;0;0;0
179;SAPAG;RTS 68412;20;;23/328637070 1;0;0;0;INOX;0;INOX;0;0;0
180;SAPAG;RTS 68412;20;0;23/328637070 8;0;0;0;INOX;0;INOX;0;0;0
181;KEYSTONE;Fig 320-112;50;0;10132381-5; ;;0;INOX;0;INOX;A536 65-45-12;0;0
182;SAPAG;RTS68251;50;40;23/328637010 2;0;A/SA182 F316/L;0;INOX;0;INOX;0;0;0
183;AMRI KSB;ISORIA 10 TYPE 1;200;10;76218358/0110;0;0;3T 6K 3G XV;INOX 13% CHROME;EPDM XV;Fonte graphite sphéroidal;Fonte FGL;0;0
184;AMRI KSB;ISORIA 10 TYPE 1;200;10;76218358/0110;0;0;3T 6K 3G XV;INOX 13% CHROME;EPDM XV;Fonte graphite sphéroidal;Fonte FGL;0;0
185;AMRI KSB;ISORIA 10 TYPE 1;200;10;76218358/0110;0;0;3T 6K 3G XV;INOX 13% CHROME;EPDM XV;Fonte graphite sphéroidal;Fonte FGL;0;0
186;AMRI KSB;ISORIA 10 TYPE 1;200;10;76218358/0110;0;0;3T 6K 3G XV;INOX 13% CHROME;EPDM XV;Fonte graphite sphéroidal;Fonte FGL;0;0
187;SOCLA;Sylax 149G42291N;300;16;0;0;0;0;0;LI EPDM;DI 1.4408;0;0;0
188;Socla;Sylax149G42291N;300;16;0;0;0;0;0;LI EPDM;DI 1.4408;0;0;0
189;Socla;Sylax 149G42291N;300;16;0;0;0;0;0;LI EPDM;DI 1.4408;0;0;0
190;Socla;Sylax 149G42291N;300;16;0;0;0;0;0;LI EPDM;DI 1.4408;0;0;0
191;AMRI KSB;ISORIA 10;150;10;0;0;0;3G 6K 6XV;0;XV;0;0;0;0
192;0;OPTISEAL;100;10;0;0;0;0;0;0;0;0;0;0
193;0;OPTISEAL;100;10;0;0;0;0;0;0;0;0;0;0
194;0;OPTISEAL;100;10;0;0;0;0;0;0;0;0;0;0
195;0;OPTISEAL;100;10;0;0;0;0;0;0;0;0;0;0
196;0;OPTISEAL;80;10;0;0;0;0;0;0;0;0;0;0
197;0;OPTISEAL;80;10;0;0;0;0;0;0;0;0;0;0
198;EMERSON;FIG 320-112 BODY-DI;300;16;0;0;0;0;0;EPDM;INOX;0;0;0
199;0;ISORIA 10;150;10;0;0;T2;3G6K6XV;INOX;0;INOX;0;0;0
200;EMERSON;FIG 14 102;150;10;;;;;INOX;EPDM;INOX;GJL-250;;
201;SAPAG;RTS 68412;20;0;19-311827020;0;0;0;0;0;0;0;0;0
202;SAPAG;RTS 68412;20;0;19/311827020-3;0;0;0;0;0;0;0;0;0
203;SAPAG;RTS 68412;20;0;19-311827020-10;0;0;0;0;0;0;0;0;0
204;SAPAG;RTS 68412;20;0;19-311827020-5;0;0;0;0;0;0;0;0;0
205;SAPAG;RTS 68412;20;0;19-311827020-1;0;0;0;0;0;0;0;0;0
206;SAPAG;RTS 68412;20;0;19-311827020-7;0;0;0;0;0;0;0;0;0
207;SAPAG;RTS 68412;20;0;19-311827020-8;0;0;0;0;0;0;0;0;0
208;SAPAG;RTS 68412;20;0;19-311827020-6;0;0;0;0;0;0;0;0;0
209;SAPAG;RTS 68412;20;0;19-311827020-9;0;0;0;0;0;0;0;0;0
210;0;ISORIA 10;150;10;0;0;T2;3G6K6XV;INOX;;INOX;0;0;0
211;EMERSON;FIG 14 102;150;0;0;0;0;0;0;0;0;GG 25;0;0
212;SAPAG;RTS 68441A;40;16;0;0;0;0;0;PTFE;0;0;0;0
213;SAPAG;RTS 68441A;40;16;0;0;0;0;0;PTFE;0;0;0;0
214;SAPAG;RTS 68451;40;10;13/643327 2;0;0;0;0;0;0;0;0;0
215;SAPAG;RTS 68451;40;10;13/643327 5;0;0;0;0;0;0;0;0;0
216;SAPAG;RTS 68451;40;10;13/643327 6;0;0;0;0;0;0;0;0;0
217;SAPAG;RTS 68441A;40;16;0;0;0;0;0;PTFE;0;0;0;0
218;;;40;;;;;;;PTFE;;;PTFE;
219;GEC ALSTHOM;FIG 88 451A;40;40;21997902;;;;;;;A105;;
220;SAPAG;RTS 68441A;40;16;0;0;0;0;0;PTFE;0;0;0;0
221;SAPAG;RTS 68441A;40;16;11/554661 10;0;0;0;0;PTFE;0;0;0;0
222;SAPAG;RTS 68441A;40;16;11/554661 3;0;0;0;0;PTFE;0;0;0;0
223;AMRI KSB;Gamma;450;10;0;0;0;3T 6P 3G XV;0;XV;INOX;0;0;0
224;AMRI KSB;DANAIS 150;450;10;9 972 590 055 300;0;0;66E 6F B2B;0;0;0;0;0;0
225;AMRI KSB;DANAIS 150;450;10;9972140750/0400;0;0;66E 6F B2B;0;0;0;0;0;0
226;AMRI KSB;DANAIS 150;450;10;9 972 140 750;0;0;66E 6F B2B;0;0;0; ;0;0
227;AMRI KSB;DANAIS 150;450;10;9 972 324 707;0;0;66E 6FB 6B;0;0;0;0;0;0
228;AMRI KSB;DANAIS 150;450;10;0;0;0;66E 6F B2B;0;0;0;0;0;0
229;AMRI KSB;DANAIS 150;450;10;9 972 140 750;0;0;66E 6F B2B;0;0;0;0;0;0
230;AMRI KSB;Gamma;450;10;0;0;0;0;0;XV;INOX;0;0;0
231;AMRI KSB;DANAIS 150;450;10;9 972 140 750 400;0;0;66E 6F B2B;0;0;0;0;0;0
232;AMRI KSB;Gamma;350;10;0;0;0;3T 6P 3G XV;0;XV;0;0;0;0
233;AMRI KSB;DANAIS 150;350;10;9973390599 700;0;0;66E 6FB 2B;0;0;0;0;0;0
234;AMRI KSB;Gamma;350;10;0;0;0;3T 6P 3G XV;0;XV;INOX;0;0;0
235;AMRI KSB;DANAIS 150;350;10;9973390599 600;0;0;66E 6FB 2B;0;0;0;0;0;0
236;AMRI KSB;Gamma;350;10;0;0;0;0;0;0;0;0;0;0
237;AMRI KSB;DANAIS 150;350;10;0;0;0;66E 6F B2B;0;0;0;0;0;0
238;AMRI KSB;Gamma;250;10;0;0;0;0;0;XV;INOX;0;0;0
239;AMRI KSB;DANAIS 150;350;10;0;0;0;66E 6FB 2B;0;0;0;0;0;0
240;AMRI KSB;Gamma;250;10;0;0;0;0;0;XV;INOX;0;0;0
241;AMRI KSB;DANAIS 150;350;10;0;0;0;66E 6FB 2B;0;0;0;0;0;0
242;AMRI KSB;DANAIS 150;600;10;0;0;0;0;0;0;0;0;0;0
243;AMRI KSB;DANAIS 150;600;10;9 972 590 055 100;0;0;66E 6F B2B;0;0;0;0;0;0
244;AMRI KSB;DANAIS 150;600;10;0;0;0;66E 6F B2B;0;0;0;0;0;0
245;AMRI KSB;DANAIS 150;600;10;0;0;0;66E 6F B2B;0;0;0;0;0;0
246;AMRI KSB;DANAIS 150;600;10;9 972 140 750;0;0;66E 6F B2B;0;0;0;0;0;0
247;AMRI KSB;Gamma;600;10;0;0;0;3T 6P 3G XV;0;XV;0;0;0;0
248;AMRI KSB;Gamma;500;10;0;0;0;3T 6P 3G XV;0;XV;FONTE;FONTE;0;0
249;AMRI KSB;DANAIS 150;500;10;0;0;0;66E 6FB 2B;0;0;0;0;0;0
250;AMRI KSB;GAMMA;500;0;0;0;0;0;0;0;0;0;0;0
251;AMRI KSB;DANAIS 150;500;10;0;0;0;66E 6FB 2B;0;0;0;0;0;0
252;AMRI KSB;DANAIS 150;350;10;0;0;0;66E 6FB 2B;0;0;0;0;0;0
253;AMRI KSB;Gamma;350;10;76011971/0110;;;3T 6P 3G XV;;XV;INOX 316;;;
254;AMRI KSB;DANAIS 150;350;10;0;0;0;66E 6FB 2B;0;0;0;0;0;0
255;AMRI KSB;DANAIS MT2 CL150;600;10;9971758721  100;0;0;66E6NI1B;0;;0;0; ;0
256;MASONEILAN;35-35212;200;40;F-15-221168-001-1;510;EN 1092.1 PN40;0;0;ANSI 316L STEL B;ANSI 316L STEL;10 625;0;0
257;SAPAG;RTS68452;40;40;21/323665070;0;0;0;0;PTFE;0;FONTE;0;0
258;AMRI KSB;DANAIS MT;200;10CL150;76045403/0310;;FACES PLATES;;;NI (nickel);;;;
259;AMRI KSB;DANAIS 150;200;10;0;0;T1;66E 6FB;0;0;0;0;0;0
260;MASONEILAN;35-35112;80;40;F-15-221168-002-01;54;EN 1092-1 PN40;0;0;ANSI 316 STEL;ANSI 316L STEL;0;0;0
261;FISHER;V 500;80 réduit;cl 300;EU03267209;56,7;CLASS 300RF;;440C;17-4 PH;316 PLAQUE CHROME;WCC;PTFE/GRAPHITE;
262;MASONEILAN;;80;ISO PN50#E;;135;;;;ANSI 316 STEL E;ANSI 316 STEL E;A351 CR CF8M;CARBONE/PTFE;
263;FISHER;V 500;80;50;EU 03267209;141;CLASS 300;;440C;17-4 PH;316 Plaque chrome;WCC;GRAPHITE/PTFE;
264;AMRI KSB;DANAIS 150;600;;;;;;;;;;;
265;CCI VALVE;V0280718.1;3/8;0;G604001-01-2015.05;1.5;à souder;0;0;0;410 SS HT;A216 WCB;V-PTFE (25% G.F);0
266;MASONEILAN;;150;;;;;;;316;316 RD;A216 GR WCC;PTFE/CARB;LATTYFLON 3260LM
267;EMERSON;FIG 14 102;150;10;;;;;Inox;EPDM;INOX;FONTE GG25;Joint à lèvre;
268;TECOFI;VANNE PELLE;150;10;0;0;0;0;INOX;JOINT NITRILE;INOX 316;INOX;TRESSE PTFE;VG6400
269;TECOFI;VANNE PELLE;100;10;0;0;0;0;INOX;JOINT NITRILE;INOX 316;INOX;TRESSE PTFE;VG6400
270;TECOFI;VANNE PELLE;150;10;0;0;0;0;INOX;JOINT NITRILE;INOX 316;INOX;TRESSE PTFE;VG6400
271;SAPAG;RTS 68212;20;40;15/741583 1;0;Taraudées 27 mm;0;0;PTFE;0;INOX 316;0;0
272;SAPAG;RTS 68211;20; ;09/469924 ;;;;;;;Inox;;
273;AMRI KSB;Isoria 10B;250;10;76135433/0110;0;0;1M19 3T 6K 3G XA;0;XA;0;0;0;0
274;;;40;58;;;;;;;;;;
275;;;40;58;;;;;;;;;;
276;;;40;58;;;;;;;;;;
277;;;40;58;;;;;;;;;;
278;EMERSON;FIG 14 102;50;10;40338;;;;Inox;EPDM renforcé;INOX;FONTE GG25;Joint à lèvre;
279;SAPAG;FIG 68241A;32;10;25 455 303;0;0;0;0;0;0;316 L;0;0
280;SAPAG;FIG 68241A;32;16;25455301;;;;;;;316 L;;
281;SAPAG;FIG 68241A;32;16;25455304;;;;;;;316 L;;
282;SAPAG;FIG 68241A;32;16;25455302;;;;;;;316 L;;
283;SAPAG;0;20;10;0;0;0;0;0;PTFE;0;316 L;PTFE;0
284;SAPAG;0;20;10;0;0;0;0;0;PTFE;0;316 L;PTFE;0
285;EMERSON;FIG: 320 112;80;16;0;0;0;0;0;EPDM collé;0;0;0;0
286;EMERSON;;80;10;470936;;;;;;;GG 25;;
287;EMERSON;;80;10;470908;;;;;;;GG 25;;
288;EMERSON;;80;10;470968;;;;;;;GG 25;;
289;EMERSON;;80;10;470904;;;;;;;GG 25;;
290;EMERSON;FIG 14-343;80;10;0;0;0;0;0;0;;GG 25;0;0
291;0;FIG14-343;50;10;10042635-6;0;0;0;0;0;0;A536 65-45-12;0;0
292;EMERSON;F97E-002M;50;;469866;;;;;;;GG 25;;
293;EMERSON;FIG 14 102;50;10;0;0;0;0;inox;EPDM;316;GG 25;joint à lèvre;0
294;EMERSON;F97E-002M;50;10;455011;;;;;;;GG 25;;
295;EMERSON;FIG 14 102;50;10;40338;;;;;;;GG 25;;
296;EMERSON;FIG 14-343;50;10;0;0;0;0;0;0;0;GG 25;0;0
297;EMERSON;FIG 10 102;80;10;72769;0;0;0;INOX;EPDM;INOX;GG 25;Joint à lèvre;0
298;EMERSON;;80;10;470956;;;;;;;GG 25;;
299;EMERSON;;80;10;470965;;;;;;;GG 25;;
300;EMERSON;;80;10;470902;;;;;;;GG 25;;
301;EMERSON;;80;10;470912;;;;;;;GG 25;;
302;EMERSON;FIG 14-343;80;10;0;0;0;0;0;0;0;GG 25;0;0
303;AMRI KSB;GAMMA;200;10;;;;3T 6P 3G XA;INOX Z30 C13;EPDM XA;INOX;FONTE;;JOINT TORIQUE
304;AMRI KSB;ISORIA 10;80;10;9972324707/900;0;0;3G 6K 6XV;0;0;0;0;0;0
305;SAPAG;RTS68451;40;40;17/263518020;0;0;0;0;PTFE;0;FONTE;0;0
306;NORBRO;0;40;10;0;0;0;0;INOX;PTFE;0;FONTE;0;0
307;TECOFI;VANNE PELLE;150;10;OF175787;0;0;0;INOX;JOINT NITRILE;INOX 316;INOX;TRESSE PTFE;VG6400
308;AMRI KSB;ISORIA 10;100;10;76140045/0110;;;2 M14 3G 6K6 XV;;XV;;;;
309;EMERSON;FIG 14 102;50;10;M713780;;;;Inox;EPDM;Inox;Fonte GG25;;JOINT A LEVRES
310;;;;;;;;;;;;;;
311;VALMET METSO;;150;;;;;;;;;;;
312;AMRI KSB;GAMMA;500;10;V771100;;;3T 6P 3G XV;;XV;;;;
313;SAPAG;RTS67441;100;16;21/322798040;0;0;0;0;0;0;0;0;0
314;;;;;;;;;;;;;;
315;MASONEILAN;21100;25;;64-2111-01-1;5,6;;;;316 RD;STEL 6;A216 GR WCC;;
316;MASONEILAN;21100;25;;64-2111-01-02;5,6;;;;316 RD;STEL 6;A216 GR WCC;;
317;MASONEILAN;48-21114;75;ISO PN100 B2;64-6656-01-1;47;ISO PN100 B2;;;AISI 410;ANSI 410;A 216 GR WCC;KEVLAR/PTFE;
318;MASONEILAN;30 000 globe;80;ANSI 150;558807-1;Min 22 max 55;ANSI 150;30-30242;17-4 PH;316;316;CS;CARBONE/PTFE;LATTY 3260 LM
319;MASONEILAN;48-21724;50;16 PJ;62-153001-3;25;;;;ANSI 316 STEL;ANSI 410;A216 GR WCC;;
320;MASONEILAN;48-21724;50;16 PJ;62-153001-2;25;0;0;0;ANSI 316 STEL;ANSI 410;A216 GR WCC;0;0
321;MASONEILAN;48-21724;50;16 PJ;62-153001-1;25;;;;ANSI 316 STEL;ANSI 410;A216 GR WCC;;
322;CCI VALVE;150VSGC-112B;0;0;;0;à souder;;0;0;0;A216 WCB;0;0
323;CCI VALVE;VSGC-90B;P1: 150 P2: 350 P3: 25;P1: PN 50 P2: PN 20 P3: PN100;276211-1;;;;;;;;GRAPHITE;
324;MASONEILAN;28-628112;25;ANSI 300 RF;F-15-221168-003-01;0,9 à 2,3 (1,7);0;0;0;17-4 PH;STEL 6;A351 GR CF3M;0;0
325;MASONEILAN;VARIPACK;25;200;16-0147-01-1;Mini 0,25 max 0,6;ANSI 1500 RF;;;VARILOG;VARILOG N° 3;A182 GR F316L;KEVLAR/PTFE;
326;MASONEILAN;VARIPACK;25;ANSI 1500RF;64-9366-01-1;Mini 0,9 max 2,3;ISO PN20 à 250;;;17-4 PH;STEL 6;A182 GR F316L;KEVLAR/PTFE;
327;MASONEILAN;28-28212;25;1500;F-23-000155;2,3;102MM SANS BRIDES;0;0;A564 GR 630 H900;SOLID STELLITE;A351 GR CF3M;PTFE CARBON;RING
328;COPES VULCAN;M.N.S.D;;ANSI 600 STD;;1.882;;;;;;ASTM A217 WC6;GRAPHITE;
329;EMERSON;FIG 320 112;150;16;0;0;0;0;0;EPDM collé;INOX;FONTE;0;0
330;EMERSON;FIG 320 112;150;16;S/N : 10024807-18;0;0;0;0;EPDM collé;INOX;FONTE;0;0
331;EMERSON;FIG 320 112;150;16;S/N : 10025801-9;0;0;0;0;EPDM collé;INOX;FONTE;0;0
332;EMERSON;FIG 320 112;150;16;0;0;ANSI 150;PRA02503080PM00;0;EPDM collé;Inox;fonte GG25;0;0
333;ECONOSTO;;25;40;;;;;;;;;;
334;MASONEILAN;CAMFLEX 2 35-35202/CM/77/8013;40; ;64-9532-01-1; ; ;;;316 STB;STEL 6;A216 GR WCC;CARBONE/PTFE;LATTYFLON 3260LM 4,5X5
335;MASONEILAN;0;50;50;63-541502-1;26;ISO E1-E1;0;316;ANSI 316 STEL E;ANSI 316 STEL E;A351 GR CF8M;0;0
336;VALMET METSO;R1;80;25;359243;;;R1LA 03 AJJL;;NELAL;329 SS;CF8M;;
337;VALMET METSO;L12;80;25;C0001043;0;0;L12A080AA;0;INC 825;316 SS;CF8M;0;0
338;A.P.C.;1110;25;;68857;;;;;;;A216 WCB;CARBONE/PTFE;
339;A.P.C.;1110;25;;94283;;;;;;;A216 WCB;CARBONE/PTFE;
340;SAPAG;0;40 R;10;0;0;0;0;0;0;0;A 105;0;0
341;SAPAG;0;40 R;10;0;0;0;0;0;0;0;A 105;0;0
342;SAPAG;0;40 R;10;0;0;0;0;0;0;0;A 105;0;0
343;CCI VALVE;150VSG-90B;IN: 150 OUT: 200 WAT: 25;IN: 45 OUT: 28 WAT: 40; ;0;;0;VOIR FEUILLE;JOINTE; ;G17CRM05-5;GRAPHITE;0
344;A.P.C.;1110;25;;68928;;;;;;;A216 WCB;CARBONE/PTFE;
345;A.P.C.;1110;25;;68927;;;;;;;A216 WCB;CARBONE/PTFE;
346;SCHLUMBERGER SEREG VANNES;1110;25;;10380000;;;;;;;;CARBONE/PTFE;
347;;;65;16;;;;;;;;;;
348;SAPAG;CT 4550A/01;50;;23153/10;;;;;;;;;
349;SAPAG;0;80 R;10;0;0;0;0;0;0;0;A 105;PTFE VIERGE;0
350;SAPAG;0;80 R;10;0;0;0;0;0;0;0;A 105;PTFE VIERGE;0
351;SAPAG;0;100 R;10;0;0;0;0;0;0;0;A 105;PTFE VIERGE;0
352;;F100-40-16;100;10;;;;;;;;;;
353;SAPAG;RTS 67442A;100;10;05/232841 1;0;PN 1016;0;0;0;0;0;0;0
354;EMERSON;OPTISEAL FIG 14-102;100;10;03/284319;;;PRA00901XXOPM00;INOX;EPDM;INOX;EN-GJL-250;Joint à lèvre;
355;EMERSON;FIG 320 112;200;16;0;0;0;0;0;EPDM collé;inox;0;0;0
356;EMERSON;FIG 14 102;150;10;42959;;;;INOX;EPDM;INOX 316;FONTE FT125;;JOINT A LEVRES
357;EMERSON;FIG 14 102;150;10;42959;;;;INOX;EPDM;INOX 316;FONTE FT125;;JOINT A LEVRES
358;VALMET METSO;L12A150AA;150;10;0;0;0;0;INOX;INOX;INOX;INOX;0;0
359;VALMET METSO;L12A150AA;150;10;0;0;0;0;INOX;INOX;INOX;INOX;0;0
360;VALMET METSO;L12A150AA;150;10;0;0;0;0;INOX;INOX;INOX;INOX;0;0
361;VALMET METSO;L12A150AA;150;10;0;0;0;0;INOX;INOX;INOX;INOX;0;0
362;VALMET METSO;L12A150AA;150;10;0;0;0;0;INOX;INOX;INOX;INOX;0;0
363;VALMET METSO;L12A150AA;150;10;0;0;0;0;INOX;INOX;INOX;INOX;0;0
364;VALMET METSO;L12;100;25;C0001044;0;0;L12A100AA;0;INC 825;316 SS;CF8M;0;0
365;EMERSON;FIG 14 102;200;10;127095;;;;INOX;EPDM;INOX 316;FONTE FT125;;JOINT A LEVRES
366;EMERSON;FIG 14 102;200;10;46055;;;;INOX;EPDM;INOX 316;FONTE FT125;;JOINT A LEVRES
367;VALMET METSO;L1C;200;10;0;0;0;L1C PA 08 AAJE;329 SS;EPDM;316 SS;CF8M;0;0
368;AMRI KSB;DANAIS 150;200;10;9 973 719 748 200;0;T1;66e 6fb 2b;0;0;0;0;0;0
369;AMRI KSB;DANAIS 150;200;10;9973719748/200;0;T1;66e 6fb 2b;0;0;0;0;0;0
370;AMRI KSB;DANAIS 150;200;10;9973719748/200;0;T1;66e 6fb 2b;0;0;0;0;0;0
371;;;175;10;;;;;;;;;;
372;;;175;10;;;;;;;;;;
373;;;175;10;;;;;;;;;;
374;;;175;10;;;;;;;;;;
375;;;175;10;;;;;;;;;;
376;;;175;10;;;;;;;;;;
377;;;40;10;;;;;;;;;;
378;MECA INOX;PS 420;20;100;;;FILET 20/27;;;;;;;
379;AMRI KSB;ISORIA 10B;150;10;76109407/0310;0;0;1 M14 3T 6K 3G XA;0;XA;Fonte laquée;fonte;0;0
380;MECA INOX;PS 420;20;100;;;FILET 20/27;;;;;;;
381;AMRI KSB;ISORIA 10B;150;10;76048483/320;;;2 M14 3G 6K 6 VC;;VC;;GS 370-17;;
382;MASONEILAN;35 - 35202;100;ANSI 600 RF;0;0;0;0;0;0;316 RD;A351 GR CF8M;PTFE KEVELAR;0
383;SCHLUMBERGER SEREG VANNES;Maxflo;250;10;;;;MTRD 11A111B;;F 316;17-4 PH;A 216 WCB;PTFE;RAINEX 788 8 MM
384;AMRI KSB;ISORIA 10B  ;80;10;;;;1 M11 3T 6K 3G XA;;XA;Inox;FT 25;;JOINT A LEVRES
385;VALMET METSO;L12;100;0;0;0;0;L12A100AAT;0;0;0;0;0;0
386;VALMET METSO;L12;100;0;0;0;0;L12A100AAT;0;0;0;0;0;0
387;MASONEILAN;CAMFLEX II;80;ISO PN40SE;63-5415. 06. 1;orifice 135; ;;;316 STB;316 LRD;A216 GR WCC;;
388;AMRI KSB;ISORIA 10;150;10;76109 407/0210;0;0;0;0;xa;0;0;0;0
389;EMERSON;FIG 10 102;150;10;;;;;INOX;EPDM;INOX;FONTE GG25;Joint à lèvre;
390;VALMET METSO;L12;100;0;0;0;0;L12A100AAT;0;0;0;0;0;0
391;AMRI KSB;Isoria 10 ;250;10;761091407/0110;0;0;1119 3T6K3GXA;0;xa;0;FONTE GG25;0;0
392;VALMET METSO;LW;100;10;;0;0;LW7LBA100AAJAT;0;INCOLOY 825;316 SS;CF8M;;0
393;VALMET METSO;NELDISC;200;ANSI 150;G 111;;;L1CMA08 AAJK;316 SS;ULTIMET;329 SS;CF8M;PTFE;
394;AMRI KSB;ISORIA 10B;150;10;76045403/0110;;;1 M14 3T 6K 6 XV;;XV;INOX;FONTE;;
395;SOMAS;MTV ;200;10.25;11571-81;;;MTV A5-AAD-A11 811897;;;;;;
396;EMERSON;FIG 14-343;50;10;0;0;0;0;0;EPDM;0;GG 25;joint à lèvre;0
397;EMERSON;FIG 14 102;50;10;0;0;0;0;INOX;EPDM;INOX;GG 25;Joint à lèvre;0
398;VALMET METSO;L1C;200;;355676;;;L1CMA 08 AAJA;329 SS;;316 SS;316 SS;PTFE;
399;AMRI KSB;Isoria 10B;80;10;76048485/0110;;;2 M11 3G 6K6 XV;;XV;;;;
400;IFC Valve;Série 1121;100;10;0;0;0;0;0;NITRILE;AISI 304;GG 25;0;0
401;NAF AB;238288-0200-06;200;10;0;0;0;0;0;0;0;0;0;0
402;VALMET METSO;L1C;200;ANSI 150;358 213;0;0;L1CMA 08 PAJA;0;INC 825 GR;0;WCB;PTFE;0
403;AMRI KSB;ISORIA 20;50;10;0;0;0;3G6E6XV;0;0;0;0;0;0
404;AMRI KSB;ISORIA 20;50;10;0;0;0;3G6E6XV;0;0;0;0;0;0
405;AMRI KSB;ISORIA 20;100;10;0;0;0;3G6E6XV;0;0;0;0;0;0
406;AMRI KSB;ISORIA 20;50;10;0;0;0;3G6E6XV;0;0;0;0;0;0
407;AMRI KSB;ISORIA 20;150;10;0;0;0;3G6E6XV;0;0;0;0;0;0
408;AMRI KSB;ISORIA 20;150;10;0;0;0;3G6E6XV;0;0;0;0;0;0
409;AMRI KSB;ISORIA 20;100;10;0;0;0;3G6E6XV;0;0;0;0;0;0
410;AMRI KSB;ISORIA 20;100;10;0;0;0;3G6E6XV;0;0;0;0;0;0
411;AMRI KSB;ISORIA 20;100;10;0;0;0;3G6E6XV;0;0;0;0;0;0
412;AMRI KSB;ISORIA 20;100;10;0;0;0;3G6E6XV;0;0;0;0;0;0
413;SAPAG;0;15;0;0;0;0;0;0;0;0;0;0;0
414;SAPAG;0;15; ;0;0;0;0;0;0;0; ; ;0
415;AMRI KSB;ISORIA 10;200;10;0;0;0;3G 6K 6XV;0;XV;0;0;0;0
416;VALMET METSO;LW;200;25;C0002379;0;0;LW7LBA200AAJAT;316 SS;ULTIMET;316 SS;CF8M;0;0
417;VALMET METSO;L12;100;0;C0078853;0;0;L12A100AAT;0;INCOLOY 825;316 SS;CF8M;0;0
418;MASONEILAN;35 - 35212;100;16;0;230;0;0;0;ANSI 316;ANSI 316L STEL;A 351 GR CF3M;0;0
419;VALMET METSO;LW;200;25;C0002379;0;EN PN 25;LW7LBA200AAJAT;0;INCOLOY 825;329 SS;CFM8;0;0
420;AMRI KSB;ISORIA 20;150;10;0;0;0;3G6E6XV;0;0;0;0;0;0
421;AMRI KSB;ISORIA 20;150;10;0;0;0;3G6E6XV;0;0;0;0;0;0
422;AMRI KSB;ISORIA 20;50;10;0;0;0;3G6E6XV;0;0;0;0;0;0
423;AMRI KSB;ISORIA 20;50;10;0;0;0;3G6E6XV;0;0;0;0;0;0
424;AMRI KSB;ISORIA 20;100;10;0;0;0;3G6E6XV;0;0;0;0;0;0
425;AMRI KSB;ISORIA 20;100;10;0;0;0;3G6E6XV;0;0;0;0;0;0
426;AMRI KSB;ISORIA 20;100;10;0;0;0;3G6E6XV;0;0;0;0;0;0
427;AMRI KSB;ISORIA 20;100;10;0;0;0;3G6E6XV;0;0;0;0;0;0
428;AMRI KSB;ISORIA 10B;350;10;76048483/0210;0;PN10 S11;2C 25 3G 6K 6VC;0;XV;0;0;0;0
429;VALMET METSO;L1C;200;ANSI 150;S0427141005VEN;;;L1CMA 08 PAJA;329 SS;INC 825+CR;316 SS;WCB;PTFE;
430;AMRI KSB;ISORIA 10;80;10;76017731/0110;0;0;3T 6K 3G XA;0;EPDM XA;INOX;FONTE;0;0
431;AMRI KSB;DANAIS 150;300;10;9 972 324 707 600;0;0;66E 6F B2B;0;0;0;0;0;0
432;AMRI KSB;DANAIS 150;300;10;0;0;0;66E 6F B2B;0;0;0;0;0;0
433;AMRI KSB;DANAIS 150;250;10;9 972 324 707;0;0;66E 6F B2B;0;0;0;0;0;0
434;AMRI KSB;DANAIS 150;250;10;9 972 324 707;0;0;66E 6F B2B;0;0;0;0;0;0
435;VALMET METSO;NELDISC;350;0;362701;0;0;L1CMA14PAJA;329 SS;INC 825+CR;316 SS;FONTE;PTFE;0
436;AMRI KSB;GAMMA;400;10;0;0;0;0;0;xv;Acier;Fonte;0;0
437;VALMET METSO;L1CMA 08 AACA;200;Oct-25;355060;;;L1CMA 08 AACA;17-4 PH;INC 825+CR;316 SS;316 SS;PTFE;
438;VALMET METSO;L12;200;0;0;0;0;L12A200AAT;0;0;0;0;0;0
439;CCI VALVE;0;20;0;0;4;0;0;0;0;0;A216 WCB;V-PTFE;0
440;EMERSON;;20;100;;;taraudage 20/27;V6F020GA6RCPL00;;;;;;
441;MASONEILAN;35-35212;25 réduit;ANSI 600;0;2,8;ANSI 600;0;0;STEL n°6;ANSI 316;A 351 GR CF3M;0;0
442;;;20-15;64;;;;;;;;;;
443;MASONEILAN;35-35212;25 réduit;ANSI 600;0;2,8;ANSI 600;0;0;STEL n°6;ANSI 316;A 351 GR CF3M;0;0
444;;;20-15;64;;;;;;;;;;
445;MASONEILAN;35-35212;25 réduit;ANSI 600;0;2,8;ANSI 600;0;0;STEL n°6;ANSI 316;A 351 GR CF3M;0;0
446;;;20-15;64;;;;;;;;;;
447;MASONEILAN;35-35212;25 réduit;ANSI 600;0;2,8;ANSI 600;0;0;STEL n°6;ANSI 316;A 351 GR CF3M;0;0
448;;;20-15;64;;;;;;;;;;
449;MASONEILAN;35-35212;25 réduit;ANSI 600;0;2,8;ANSI 600;0;0;STEL n°6;ANSI 316;A 351 GR CF3M;0;0
450;MASONEILAN;35-35212;25 réduit;ANSI 600;0;2,8;ANSI 600;0;0;STEL n°6;ANSI 316;A 351 GR CF3M;0;0
451;MASONEILAN;35-35212;25 réduit;ANSI 600;0;2,8;ANSI 600;0;0;STEL n°6;ANSI 316;A 351 GR CF3M;0;0
452;MASONEILAN;35-35212;25 réduit;ANSI 600;0;2,8;ANSI 600;0;0;STEL n°6;ANSI 316;A 351 GR CF3M;0;0
453;MASONEILAN;35-35212;25 réduit;ANSI 600;0;2,8;0;0;0;STEL n°6;ANSI 316;A 351 GR CF3M;0;0
454;EMERSON;;20;100;;;taraudage 20/27;V6F020GA6RCPL00;;;;;;
455;MASONEILAN;28-28122;25;100;0;0,5 a 1,2(0,9);EN-1092-1 B2;F-12-217061-001-1;0;17-4 PH;ANSI 440 C;A351 GR CF3M;0;0
456;VALMET METSO;NELDISC;150;ANSI 150;;;ANSI 150;L1CMA06PACAF;ASTM A564GR630;INC 825+Cr;316;WCB;GRAPHITE;NELES 250023
457;CORRI SERVAIS;VPZZ100ISO;50;100;;0;ISO PN100;0;Z20C13;Stéllité;Stéllité;G17CrMo55;Graphite;0
458;VALMET METSO;NELDISC;200;ANSI 150;;;ANSI 150;L1CMA08PACAF;ASTM A564GR630;INC 825+Cr;316;WCB;Graphite;
459;CORRI SERVAIS;VPZZ100ISO;80;100;;;ISO PN100;;Z20C13;Stéllité;Stéllité;G17CrMo55;Graphite;
460;VALMET METSO;NELDISC;250;ANSI 150;;;ANSI 150;L1CMA10PACAF;ASTM A564GR630;INC 825+Cr;316;WCB;Graphite;
461;CORRI SERVAIS;VPZZ100ISO;80;100;;;ISO PN100;;Z20C13;Stéllité;Stéllité;G17CrMo55;Graphite;
462;VALMET METSO;NELDISC;300;ANSI 150;;;;L1CMA12PACAF;ASTM A564GR630;INC 825+Cr;316;WCB;Graphite;
463;CORRI SERVAIS;VPZZ100ISO;80;100;;;ISO PN100;;Z20C13;Stéllité;Stéllité;G17CrMo55;Graphite;
464;VALMET METSO;NELDISC;200;10;0;0;0;L1CMA08PACAF;ASTM A564GR630;INC 825+Cr;316;WCB;Graphite;
465;CORRI SERVAIS;FIG:VPZZ600T1;40;100;0;0;0;AR041378:1-1;0; ;0;0;0;0
466;VALMET METSO;NELDISC;200;10;;;;L1CMA08PACAF;ASTM A564GR630;INC 825+Cr;316;WCB;Graphite;
467;CORRI SERVAIS;FIG:VPZZ600T1;40;100;;;;AR041378:1-1;;;;;;
468;VALMET METSO;LW;80;0;0;0;0;LW7LBA080AAJAT;0;INCOLOY 825;316 SS;CF8M;0;0
469;VALMET METSO;LW;80;0;0;0;0;LW7LBA080AAJAT;0;INCOLOY 825;316 SS;CF8M;0;0
470;MASONEILAN;;200;10;;;;;;;;;;LATTY 3260 LM 
471;VALMET METSO;REJA200AJJSTA;200;10;MA0197516;0;RATIGEN PN10;0;329SS;316SS;329SS;CF8M;0;0
472;MASONEILAN;35-35112;200;10;;850;ISO PN 10;35-35112;;AnSI 316 L STEL;ANSI 316;A216 GR WCC;;
473;;;150;10;;;;;;;;;;
474;MASONEILAN;35-35112;200;10;;850;ISO PN 10;35-35112;;AnSI 316 L STEL;ANSI 316;A216 GR WCC;;
475;;;150;10;;;;;;;;;;
476;VALMET METSO;NELDISC;250;ANSI B 16;0;0;0;L1CMA 10 AAJA;329 SS;INC 825;329 SS;CF8M;PTFE;0
477;SCHLUMBERGER SEREG VANNES;Maxflo;150;10;;;;MTPD - 11A111E;;F 316;17-4 PH;A216 WCB ;PTFE;RAINEX 788 DIAM. 8
478;AMRI KSB;ISORIA 10;200;10;0;0;0;3T6K6XV;0;XV;INOX;0;0;0
479;VALMET METSO;L12;80;0;G0001043;0;0;L12A080AA;0;INC 825;316 SS;CF8M;0;0
480;VALMET METSO;L12;80;0;C0001043;0;0;L12A080AA;0;INC 825;316 SS;CF8M;0;0
481;;;;;;;;;;;;;;
482;SCHLUMBERGER SEREG VANNES;Maxflo ;150;0;T5549;0;0;0;0;F 316;17-14 PH;A216 WCB;PTFE;LATTY 3260 LM
483;SCHLUMBERGER SEREG VANNES;Maxflo;150;10;;;;MTPD - 11A111E;;F 316;17-4 PH;A216 WCB;PTFE;
484;SCHLUMBERGER SEREG VANNES;Maxflo;150;10;;;;MTPD - 11A111E;;F 316;17-4 PH;A216 WCB;PTFE;
485;VALMET METSO;L12A150AA;150;25;C0001048;;; ;;INCOLOY 825 (A);329 SS;CF8M; ;
486;VALMET METSO;REKA150AJJSTA;150;16;MA0196907;0;RATINGEN PN16;0;329SS;316SS;329SS;CF8M;0;0
487;VALMET METSO;NELDISC;200;;;;;LJM200 AB;316 SS;248SV/GR;316 SS;316 SS;PTFE;
488;MASONEILAN;;250;10;;;;;;;Inox;;PTFE/CARB;3260 LM
489;MASONEILAN;35 - 35202;100;0;62-5370-02-1;0;ANSI 600 RF;0;0;0;316 RD;A351 GR CF8M;PTFE KEVELAR;0
490;EMERSON;OPTISEAL FIG 14-102;100;10;03/284319;;;PRA00901XXOPM00;INOX;EPDM;INOX;EN-GJL-250;Joint à lèvre;
491;VALMET METSO;R1;100;25;359244;;;R1LA 04 AJJL;329 SS;;329 SS;CF8M;PTFE;
492;VALMET METSO;REKA150AJJSTA;150;10;0;0;0;0;INOX;INOX;INOX;INOX;0;0
493;EMERSON;FIG 14 102;100;10;114173;;;;Inox;EPDM;INOX;FONTE GG25;Joint à lèvre;
494;VALMET METSO;L1C;80;10;0;0;0;L1CMA 03 AAJA;329 SS;INC 825+CR;316 SS;316 SS;0;0
495;VALMET METSO;0;200;10;409430;0;0;L12;0;0;0;0;0;K916
496;EMERSON;FIG 14 102;100;10;;;;;Inox;EPDM;INOX;FONTE GG25;Joint à lèvre;
497;VALMET METSO;L12;300;25;C0001049;0;0;L12A300AA;328 SS;INC 825;316 SS;CF8M;0;0
498;AMRI KSB;Gamma;400;10;0;0;0;3T 6P 3G XV;0;0;0;0;0;0
499;CCI VALVE;VST-56BSE;0;0;0;0;à souder;0;0;X10CrMoVNb9-1/C21COATING;X19CrMoVNbN11-1;EN 10222-2 13CrMo4-5;Graphite;0
500;AMRI KSB;Gamma;100;10;;;;;;XA;Inox;fonte GG25;;
501;SAPAG;68451A;40;0;6752802;0;0;0;0;PTFE;CHROME;A105;PTFE;0
502;SAPAG;RTS FIG 68451A;40;0;6 752 801;0;0;0;0;PTFE;0;A105;0;0
503;SAPAG;RTS 68451;40;14885;17/2618020;0;0;0;0;PTFE;Boule;0;PTFE CARBON;0
504;;;40;;;;;;;;;;;
505;SAPAG;RTS 68451;40;;17/2618020;;;;;PTFE;;;;
506;;;;;;;;;;;;;;
507;;;;;;;;;;;;;;
508;;;;;;;;;;;;;;
509;EMERSON;FIG 14 102;250;10;347934;;;;INOX;EPDM;INOX;FONTE GG25;;
510;EMERSON;FIG 14 102;250;10;347928;;;;INOX;EPDM;INOX;FONTE GG25;;
511;CORRI SERVAIS;VAN044 VAP 45B/450°;40 passage direct;100;0;0;ISO PN 100;A182F11/STELLITE;0;STELLITE;0;A182F11;0;0
512;0;L12A400AAG;400;10;0;0;0;0;INOX;INOX;INOX;INOX;0;0
513;VALMET METSO;L12A200AA;200;EN-PN25;C0001047;0;0;0;316SS;INCOLOY825;329SS;CF8M;0;0
514;AMRI KSB;GAMMA;600;10;;;;3T 6P 3G XV;INOX Z30 C13;XV;FONTE;FONTE FT 20;;
515;VALMET METSO;L12A250AA;250;25;C0001048;0;0;0;329SS;INCOLOY 825;0;CF8M;316SS;0
516;VALMET METSO;L12A250AA;250;25;C0001048;0;0;0;329SS;INCOLOY 825;0;CF8M;316SS;0
517;VALMET METSO;L12A250AA;250;25;C0001048;0;0;0;329SS;INCOLOY 825;0;CF8M;316SS;0
518;VALMET METSO;L12A250AA;250;25;C0001048;0;0;0;329SS;INCOLOY 825;0;CF8M;316SS;0
519;VALMET METSO;L12A250AA;250;25;C0001048;0;0;0;329SS;INCOLOY 825;316SS;CF8M;316SS;0
520;;Camflex II;50;50;02-4848-01-1;50;ISO PN 50;0;ANSI 316;STEL n°6;ANSI 316;A216 GR WCC;0;
521;;CAMFLEX II;50;50;02-4848-01-2;50;ISO PN 50;0;ANSI 316;STEL n°6;ANSI 316;A216 GR WCC;0;
522;EMERSON;PREMISEAL 38DW-112;40;16; ;0;;;Inox;EPDM;Inox;GJS-400-15;Joint à lèvre;0
523;EMERSON;PREMISEAL 38DW-112;40;16;;0;;;Inox;EPDM;Inox;GJS-400-15;Joint à lèvre;0
524;EMERSON;PREMISEAL 38DW-112;40;10;;;;;;EPDM;;GJS-400-15;;
525;EMERSON;PREMISEAL 38DW-112;40;10;;;;;;EPDM;;GJS-400-15;;
526;EMERSON;FIG 38 102;32;16;552714;0;0;0;Inox;EPDM;Inox;Fonte GG25;Joint à lèvre;0
527;VALMET METSO;RAA050AS;50;40;C0001121;0;0;0;0;316SS;329SS;CF8M;0;0
528;;;80;10;;;;;;;;;;
529;EMERSON;FIG 14 102;50;10;;;;;Inox;EPDM;Inox 316;Fonte FT 25;;
530;EMERSON;FIG 14 102;50;10;;;;;Inox;EPDM;Inox 316;Fonte FT 25;;
531;EMERSON;FIG 14 102;50;10;;;;;Inox;EPDM;Inox 316;Fonte FT 25;;
532;EMERSON;FIG 14 102;50;10;0;0;0;0;Inox;EPDN;Inox 316;Fonte FT 25;0;0
533;EMERSON;FIG 14 102;50;10;0;0;0;0;Inox;EPDN;Inox 316;Fonte FT 25;0;0
534;EMERSON;PREMISEAL 38DW-112;50;16;;0;;;Inox;EPDM;Inox;GJS-400-15;Joint à lèvre;0
535;EMERSON;PREMISEAL 38DW-112;50;16;;0;;;Inox;EPDM;Inox;GJS-400-15;Joint à lèvre;0
536;EMERSON;PREMISEAL 38DW-112;50;10;;;;;;EPDM;;GJS-400-15;;
537;EMERSON;PREMISEAL 38DW-112;50;10;;;;;;EPDM;;GJS-400-15;;
538;EMERSON;FIG 14 102;100;10;0;0;0;0;Inox;EPDM;Inox;Fonte GG25;Joint à lèvre;0
539;EMERSON;FIG 14 102;300;10;;;;;;EPDM;;GG 25;;
540;EMERSON;FIG 14 102;300;10;;;;;INOX;EPDM;Inox;GG 25;Joint à lèvre;
541;EMERSON;FIG 14 102;300;10;;;;;;EPDM;;GG 25;;
542;EMERSON;14 102;300;10;04/393299;0;0;0;INOX;EPDM;INOX;GJL-250;joint à lèvre;0
543;EMERSON;FIG 14 102;250;10;;;;;INOX;EPDM;INOX;GG 25;Joint à lèvre;
544;EMERSON;FIG 14 102;250;10;;;;;;EPDM;;GG 25;;
545;EMERSON;FIG 14 102;250;10;;;;;;EPDM;;GG 25;;
546;EMERSON;FIG 14 102;250;10;;;;;INOX;EPDM;INOX;GG 25;;JOINT A LEVRES
547;EMERSON;14 102;250;10;04/406369;0;0;0;INOX;EPDM;INOX;GJL-250;joint à lèvre;0
548;EMERSON;FIG 14 102;200;10;;;;;INOX;EPDM;INOX;GG 25;Joint à lèvre;
549;EMERSON;FIG 14 102;200;10;;;;;INOX;EPDM;INOX;GG 25;Joint à lèvre;
550;;;200;10;;;;;;;;;;
551;EMERSON;FIG 14 102;200;10;03/356029;0;0;0;INOX;EPDM;INOX;GJL-250;joint à lèvre;0
552;EMERSON;FIG 14 102;200;10;M454790;;;;INOX;EPDM;INOX;GG 25;Joint à lèvre;
553;EMERSON;FIG 14 102;200;10;;;;;INOX;EPDM;INOX;GG 25 ;Joint à lèvre;
554;EMERSON;FIG 14 102;200;10;;;;;INOX;EPDM;INOX;GG 25;Joint à lèvre;
555;EMERSON;FIG 14 102;200;10;;;;;INOX;EPDM;INOX;GG 25;Joint à lèvre;
556;EMERSON;FIG 14 102;200;10;18617;0;0;79E03601XX0PM00;INOX;EPDM;INOX;FONTE GG25;0;0
557;EMERSON;14 102;300;10;99252;0;0;0;INOX;EPDM;INOX;GG 25;Joint à lèvre;0
558;EMERSON;FIG 14 102;300;10;;;;;;EPDM;;GG 25;;
559;EMERSON;FIG 14 102;300;10;;;;796 036;INOX;EPDM;INOX;GG 25;Joint à lèvre;
560;EMERSON;FIG 14 102;300;10;;;;;;EPDM;;GG 25;;
561;EMERSON;FIG 14 102;300;10;99252;;;;INOX;EPDM;INOX;GG 25;joint à lèvre;
562;EMERSON;FIG 14 102;300;10;;;;;INOX;EPDM;INOX;GG 25;Joint à lèvre;
563;EMERSON;FIG 14 102;300;10;;;;;INOX;EPDM;INOX;GG 25;Joint à lèvre;
564;EMERSON;FIG 14 102;300;10;509962;;;;INOX;EPDM;INOX;GG 25;Joint à lèvre;
565;EMERSON;FIG 14 102;300;16;0;0;0;0;416SS;EPDM;316 SS;Fonte GS;Joint à lèvre;
566;EMERSON;FIG 14 102;200;10;;;;;INOX;EPDM;INOX;GG 25;joint à lèvre;
567;EMERSON;FIG 14 102;200;10;03/356025;0;0;0;INOX;EPDM;INOX;GJL-250;joint à lèvre;0
568;EMERSON;FIG 14 102;200;10;;;;;INOX;EPDM;Inox;GG 25;Joint à lèvre;
569;EMERSON;FIG 14 102;200;10;;;;;INOX;EPDM;INOX;GG 25;;JOINT A LEVRES
570;EMERSON;FIG 14 102;200;10;;;;;INOX;EPDM;INOX;GG 25;Joint à lèvre;
571;EMERSON;FIG 14 102;200;10;;;;;INOX;EPDM;INOX;GG 25 ;Joint à lèvre;
572;EMERSON;FIG 14 102;200;10;;;;;INOX;EPDM;INOX;GG 25;Joint à lèvre;
573;EMERSON;FIG 14 102;200;10;507969;;;;INOX;EPDM;INOX;GG 25;Joint à lèvre;
574;EMERSON;FIG 14 102;200;10;23980;0;0;79E03601XX0PM00;INOX;EPDM;INOX;FONTE GG25;joint à lèvre;0
575;VALMET METSO;L12A08AA;80;40;J5666923.08;0;0;0;INOX;INCOLOY825;316SS;CF8M;;
576;VALMET METSO;L12A08AA;80;40;J5666923.01;0;0;0;INOX;INCOLOY825;316SS;CF8M;0;
577;VALMET METSO;L12A08AA;80;40;J5626182.02;0;0;0;INOX;INCOLOY825;316SS;CF8M;0;
578;VALMET METSO;L12A08AA;80;40;J5678877.06;0;0;0;INOX;INCOLOY825;316SS;CF8M;0;0
579;VALMET METSO;L12A08AA;80;40;J5666923.05;0;;0;INOX;INCOLOY825;316SS;CF8M;0;0
580;TECOFI;VG6400 GX5CrNIMo 19-11-2 (inox);150;10;OF152513;;EN1092-2 et DIN 2501 : ISO PN10;;Inox 13%Cr;EPDM;Inox X5CrNiMo 17-12-2;;;
581;TECOFI;VG6400 GX5CrNIMo 19-11-2 (inox);250;10;OF152511;;EN1092-2 et DIN 2501 : ISO PN10;;Inox 13%Cr;EPDM;Inox X5CrNiMo 17-12-2;;;
582;TECOFI;VG6400 GX5CrNIMo 19-11-2 (inox);400;10;OF152521;;EN1092-2 et DIN 2501 : ISO PN10;;Inox 13%Cr;NBR;Stainless steel X5CrNi 18-10;;;
583;TECOFI;VG6400 GX5CrNIMo 19-11-2 (inox);250;10;OF152510;;EN1092-2 et DIN 2501 : ISO PN10;;Inox 13%Cr;NBR;Stainless steel X5CrNi 18-10;;;
584;TECOFI;VG6400 GX5CrNIMo 19-11-2 (inox);250;10;OF152511;;EN1092-2 et DIN 2501 : ISO PN10;;Inox 13%Cr;EPDM;Inox X5CrNiMo 17-12-2;;;
585;KEYSTONE;A536 65-45-12 (FIG. 320);50;16;32W0050-D0S0SGE1M4I;;;;INOX;;INOX;;;
586;TECOFI;VG6400 GX5CrNIMo 19-11-2 (inox);80;10;OF153249;;EN1092-2 et DIN 2501 : ISO PN10;;Inox 13%Cr;EPDM;Inox X5CrNiMo 17-12-2;;;
587;KEYSTONE;A536 65-45-12 (FIG. 320);80;16;32W0080-D0S0SGE1M4I;;;;INOX;;INOX;;;
588;KEYSTONE;A536 65-45-12 (FIG. 320);80;16;32W0080-D0S0SGE1M4I;;;;INOX;;INOX;;;
589;KEYSTONE;Fonte (FIG. 320);350;;F455 WM-009;;;;INOX;;INOX;;;
590;KEYSTONE;Fonte (FIG. 320);150;16;32W0150-D0S0SGE1M4I;;;;INOX;;INOX;;;
591;KEYSTONE;Fonte (FIG. 320);150;16;32W0150-D0S0SGE1M4I;;;;INOX;;INOX;;;
592;SAPAG;Fonte ;350;25;20/317321050 1;;;;INOX;;INOX;;;
593;KEYSTONE;Fig 320-112;100;16;?;;;;INOX;;INOX;;;
594;K-BALL;INOX;25;10;;;;;;;;;;
595;K-BALL;INOX;25;10;;;;;;;;;;
596;K-BALL;INOX;25;16;;;;;;;;;;
597;VALMET METSO;;350;25;S4005120840. 01;;;;;;;;;
598;VALMET METSO;CF8M;100;25;S4005081217. 06;;;;;;;;;
599;KEYSTONE;A536 65-45-12 (FIG. 320);50;16;32W0050-D0S0SGE1M4I;;;;INOX;;INOX;;;
600;TECOFI;VG6400 GX5CrNIMo 19-11-2 (inox);250;10;OF152511;;EN1092-2 et DIN 2501 : ISO PN10;;Inox 13%Cr;EPDM;Inox X5CrNiMo 17-12-2;;;
601;KEYSTONE;Fonte (FIG. 320);350;;F455 WM-009;;;;INOX;;INOX;;;
602;K-BALL;INOX;32;63;3040000639-40;;;;;;;;;
603;K-BALL;INOX;32;63;3040000639-40;;;;;;;;;
604;K-BALL;INOX;32;63;KLG-20/12;;;;;;;;;
605;TECOFI;VG6400 GX5CrNIMo 19-11-2 (inox);150;10;OF152513;;EN1092-2 et DIN 2501 : ISO PN10;;Inox 13%Cr;EPDM;Inox X5CrNiMo 17-12-2;;;
606;TECOFI;VG6400 GX5CrNIMo 19-11-2 (inox);150;10;OF152513;;EN1092-2 et DIN 2501 : ISO PN10;;Inox 13%Cr;EPDM;Inox X5CrNiMo 17-12-2;;;
607;TECOFI;VG6400 GX5CrNIMo 19-11-2 (inox);150;10;OF152513;;EN1092-2 et DIN 2501 : ISO PN10;;Inox 13%Cr;EPDM;Inox X5CrNiMo 17-12-2;;;
608;TECOFI;VG6400 GX5CrNIMo 19-11-2 (inox);150;10;OF152513;;EN1092-2 et DIN 2501 : ISO PN10;;Inox 13%Cr;EPDM;Inox X5CrNiMo 17-12-2;;;
609;TECOFI;VG6400 GX5CrNIMo 19-11-2 (inox);150;10;OF152513;;EN1092-2 et DIN 2501 : ISO PN10;;Inox 13%Cr;EPDM;Inox X5CrNiMo 17-12-2;;;
610;TECOFI;VG6400 GX5CrNIMo 19-11-2 (inox);200;10;OF152517;;EN1092-2 et DIN 2501 : ISO PN10;;Inox 13%Cr;EPDM;Inox X5CrNiMo 17-12-2;;;
611;TECOFI;VG6400 GX5CrNIMo 19-11-2 (inox);80;10;OF153248;;EN1092-2 et DIN 2501 : ISO PN10;;Inox 13%Cr;EPDM;Inox X5CrNiMo 17-12-2;;;
612;SAPAG;Fonte ;250;25;20/317321030 2;;;;INOX;;INOX;;;
613;SAPAG;Fonte ;250;25;20/317321030 3;;;;INOX;;INOX;;;
614;TECOFI;VG6400 GX5CrNIMo 19-11-2 (inox);400;10;OF152521;;EN1092-2 et DIN 2501 : ISO PN10;;Inox 13%Cr;NBR;Stainless steel X5CrNi 18-10;;;
615;TECOFI;VG6400 GX5CrNIMo 19-11-2 (inox);80;10;OF152514;;EN1092-2 et DIN 2501 : ISO PN10;;Inox 13%Cr;NBR;Stainless steel X5CrNi 18-10;;;
616;TECOFI;VG6400 GX5CrNIMo 19-11-2 (inox);250;10;OF152509;;EN1092-2 et DIN 2501 : ISO PN10;;Inox 13%Cr;NBR;Stainless steel X5CrNi 18-10;;;
617;TECOFI;VG6400 GX5CrNIMo 19-11-2 (inox);250;10;OF152509;;EN1092-2 et DIN 2501 : ISO PN10;;Inox 13%Cr;NBR;Stainless steel X5CrNi 18-10;;;
618;TECOFI;VG6400 GX5CrNIMo 19-11-2 (inox);150;10;OF153251;;EN1092-2 et DIN 2501 : ISO PN10;;Inox 13%Cr;NBR;Stainless steel X5CrNi 18-10;;;
619;TECOFI;VG6400 GX5CrNIMo 19-11-2 (inox);150;10;OF153250;;EN1092-2 et DIN 2501 : ISO PN10;;Inox 13%Cr;NBR;Stainless steel X5CrNi 18-10;;;
620;KEYSTONE;A536 65-45-12 (FIG. 320);50;16;32W0050-D0S0SGE1M4I;;;;INOX;;INOX;;;
621;KEYSTONE;A536 65-45-12 (FIG. 320);50;16;32W0050-D0S0SGE1M4I;;;;INOX;;INOX;;;
622;KEYSTONE;A536 65-45-12 (FIG. 320);50;16;32W0050-D0S0SGE1M4I;;;;INOX;;INOX;;;
623;KEYSTONE;FIG 320 112;150;16;?;;;;INOX;;INOX;;;
624;KEYSTONE;A536 65-45-12 (FIG. 320);50;16;32W0050-D0S0SGE1M4I;;;;INOX;;INOX;;;
625;KEYSTONE;A536 65-45-12 (FIG. 320);50;16;32W0050-D0S0SGE1M4I;;;;INOX;;INOX;;;
626;KEYSTONE;FIG 320 112;150;16;?;;;;INOX;;INOX;;;
627;KEYSTONE;FIG 320 112;150;16;?;;;;INOX;;INOX;;;
628;KEYSTONE;A536 65-45-12 (FIG. 320);200;16;32W0200-D0S0SGE1M4I;;;;INOX;;INOX;;;
629;AMRI KSB;ISORIA 10;150;10;76168514/0110;0;0;3T 6K 3G XA;INOX 13% (6K);XA;FGS 400.15 Revêtu plyuréthane;GG 25 (3t);0;
630;AMRI KSB;ISORIA 10;150;10;76168514/0110;0;0;3T 6K 3G XA;INOX 13% (6K);XA;FGS 400.15 POLYRUR. (3G);GG 25 (3T);0;
631;AMRI KSB;ISORIA 10;150;10;76168514/0110;0;0;3T 6K 3G XA;INOX 13% (6k);XA;FGS 400.15 POLYRUR. (3G);GG 25 (3T);0;
632;AMRI KSB;ISORIA 10;150;10;76168514/0110;0;0;3T 6K 3G XA;INOX 13% (6K);XA;FGS 400.15 POLYRUR. (3G);GG 25 (3T);0;
633;MASONEILAN;48-21124;25;ISO PN100;63.541505-1;0;0;0;0;0;0;A216 GR WCC;0;0
634;MASONEILAN;0;25;0;0;0;0;0;0;0;0;0;0;0
635;MASONEILAN;35-35202;25;10;0;0;0;0;0;0;0;A351 GR CF8M;0;0
636;MASONEILAN;35 - 35202;40;0;62-8734-05-1; ;0;0;0;0;0;0;0;0
637;VALMET METSO;L12A150AA;150;0;0;0;0;0;0;0;0;0;0;0
638;SCHLUMBERGER SEREG VANNES;Maxflo;150;0;0;0;0;0;0;0;0;0;0;0
639;MASONEILAN;35-35212;25;ISO PN100;0;0;0;0;0;0;0;A351 GR CF8M ;0;0
640;MASONEILAN;0;50;0;0;0;0;0;0;0;0;0;0;0
641;MASONEILAN;0;50;;0;0;0;0;0;0;0;0;0;0
642;0;0;0;0;0;0;0;0;0;0;0;0;0;0
643;0;0;0;0;0;0;0;0;0;0;0;0;0;0
644;MASONEILAN;0;50;0;0;0;0;0;0;0;0;0;0;0
645;MASONEILAN;0;50;;0;0;0;0;0;0;0;0;0;0
646;VALMET METSO;SPHERIQUE R1;50;25;HO18911;0;0;RAA050AS;0;STEL;329;CF8M;PTFE;0
647;VALMET METSO;LW;80;;;;;LW7LBA080AAJAT;;INCOLOY 824;316 SS;CF8M;;
648;VALMET METSO;LW;200;0;0;0;0;LW7LBA200AAJAT;0;INCOLOY 825;316 SS;CF8M;0;0
649;MASONEILAN;35-35202;25;ANSI 600 RF;;;;;;316;STEL 6;A216 GR WCC;PTFE/KEV;
650;VALMET METSO;L12A;350;25;0;0;0;0;0;0;INOX 316SS;CF8M;0;0
651;FISHER;V 500;50;40;;;;;;COCR 6;COCR 6;A216 WCC;PTFE;
652;FISHER;V 500;50;40;EU03232878;57,4;;;;CDCR 6;;WCC;PTFE/CARB;1R5795X0012
653;MASONEILAN;35-35212;25;ISO PN100;F-10-212500-001-03;15;0;0;ANSI 316;STEL n°6;STEL 6;A351 GR CF8M;0;0
654;MASONEILAN;35-35212;25;ISO PN100;F-10-212500-001-03;15;0;0;ANSI 316;STEL n°6;STEL 6;A351 GR CF8M;0;0
655;MASONEILAN; ;150;10;60.238101-1;0;0;0;0;0;0;A351 GR CF8M;0;0
656;VALMET METSO;RI;25;0;0;0;0;R1LA 01 AJJL;0;NELAL;329SS;CF8M;0;0
657;MASONEILAN;serie 37200;250;10;;;;;;;A351 GR CF8M;;PTFE/CARB;3260 LM LATTYFLON
658;MASONEILAN;0;50;ISO PN100;0;15;0;0;0;AISI316 STEL.E;AISI316 STEL.E;A351 GR CF8M;0;0
659;MASONEILAN; ;150;10;61-860906-2;0;0;0;0;0;0;A216 GR WCC;0;0
660;MASONEILAN;0;50;50;0;26;ISO E1-E1;0;ANSI 410;AISI 410;ANSI 410;A216 GR WCC;0;0
661;EMERSON;FIG 14 102;100;10;;;;;INOX;EPDM;INOX;FONTE GG25;;JOINT A LEVRES
662;FISHER;V 500;25;cl 300;EU03271681;5,01;PN50 DIN E1;rR 30006;XM-19 SST;ALLOY 6;ALLOY 6;WCC;PTFE;
663;MASONEILAN;Série 29000;25;250;0;2,3;Taraudée 34 mm;0;0;ASTM A564 Gr 630;316;ASTM A182 Gr F316;Téflon;0
664;ABO Valve;924B;150;16;176 063;0;0;0;Inox;EPDM-FDA;CFM 8;Fonte;0;0
665;ABO Valve;924B;150;16;176 071;0;0;0;Inox;EPDM-FDA;CFM 8;Fonte;0;0
666;VALMET METSO;L12;200;0;L12A200AAT;0;0;0;0;0;0;0;0;0
667;SAPAG;RTS 68411;20;80;14/699228 4;;Taraudé 3/4;;GX2CrNiMo 17-12-2;PTFE;GX2CrNiMo 17-12-2;GP 240 GH;PTFE/CARB 25%;
668;SCHLUMBERGER SEREG VANNES;Maxflo;80;0;T 8009;0;0;MTL 011A131A;0;PTFE;17-4 PH;A216 WCB;PTFE;Rainex
669;MASONEILAN;35-35202;25;ANSI 600 RF;;;;;;316;STEL 6;A216 GR WCC;PTFE/CARB;LATTYFLON 3260LM
670;SAPAG;RTS 67445A;32;10;05/232842 1;0;ISO PN 10 A 40;0;0;0;;0;0;
671;VALMET METSO;L1C;200;0;0;0;0;L1CMA 08 AAJA;SS 329 (J);INCOLOY 825 (A);CF8M (A);CF8M (A);PTFE;0
672;SCHLUMBERGER SEREG VANNES;Maxflo;150;10;;;;MTPD - 11A111E;;F 316;17-4 PH;A216 WCB;PTFE;
673;SCHLUMBERGER SEREG VANNES;Maxflo ;200;10;;;;MTQD 11A111E;;F 316;17-4 PH;A216 WCB;PTFE;
674;MASONEILAN;8821714;80;10;N-13-8251-001-01;0;0;0;0;316 ST;316 ST;CF8M;0;0
675;;CAMFLEX II;80;50;02-4848-02-1;135;ISO PN 50;0;ANSI 316;STEL n°6;ANSI 316L;A216 GR WCC;0;
676;MASONEILAN;CAMFLEX II;80;50;02-4848-02-2;135;ISO PN 50;0;ANSI 316;STEL n°6;ANSI 316L;A 216 GR WCC;CARB/TEFLON;3260 LM
677;VALMET METSO;CK;150;10;825W-51-2236MT;;;;1.4571;MTFE;1,4408;10 619;PTFE;
678;CCI VALVE;VSC-90B;P1: 150 P2: 200 P3: 25;P1: 100 P2: 50 P3: 100;275014-1;;;;;13CrMO44/HS25;X19CrMOVNbN111;SS 142224;GRAPHITE;
679;MASONEILAN;Série 21 000;25;50;0;3,8;ISO PN50 B1;0;0;0;0;A216 GR WCC;CARBONE/PTFE;LATTY 3260 LM
680;MASONEILAN;;80;ANSI 600;;;;;;AnSI 316 L STEL;;A216 GR WCC;;
681;VALMET METSO;R1;100;25;359244;;;R1LA 04 AJJL;329 SS;316+CELS 50NB;329 SS;CF8M;PTFE;
682;CCI VALVE;VST-56BSE;0;0;A17013SE-01;0;0;DET/DES 45/4 BARS;0;0;0;0;0;0
683;SAPAG;RTS 67442A;80;10;05/232846 1;0;0;0;0;0;0;0;0;0
684;EMERSON;FIG 14 102;150;10; ;;;;INOX;EPDM;INOX 316;FONTE FT125;;JOINT A LEVRES
685;MASONEILAN;35-35202;25;ANSI 600 RF;;2,8;;;;;;;;
686;EMERSON;FIG 320 112;200;10;0;0;0;0;INOX;EPDM;0;0;0;0
687;TECOFI;VG6400 GX5CrNIMo 19-11-2 (inox);300;10;0F152519;0;0;0;Inox 13%Cr;NBR;Inox X5CrNiMo 17-12-2;0;0;0
688;KEYSTONE;32W0080-DOS0SGE1M41;80;16;10036285-3;0;0;0;0;0;0;A536 65 45 12;0;0
689;KEYSTONE;0;100;10 bar;30949730013;0;0;0;0;0;0;EN-GJL-250;0;0
690;MASONEILAN;35-35212;25;0;0;2,8;0;0;0;0;0;A351 GR CF3M;0;0
691;MASONEILAN;35-35212;25;0;0;2,8;0;0;0;0;0;A351 GR CF3M;0;0
692;MASONEILAN;35-35212;25;0;0;2,8;0;0;0;0;0;A351 GR CF3M;0;0
693;MASONEILAN;35-35212;25;0;0;2,8;0;0;0;0;0;A351 GR CG3M;0;0
694;MASONEILAN;35-35212;25;0;0;2,8;0;0;0;0;0;A351 GR CF3M;0;0
695;MASONEILAN;35-35212;25;0;0;2,8;0;0;0;0;0;A351 GR CF3M;0;0
696;MASONEILAN;35-35212;25;0;0;2,8;0;0;0;0;0;A351 GR CF3M;0;0
697;MASONEILAN;35-35212;25;0;0;2,8;0;0;0;0;0;A351 GR CF3M;0;0
698;MASONEILAN;35-35212;25;0;0;2,8;0;0;0;0;0;A351 GR CF3M;0;0
699;KEYSTONE;Fig 320-112;50;16 bar;0;0;0;0;0;0;0;DI M.P.W.P;0;0
700;KEYSTONE;Fig.322;50;16 bar;0;0;0;0;0;0;0;DI M.P.W.P;0;0
701;KEYSTONE;0;50;16;GRW D12E M1;0;0;0;0;0;0;GSJ-400-15;0;0
702;SAPAG;RTS 68452;40;40;21/322798060 1;0;0;0;0;0;0;0;0;0
703;KEYSTONE;0;50;0;00/2885988;0;0;0;0;0;0;GJS-400-45;0;0
704;KEYSTONE;32W0050-D0S..;50;16;10045976-34;0;0;0;0;0;0;A536 65-45-12;0;0
705;EMERSON;32-0050W0MB;50;6;10086158-2;0;0;0;0;0;0;A536 65-45-12;0;0
706;KEYSTONE;32W0450-D0S0SGE1M41;150;16 bar ;10036224-67;0;0;0;0;0;0;A536 65-45-12;0;0
707;SAPAG;RTS 68412;20;115 bar;23/328637070 9;0;;0;0;0;0;0;0;0
708;SAPAG;FIG 68241;32;10;04847802;0;ISO PN10 A 40;0;0;0;0;316L;0;0
709;SAPAG;RTS 68452;40;40;21/322798060 2;;0;0;0;0;0;0;0;0
710;EMERSON;FIG 14 102;150;10;;;;;INOX;EPDM;INOX;GJL-250;;
711;EMERSON;FIG 14 102;150;10;;;;;INOX;EPDM;INOX;GJL-250;;
712;AMRI KSB;Gamma;500;10;0;0;0;0;0;0;0;0;0;0
713;AMRI KSB;DANAIS 150;150;10;.9972551899100;0;0;66E 6F B2B;0;0;0;0;0;0
714;AMRI KSB;DANAIS TYPE 1;200;10;0;0;0;0;INOX 17.4;INOX 301;inox 18 12;inox 18.12;0;0
715;AMRI KSB;DANAIS TYPE 1;200;10;0;0;0;0;INOX 17.4;INOX 301;inox 18 12;inox 18.12;0;0
716;AMRI KSB;GAMMA;200;10;0;0;0;3T 6P 3G XV;0;0;0;0;Jointure torique;0
717;NORBRO;0;20;0;0;0;0;0;0;0;0;0;0;0
718;EMERSON;FIG 14 102;150;10;0;0;0;0;INOX;EPDM;INOX;GG25;Joint à lèvre;0
719;NORBRO;0;20;0; ;0;0;0;0;0;0;0;0;0
720;EMERSON;FIG 14 102;50;10;0;0;0;0;inox;EPDM;316;ft 25;joint à lèvre;0
721;EMERSON;FIG 14 102;50;10;0;0;0;0;inox;EPDM;316;ft 25;joint à lèvre;0
722;EMERSON;FIG 14 102;50;10;0;0;0;0;inox;EPDM;316;ft 25;joint à lèvre;0
723;SAPAG;0;40; ;.07802089;0;0;0;0;0;0; ;0;0
724;SAPAG;FIG 68211A;15;0;15 744 201;0;FILET 15/21;0;0;0;0;316 L;0;0
725;VALMET METSO;LW7LBA200AAJAT;200;25;C0002379;0;0;0;239SS;INCOLOY 825;316SS;CF8M;0;0
726;CGR;0;50;40;0;0;0;0;0;0;0;0;0;0
727;CGR;0;50;40;0;0;0;0;0;0;0;0;0;0
728;AMRI KSB;ISORIA 10;200;10;;;;1MT 19 3T 6K6 XV;;;;;;
729;EMERSON;OPTISEAL FIG 14-102;100;10;03/284319;;;PRA00901XXOPM00;INOX;EPDM;INOX;EN-GJL-250;Joint à lèvre;
730;SAPAG;RTS 68442A;25;10;05/232845 1;0;0;0;0;0;0;0;0;
731;AIR TORQUE;Starline 233 SGS;15;40;0;0;DIN 3443 FORM A;0;0;PTFE chargé;F 316;A 105N;0;0
732;AIR TORQUE;Starline 233 SGS;15;40;0;0;0;0;0;0;F 316;LF2;0;0
733;AMRI KSB;ISORIA 10;150;10; ;0;0;3G 6K 6XV;0;0;0;0;0;0
734;AMRI KSB;ISORIA 10;150;10; ;0;0;3G 6K 6XV;0;0;0;0;0;0
735;SAPAG;RTS 68411;10;80;14/689229 3;;Taraudé 3/8ème;;GX2CrNiMo 17-12-2;PTFE;GX2CrNiMo 17-12-2;GP 240 GH;PTFE/CARB 25%;
736;EMERSON;RTS 68411;10;80;17/789730 1;0;FILETS 3/8;0;0;0;0;0;0;0
737;AMRI KSB;ISORIA 10;100;10;9972324707/800;0;0;3G 6K 6XV;0;XV;0;0;0;0
738;;F100-40-16;100;10;;;;;;;;;;
739;EMERSON;PREMISEAL 38DW-112;32;16;09/2318200;0;0;0;0;EPDM;INOX;0;0;0
740;SAPAG;RTS 67442A;80;10; ;0;0;0;0;0;0;0;0;
741;SAPAG;RTS 67442A;100;10;05/232841 2;0;PN 1016;0;0;0;0;0;0;
742;EMERSON;FIG 14 102;100;10;0;0;0;0;0;0;0;GG 25;0;0
743;EMERSON;FIG 14 102;200;10;127095;;;;INOX;EPDM;INOX 316;FONTE FT125;;JOINT A LEVRES
744;KEYSTONE;32W0080-D0S0SGE1M4I;80;16;10036285-24;;;;INOX;;INOX;A536 65 45 12;;
745;KEYSTONE;Fig 320-112;150;16;;;;;INOX;;INOX;GI;;
746;KEYSTONE;32W0150-DOSOSGE1M41;150;16;10025801-9;0;;;0;0;0;0;0;0
747;KEYSTONE;32W0150-DOSOSGE1M41;150;16;10024807-18;;;;INOX;;INOX;A536 65 45 12;;
748;KEYSTONE;FIG 320 112;150;10;;0;0;0;0;EPDM collé;INOX;GG 25;0;0
749;KEYSTONE;32W0150-DOSOSGE1M41;150;16;10032789-23;0;0;0;INOX;INOX;INOX;A536 65-45-12;0;0