NUM POSITIONNEUR;FOURNISSEUR POSITIONNEUR;INTELLIGENT;ELECTRIQUE;PNEUMATIQUE;type positionneur;N° DE SERIE;SIGNAL ENTREE;PRES. ALIM.;SIGNAL SORTIE;REPERE CAME;FACE CAME;ACTION DIRECTE;ACTION INVERSE;LOI;FERMEE A;OUVERTE A
1;;;;;;;;;;;;;;;;
2;;;;;;;;;;;;;;;;
3;;;;;;;;;;;;;;;;
4;;;;;;;;;;;;;;;;
5;0;0;0;0;0;0;0;0;0;0;0;0;0;0;0;0
6;VALMET METSO;X;0;0;ND 9102HN ;PH20091057;4 - 20 mA;8 bars max;0;0;0;x;;Lineaire;4 mA;20 mA
7;VALMET METSO;X;0;0;ND 9103 HN;PH11360260;4 - 20 mA;8 bar max;0;0;0;X;0;Linéaire;4 mA;20 mA
8;AMRI KSB;;;X;Régulactair;;0,2 - 1 bar;;;;;;;linéaire;1 bar;0,2 bar
9;AMRI KSB;;;X;;;0,2 - 1 bar;3 à 6 bar;;3;;X;;Linéaire;0,2 bar;1 bar
10;AMRI KSB;0;0;X;0;0;0,6 - 1 bar;12 bar max;0;0;0;X;0;Split Range;12 mA;20 mA
11;METSO;X;X;0;ND9103HN/156;0;4-20Ma;8,5 bars max;0;0;0;X;0;Lineaire;4 Ma;20 Ma
12;0;0;0;0;0;0;0;0;0;0;0;0;0;0;0;0
13;0;0;0;0;0;0;0;0;0;0;0;0;0;0;0;0
14;0;0;0;0;0;0;0;0;0;0;0;0;0;0;0;0
15;0;0;0;0;0;0;0;0;0;0;0;0;0;0;0;0
16;0;0;0;0;0;0;0;0;0;0;0;0;0;0;0;0
17;0;0;0;0;0;0;0;0;0;0;0;0;0;0;0;0
18;AMRI KSB;0;X;X;8013-255;51-51516159;4 - 20 mA;0;0;5;0;0;0;Linéaire;4 mA;20 mA
19;MASONEILAN;0;X;X;8013-255;51-5151722-1;4 - 16 mA;0;0;5;0;0;0;linéaire;4 mA;16 mA
20;MASONEILAN;0;X;X;8013-255;51-51516164;16 - 20 mA;0;0;5;0;X;0;Linéaire;16 mA;20 mA
21;METSO;X;;0;ND9103HN/I52;;4 - 20 mA;3 bars max;0;0;0;X;0;LINEAIRE;4 mA;20 mA
22;METSO;X;;0;ND9103HN/I52;PH19440401;4 - 20 mA;0;0;0;0;0;0;0;4 mA;20 mA
23;EMERSON;0;X;0;AVID ESYCAL;EZ 020000D0B-00-0R2;4 - 20 mA;0;0;0;0;0;0;linéaire;4 mA;20 mA
24;EMERSON;0;X;0;AVID ESYCAL;EZ 020000D0B 00 0R2;4 - 20 mA;0;0;0;0;0;0;Linéaire ;4 mA;20 mA
25;0;0;0;0;0;0;0;0;0;0;0;0;0;0;0;0
26;0;0;0;0;0;0;0;0;0;0;0;0;0;0;0;0
27;;;;;;;;;;;;;;;;
28;;;;;;;;;;;;;;;;
29;;;;;;;;;;;;;;;;
30;0;0;0;0;0;0;0;0;0;0;0;0;0;0;0;0
31;0;0;0;0;0;0;0;0;0;0;0;0;0;0;0;0
32;;;;;;;;;;;;;;;;
33;;;;;;;;;;;;;;;;
34;0;0;0;0;0;0;0;0;0;0;0;0;0;0;0;0
35;;;;;;;;;;;;;;;;
36;0;0;0;0;0;0;0;0;0;0;0;0;0;0;0;0
37;;;;;;;;;;;;;;;;
38;0;0;0;0;0;0;0;0;0;0;0;0;0;0;0;0
39;0;0;0;0;0;0;0;0;0;0;0;0;0;0;0;0
40;0;0;0;0;0;0;0;0;0;0;0;0;0;0;0;0
41;;;;;;;;;;;;;;;;
42;;;;;;;;;;;;;;;;
43;;;;;;;;;;;;;;;;
44;0;0;0;0;0;0;0;0;0;0;0;0;0;0;0;0
45;0;0;0;0;0;0;0;0;0;0;0;0;0;0;0;0
46;0;0;0;0;0;0;0;0;0;0;0;0;0;0;0;0
47;0;0;0;0;0;0;0;0;0;0;0;0;0;0;0;0
48;;;;;;;;;;;;;;;;
49;0;0;0;0;0;0;0;0;0;0;0;0;0;0;0;0
50;0;0;0;0;0;0;0;0;0;0;0;0;0;0;0;0
51;0;0;0;0;0;0;0;0;0;0;0;0;0;0;0;0
52;0;0;0;0;0;0;0;0;0;0;0;0;0;0;0;0
53;0;0;0;0;0;0;0;0;0;0;0;0;0;0;0;0
54;0;0;0;0;0;0;0;0;0;0;0;0;0;0;0;0
55;0;0;0;0;0;0;0;0;0;0;0;0;0;0;0;0
56;AMRI KSB;;;;;;;;;;;;;;;
57;;0;0;0;0;0;0;0;0;0;0;0;0;0;0;0
58;0;0;0;0;0;0;0;0;0;0;0;0;0;0;0;0
59;VALMET METSO;X;; ;ND 9103 HN/I56; ;4 - 20 mA;8 bar max;0;0;0;0;0;Linéaire;4 mA;20 mA
60;VALMET METSO;X;; ;ND 9103 HN/I56; ;4 - 20 mA;8 bar max;0;0;0;0;0;Linéaire;4 mA;20 mA
61;VALMET METSO;X;; ;ND 9103 HN/I56; ;4 - 20 mA;8 bar max;0;0;0;0;0;Linéaire;4 mA;20 mA
62;AMRI KSB;X;0;0;ND 9102 HN/I56;PH16140665;4 - 20 mA;8 bar max;0;0;0;X;0;linéaire;4 mA;20 mA
63;;;;;;;;;;;;;;;;
64;AMRI KSB;X;0;0;ND 9102 HN/I56;PH16480331;4 - 20 mA;8 bar max;0;0;0;x;0;Linéaire;4 mA;20 mA
65;VALMET METSO;X;0;0;ND 9102 HN/I56;PH16480330;4 - 20 mA;8 bar max;0;0;0;X;0;linéaire;4 mA;20 mA
66;VALMET METSO;X;;0;ND 9102HN/I56;PH16140664;4 - 20 mA;7 bar max;0;0;0;0;X;Linéaire;20 mA;4 mA
67;0;0;0;0;0;0;0;0;0;0;0;0;0;0;0;0
68;0;0;0;0;0;0;0;0;0;0;0;0;0;0;0;0
69;0;0;0;0;0;0;0;0;0;0;0;0;0;0;0;0
70;0;0;0;0;0;0;0;0;0;0;0;0;0;0;0;0
71;0;0;0;0;0;0;0;0;0;0;0;0;0;0;0;0
72;MASONEILAN;0;0;X;0;0;0,2 - 1 bar;2,4 bar;0;0;0;0;0;Linéaire;0,6 bar;0,2 bar
73;MASONEILAN;0;0;X;0;0;0,2 - 1 bar;2,4 bar;0;0;0;0;0;Linéaire;0,6 bar;0,2 bar
74;SCHLUMBERGER;X;;;ND9102HN/I56;PH1904141;;8 bars max;;;;x;;Linéaire;4 mA;20 mA
75;MASONEILAN;0;X;0;8013;51933550452;4 - 20 mA;1,4 bar;0,48 - 1,03 bar;2;0;X;0;Egal pourcentage;4 mA;20 mA
76;MASONEILAN;0;X;0;8013;51933550450;4 - 20 mA;1,4 bar;0,48 - 1,03 bar;2;0;X;0;Egal pourcentage;4 mA;20 mA
77;0;0;0;0;0;0;0;0;0;0;0;0;0;0;0;0
78;0;0;0;0;0;0;0;0;0;0;0;0;0;0;0;0
79;0;0;0;0;0;0;0;0;0;0;0;0;0;0;0;0
80;0;0;0;0;0;0;0;0;0;0;0;0;0;0;0;0
81;0;0;0;0;0;0;0;0;0;0;0;0;0;0;0;0
82;0;0;0;0;0;0;0;0;0;0;0;0;0;0;0;0
83;0;0;0;0;0;0;0;0;0;0;0;0;0;0;0;0
84;0;0;0;0;0;0;0;0;0;0;0;0;0;0;0;0
85;0;0;0;0;0;0;0;0;0;0;0;0;0;0;0;0
86;0;0;0;0;0;0;0;0;0;0;0;0;0;0;0;0
87;0;0;0;0;0;0;0;0;0;0;0;0;0;0;0;0
88;0;0;0;0;0;0;0;0;0;0;0;0;0;0;0;0
89;0;0;0;0;0;0;0;0;0;0;0;0;0;0;0;0
90;0;0;0;0;0;0;0;0;0;0;0;0;0;0;0;0
91;0;0;0;0;0;0;0;0;0;0;0;0;0;0;0;0
92;0;0;0;0;0;0;0;0;0;0;0;0;0;0;0;0
93;0;0;0;0;0;0;0;0;0;0;0;0;0;0;0;0
94;0;0;0;0;0;0;0;0;0;0;0;0;0;0;0;0
95;0;0;0;0;0;0;0;0;0;0;0;0;0;0;0;0
96;0;0;0;0;0;0;0;0;0;0;0;0;0;0;0;0
97;0;0;0;0;0;0;0;0;0;0;0;0;0;0;0;0
98;0;0;0;0;0;0;0;0;0;0;0;0;0;0;0;0
99;MASONEILAN;;;X;7600;;0,2 - 1 bar;3,8 bar max;;;;;x;Linéaire;0,2 bar;1 bar
100;;;;;;;;;;;;;;;;
101;MASONEILAN;0;X;0;8013;64 - 2408 - 01 - 1;4 - 20 mA;1,4 bar;0,48 - 1,03 bar;1;0;X;0;Linéaire;4 mA;20 mA
102;METSO;X;0;0;ND 9106 HN;PH12510284;4 - 20 mA;8 bar max;0;0;0;X;0;Linéaire;4 mA;20 mA
103;METSO;X;0;0;ND 9106 HN;PH12510283;4 - 20 mA;8 bar max;0;0;0;x;0;Linéaire;4 mA;20 mA
104;AMRI KSB;X;0;0;ND 9102HN;PH10150301;4 - 20 mA;1,4 à 8 bar;0;0;0;x;0;Linéaire;4 mA;20 mA
105;VALMET METSO;X;0;0;ND 9103 HN/I56;PH13020398;4 - 20 mA;1,4 à 8 bar;0;0;0;X;0;Linéaire;4 mA;20 mA
106;VALMET METSO;X;0;0;ND 9103 HN/I56;PH13020395;4 - 20 mA;1,4 à 8 bar;0;0;0;X;0;Linéaire;4 mA;20 mA
107;VALMET METSO;X;0;0;ND 9103 HN/I56;PH13020399;4 - 20 mA;8 bar max;0;0;0;x;0;Linéaire;4 mA;20 mA
108;VALMET METSO;X;0;0;ND 9103 HN/I56;PH13020393;4 - 20 mA;1,4 à 8 bar;0;0;0;X;0;Linéaire;4 mA;20 mA
109;AMRI KSB;X;0;0;ND 9102 HN/I56;PH10150304;4 - 20 mA;0;0;0;0;0;0;Linéaire;4 mA;20 mA
110;AMRI KSB;0;0;0;0;0;0;0;0;0;0;0;0;0;0;0
111;AMRI KSB;0;0;0;0;0;0;0;0;0;0;0;0;0;0;0
112;;;;;;;;;;;;;;;;
113;MASONEILAN;;X;;;62-557101-2;4 - 20 mA;1,4 bar;0,48 - 1,03 bar;1;;X;;Linéaire;4 mA;20 mA
114;VALMET METSO;X;0;0;ND9102HN/I56;PH18110208;4 - 20 mA;8 bar max;0;0;0;X;0;Linéaire;4 mA;20 mA
115;0;0;0;0;0;0;0;0;0;0;0;0;0;0;0;0
116;0;0;0;0;0;0;0;0;0;0;0;0;0;0;0;0
117;0;0;0;0;0;0;0;0;0;0;0;0;0;0;0;0
118;0;0;0;0;0;0;0;0;0;0;0;0;0;0;0;0
119;0;0;0;0;0;0;0;0;0;0;0;0;0;0;0;0
120;0;0;0;0;0;0;0;0;0;0;0;0;0;0;0;0
121;0;0;0;0;0;0;0;0;0;0;0;0;0;0;0;0
122;0;0;0;0;0;0;0;0;0;0;0;0;0;0;0;0
123;0;0;0;0;0;0;0;0;0;0;0;0;0;0;0;0
124;0;0;0;0;0;0;0;0;0;0;0;0;0;0;0;0
125;0;0;0;0;0;0;0;0;0;0;0;0;0;0;0;0
126;0;0;0;0;0;0;0;0;0;0;0;0;0;0;0;0
127;0;0;0;0;0;0;0;0;0;0;0;0;0;0;0;0
128;0;0;0;0;0;0;0;0;0;0;0;0;0;0;0;0
129;0;0;0;0;0;0;0;0;0;0;0;0;0;0;0;0
130;0;0;0;0;0;0;0;0;0;0;0;0;0;0;0;0
131;0;0;0;0;0;0;0;0;0;0;0;0;0;0;0;0
132;0;0;0;0;0;0;0;0;0;0;0;0;0;0;0;0
133;0;0;0;0;0;0;0;0;0;0;0;0;0;0;0;0
134;0;0;0;0;0;0;0;0;0;0;0;0;0;0;0;0
135;0;0;0;0;0;0;0;0;0;0;0;0;0;0;0;0
136;0;0;0;0;0;0;0;0;0;0;0;0;0;0;0;0
137;0;0;0;0;0;0;0;0;0;0;0;0;0;0;0;0
138;VALMET METSO;X;0;0;ND9102HN/I56;PH19030543;0;8 bars max;0;0;0;X;0;LINEAIRE;4 mA;20mA
139;VALMET METSO;X;0;0;ND 9103 HN/I56;PH13020401;4 - 20 mA;8 bar max;0,48 - 1,03 bar;0;0;x;0;Linéaire;4 mA;20 mA
140;VALMET METSO;X;0;0;ND 9103 HN/I56;PH13020397;4 - 20 mA;8 bar max;0;0;0;X;0;Linéaire;4 mA;20 mA
141;VALMET METSO;X;0;0;ND 9103 HN/I56;PH13020392;4 - 20 mA;8 bar max;0;0;0;X;0;Linéaire;4 mA;20 mA
142;VALMET METSO;X;0;0;ND 9103 HN/I56;PH13020400;4 - 20 mA;8 bar max;0;0;0;X;0;Linéaire;4 mA;20 mA
143;VALMET METSO;X;0;0;ND 9103 HN/I56;PH13020396;4 - 20 mA;8 bar max;0;0;0;X;0;Linéaire;4 mA;20 mA
144;AMRI KSB;X;0;0;ND 9103 HN/I56;PH13020394;4 - 20 mA;8 bar max;0;0;0;X;0;Linéaire;4 mA;20 mA
145;VALMET METSO;X;;0;ND 9103HN/I52;PH15220868;4 - 20 mA;1.8 bar;;;0;X;0;Linéaire;4 mA;20 mA
146;VALMET METSO;X;;;ND 9103 HN/I56;PH15370185;4 - 20 mA;1.8 bar;;;;X;;Linéaire;4 mA;20 mA
147;METSO;X;0;0;ND 9106 HN/I56;PH12170982;4 - 20 mA;8 bar max;0;0;0;X;0;Linéaire;4 mA;20 mA
148;;;;;;;;;;;;;;;;
149;0;0;0;0;0;0;0;0;0;0;0;0;0;0;0;0
150;SCHLUMBERGER SEREG VANNES;0;X;0;KS DAO 2B1D88;1 B 502 T;4 - 20 mA;1,4 bar;0;A;0;0;X;Linéaire;4 mA;20 mA
151;SCHLUMBERGER SEREG VANNES;0;X;0;KS DAO 2B1D88;1B503T;4 - 20 mA;1,4 bar;0,2 - 1 bar;A;0;0;X;Linéaire;4 mA;20 mA
152;SCHLUMBERGER SEREG VANNES;0;X;0;KS DAO 2B1D88;1B501T;4 - 20 mA;1,4 bar;0;A;0;0;X;Linéaire;4 mA;20 mA
153;AMRI KSB;X;0;0;ND 9103 HN/I56;PH14070029;4 - 20 mA;1,7 bar;0;0;0;X;0;Linéaire;4 mA;20 mA
154;MASONEILAN;0;0;0;0;0;0;0;0;0;0;0;0;0;0;0
155;NELES;X;;;ND9102HN/I56;PH19410280;4 - 20 mA;8 bar max;;;;X;;Linéaire;4 mA;20 mA
156;MASONEILAN;;X;;8013;64-2133-01-1;4 - 20 mA;1,4 bar;0,48 - 1,03 bar;2;A;X;;Egal pourcentage;4 mA;20 mA
157;MASONEILAN;;X;;8013;64-2133-01-3;4 - 20 mA;1,4 bar;0,48 - 1,03 bar;2;A;X;;Egal pourcentage;4 mA;20 mA
158;MASONEILAN;;X;;8013;64-2133-01-2;4 - 20 mA;1,4 bar;0,48 - 1,03 bar;2;A;X;;Egal pourcentage;4 mA;20 mA
159;AMRI KSB;0;X;0;EPOSE 1435;88092764-5175459/0033;0;0;0;0;0;0;0;0;0;0
160;AMRI KSB;0;X;0;EPOSE 1435;88092764-5175459/0027;0;0;0;0;0;0;0;0;0;0
161;0;0;0;0;0;0;0;0;0;0;0;0;0;0;0;0
162;0;0;0;0;0;0;0;0;0;0;0;0;0;0;0;0
163;0;0;0;0;0;0;0;0;0;0;0;0;0;0;0;0
164;0;0;0;0;0;0;0;0;0;0;0;0;0;0;0;0
165;0;0;0;0;0;0;0;0;0;0;0;0;0;0;0;0
166;0;0;0;0;0;0;0;0;0;0;0;0;0;0;0;0
167;0;0;0;0;0;0;0;0;0;0;0;0;0;0;0;0
168;0;0;0;0;0;0;0;0;0;0;0;0;0;0;0;0
169;0;0;0;0;0;0;0;0;0;0;0;0;0;0;0;0
170;0;0;0;0;0;0;0;0;0;0;0;0;0;0;0;0
171;0;0;0;0;0;0;0;0;0;0;0;0;0;0;0;0
172;0;0;0;0;0;0;0;0;0;0;0;0;0;0;0;0
173;0;0;0;0;0;0;0;0;0;0;0;0;0;0;0;0
174;0;0;0;0;0;0;0;0;0;0;0;0;0;0;0;0
175;0;0;0;0;0;0;0;0;0;0;0;0;0;0;0;0
176;0;0;0;0;0;0;0;0;0;0;0;0;0;0;0;0
177;0;0;0;0;0;0;0;0;0;0;0;0;0;0;0;0
178;0;0;0;0;0;0;0;0;0;0;0;0;0;0;0;0
179;0;0;0;0;0;0;0;0;0;0;0;0;0;0;0;0
180;0;0;0;0;0;0;0;0;0;0;0;0;0;0;0;0
181;0;0;0;0;0;0;0;0;0;0;0;0;0;0;0;0
182;0;0;0;0;0;0;0;0;0;0;0;0;0;0;0;0
183;0;0;0;0;0;0;0;0;0;0;0;0;0;0;0;0
184;AMRI KSB;0;0;0;0;0;0;0;0;0;0;0;0;0;0;0
185;AMRI KSB;0;0;0;0;0;0;0;0;0;0;0;0;0;0;0
186;AMRI KSB;0;0;0;0;0;0;0;0;0;0;0;0;0;0;0
187;0;0;0;0;0;0;0;0;0;0;0;0;0;0;0;0
188;0;0;0;0;0;0;0;0;0;0;0;0;0;0;0;0
189;0;0;0;0;0;0;0;0;0;0;0;0;0;0;0;0
190;0;0;0;0;0;0;0;0;0;0;0;0;0;0;0;0
191;0;0;0;0;0;0;0;0;0;0;0;0;0;0;0;0
192;0;0;0;0;0;0;0;0;0;0;0;0;0;0;0;0
193;0;0;0;0;0;0;0;0;0;0;0;0;0;0;0;0
194;0;0;0;0;0;0;0;0;0;0;0;0;0;0;0;0
195;0;0;0;0;0;0;0;0;0;0;0;0;0;0;0;0
196;0;0;0;0;0;0;0;0;0;0;0;0;0;0;0;0
197;0;0;0;0;0;0;0;0;0;0;0;0;0;0;0;0
198;METSO;X; ;0;ND 9106 HN;PH12510601;4 - 20 mA;1,4 à 8 bar;0;0;0;X;0;Linéaire;4 mA;20 mA
199;0;0;0;0;0;0;0;0;0;0;0;0;0;0;0;0
200;;;;;;;;;;;;;;;;
201;0;0;0;0;0;0;0;0;0;0;0;0;0;0;0;0
202;0;0;0;0;0;0;0;0;0;0;0;0;0;0;0;0
203;0;0;0;0;0;0;0;0;0;0;0;0;0;0;0;0
204;0;0;0;0;0;0;0;0;0;0;0;0;0;0;0;0
205;0;0;0;0;0;0;0;0;0;0;0;0;0;0;0;0
206;0;0;0;0;0;0;0;0;0;0;0;0;0;0;0;0
207;0;0;0;0;0;0;0;0;0;0;0;0;0;0;0;0
208;0;0;0;0;0;0;0;0;0;0;0;0;0;0;0;0
209;0;0;0;0;0;0;0;0;0;0;0;0;0;0;0;0
210;0;0;0;0;0;0;0;0;0;0;0;0;0;0;0;0
211;0;0;0;0;0;0;0;0;0;0;0;0;0;0;0;0
212;0;0;0;0;0;0;0;0;0;0;0;0;0;0;0;0
213;0;0;0;0;0;0;0;0;0;0;0;0;0;0;0;0
214;0;0;0;0;0;0;0;0;0;0;0;0;0;0;0;0
215;0;0;0;0;0;0;0;0;0;0;0;0;0;0;0;0
216;0;0;0;0;0;0;0;0;0;0;0;0;0;0;0;0
217;0;0;0;0;0;0;0;0;0;0;0;0;0;0;0;0
218;;;;;;;;;;;;;;;;
219;;;;;;;;;;;;;;;;
220;0;0;0;0;0;0;0;0;0;0;0;0;0;0;0;0
221;0;0;0;0;0;0;0;0;0;0;0;0;0;0;0;0
222;0;0;0;0;0;0;0;0;0;0;0;0;0;0;0;0
223;AMRI KSB;0;0;X;0;0;0;0;0;0;0;0;0;0;0;0
224;METSO;X;0;0;ND 9106 HN/I56;PH14050313;4 - 20 mA;8 bar max;0;0;0;X;0;Linéaire;4 mA;20 mA
225;METSO;X;0;0;ND 9106 HN;PH16480328;4 - 20 mA;0;0;0;0;0;0;Linéaire;4 mA;20 mA
226;METSO;X;0;0;ND 9106 HN/I56;PH10150302;4 - 20 mA;8 bar max;0;0;0;X;0;Linéaire;4 mA;20 mA
227;METSO;X;0;0;ND 9106 HN/I56;PH12170978;4 - 20 mA;8 bar max;0;0;0;X;0;Linéaire;4 mA;20 mA
228;METSO;X;0;0;ND 9106 HN/I56;PH12170977;4 - 20 mA;8 bar max;0;0;0;x;0;Linéaire;4 mA;20 mA
229;0;0;0;0;0;0;0;0;0;0;0;0;0;0;0;0
230;AMRI KSB;0;0;0;0;0;0;0;0;0;0;0;0;0;0;0
231;METSO;X;0;0;ND 9106 HN/I56;PH13020411;4 - 20 mA;8 bar max;0;0;0;X;0;Linéaire;4 mA;20 mA
232;AMRI KSB;0;0;X;0;0;0,2 - 1 bar;0;0;0;0;0;0;Linéaire;0;0
233;METSO;X;0;0;ND 9106 HN/I56;PH170040457;4 - 20 mA;8 bar max;0;0;0;X;0;linéaire;4 mA;20 mA
234;AMRI KSB;0;0;X;0;0;0;0;0;0;0;0;0;Linéaire;0;0
235;METSO;X;0;0;ND 9106 HN/I56;PH170040456;4 - 20 mA;8 bar max;0;0;0;X;0;linéaire;4 Ma;20 mA
236;AMRI KSB;0;0;X;0;0;0;0;0;0;0;0;0;0;0,2 bar;1 bar
237;METSO;X;0;0;ND 9106 HN/I56;PH14060370;4 - 20 mA;8 bar max;0;0;0;X;0;Linéaire;4 mA;20 mA
238;AMRI KSB;0;0;X;0;0;0,2 - 1 bar;0;0;0;0;0;0;Linéaire;0,2 bar;1 bar
239;METSO;X;0;0;ND 9103 HN/I56;PH170040458;4 - 20 mA;8 bar max;0;0;0;X;0;Linéaire;4 mA;20 mA
240;AMRI KSB;0;0;X;0;0;0,2 - 1 bar;0;0;0;0;0;0;Linéaire;0;0
241;METSO;X;0;0;ND 9103 HN/I56;PH170040459;4 - 20 mA;8 bar max;0;0;0;X;0;Linéaire;4 mA;20 mA
242;METSO;X;0;0;ND 9106 HN/I56;0;4 - 20 mA;0;0;0;0;X;0;0;4 mA;20 mA
243;METSO;x;0;0;ND 9106 HN/I56;PH14050314;4 - 20 mA;8 bar max;0;0;0;X;0;Linéaire;4 mA;20 mA
244;METSO;X;0;0;ND 9106 HN/I56;PH12170974;4 - 20 mA;8 bar max;0;0;0;X;0;Linéaire;4 mA;20 mA
245;METSO;X;0;0;ND 9106 HN/I56;PH12170975;4 - 20 mA;8 bar max;0;0;0;X;0;Linéaire;4 mA;20 mA
246;METSO;X;0;0;ND 9106 HN/I56;PH12170976;4 - 20 mA;8 bar max;0;0;0;x;0;Linéaire;4 mA;20 mA
247;AMRI KSB;0;0;0;0;0;0;0;0;0;0;0;0;0;0;0
248;AMRI KSB;0;0;X;0;0;0,2 - 1 bar;0;0;3;0;X;0;Linéaire;0,2 bar;1 bar
249;METSO;X;0;0;ND 9103 HN/I56;PH14200341;4 - 20 mA;8 bar max;0;0;0;X;0;Linéaire;4 mA;20 mA
250;AMRI KSB;0;0;X;0;0;0,2 - 1 bar;0;0;0;0;X;0;Linéaire;0,2 bar;1 bar
251;METSO;X;0;0;ND 9106 HN/I56;PH170040453;4 - 20 mA;8 bar max;0;0;0;x;0;Linéaire;4 mA;20 mA
252;METSO;X;0;0;ND 9103 HN/I56;PH16480327;4 - 20 mA;8 bar max;0;0;0;X;0;Linéaire;4 mA;20 mA
253;SAMSON;;X;;3772-0;890480;4 - 20 mA;3 - 6 bar;;11;B;X;;Linéaire;4 mA;20 mA
254;METSO;X;0;0;ND 9103 HN/I56;PH17040455;4 - 20 mA;8 bar max;0;0;0;X;0;Linéaire;4 mA;20 mA
255;METSO;X;0;0;ND 9106 HN/I56;PH14500299;4 - 20 mA;8 bar max;0;0;0;X;0;Linéaire;4 mA;20 mA
256;METSO;X;0;0;ND 9102 HN/I56;0;4 - 20 mA;8 bar max;0;0;0;0;0;Linéaire;4 mA;20 mA
257;0;0;0;0;0;0;0;0;0;0;0;0;0;0;0;0
258;METSO;X;;;ND 822/S1;2001250493;4 - 20 mA;2,5 - 8 bar;;;;X;;Linéaire;4 mA;20 mA
259;METSO;X;0;0;ND 9102 HN/I56;0;4 - 20 mA;8 bar max;0;0;0;X;0;0;4 mA;20 mA
260;VALMET METSO;X;0;0;ND 9103HN/I52;PH14500300;4 - 20 mA;1,4 bar;0,48 - 1,03 bar;0;0;X;0;Linéaire;4 mA;20 mA
261;FISHER;X;;;DVC 5020;EU03267209;4 - 20 mA;3,8 bar max;0 - 2,3 bar;;;;;linéaire;20 mA;4 mA
262;MASONEILAN;;X;;8013;;4 - 20 mA;1,4 bar;0,48 - 1,03 bar;8;;X;;Linéaire;20 mA;4 mA
263;EMERSON-PENTAIR;X;;;DVC 5020;EU 03267209;4 - 20 mA;3,8 bar max;0 - 2,3 bar;;;;X;Linéaire;20 mA;4 mA
264;METSO;X;;;ND 9106 HN;PH08260643;4 - 20 mA;1,4 à 8 bar;;;;;;Linéaire;4 mA;20 mA
265;CCI VALVE;X;0;0;C330;312208;4 - 20 mA;1,4 à 7 bar;0;0;0;X;0;Linéaire;4 mA;20 mA
266;MASONEILAN;;X;;8013;62-8734-01-1;4 - 20 mA;2,1 bar;0,48 - 1,65 bar;2;;X;;Egal pourcentage;4 mA;20 mA
267;;;;;;;;;;;;;;;;
268;0;0;0;0;0;0;0;0;0;0;0;0;0;0;0;0
269;0;0;0;0;0;0;0;0;0;0;0;0;0;0;0;0
270;0;0;0;0;0;0;0;0;0;0;0;0;0;0;0;0
271;0;0;0;0;0;0;0;0;0;0;0;0;0;0;0;0
272;;;;;;;;;;;;;;;;
273;METSO;X;0;0;ND 822/S1A;PH03170577;4 - 20 mA;2,5 - 8 bar;0;0;0;0;0;Linéaire;4 mA;20 mA
274;;;;;;;;;;;;;;;;
275;;;;;;;;;;;;;;;;
276;;;;;;;;;;;;;;;;
277;;;;;;;;;;;;;;;;
278;;;;;;;;;;;;;;;;
279;0;0;0;0;0;0;0;0;0;0;0;0;0;0;0;0
280;;;;;;;;;;;;;;;;
281;;;;;;;;;;;;;;;;
282;;;;;;;;;;;;;;;;
283;0;0;0;0;0;0;0;0;0;0;0;0;0;0;0;0
284;0;0;0;0;0;0;0;0;0;0;0;0;0;0;0;0
285;AMRI KSB;0;0;0;0;0;0;0;0;0;0;0;0;0;0;0
286;;;;;;;;;;;;;;;;
287;;;;;;;;;;;;;;;;
288;;;;;;;;;;;;;;;;
289;;;;;;;;;;;;;;;;
290;EMERSON;0;0;0;0;0;0;0;0;0;0;0;0;0;0;0
291;0;0;0;0;0;0;0;0;0;0;0;0;0;0;0;0
292;;;;;;;;;;;;;;;;
293;EMERSON;0;0;0;0;0;0;0;0;0;0;0;0;0;0;0
294;;;;;;;;;;;;;;;;
295;;;;;;;;;;;;;;;;
296;EMERSON;0;0;0;0;0;0;0;0;0;0;0;0;0;0;0
297;0;0;0;0;0;0;0;0;0;0;0;0;0;0;0;0
298;;;;;;;;;;;;;;;;
299;;;;;;;;;;;;;;;;
300;;;;;;;;;;;;;;;;
301;;;;;;;;;;;;;;;;
302;0;0;0;0;0;0;0;0;0;0;0;0;0;0;0;0
303;AMRI KSB;;;X;;;0,2 - 1 bar;;;N°1;;X;;Proportionnelle;0,2 bar;1 bar
304;VALMET METSO;X;0;0;ND 9102 HN/I56;PH10150303;4 - 20 mA;1,4 à 8 bar;0;0;0;X;0;linéaire;4 mA;20 mA
305;;0;0;0;0;0;0;0;0;0;0;0;0;0;0;0
306;0;0;0;0;0;0;0;0;0;0;0;0;0;0;0;0
307;METSO;X;X;0;ND103HN/156;PH20190291;4-20Ma;8 bars max;0;0;0;X;0;Lineaire;4 Ma;20 Ma
308;;;;;;;;;;;;;;;;
309;;;;;;;;;;;;;;;;
310;;;;;;;;;;;;;;;;
311;;;;;;;;;;;;;;;;
312;AMRI KSB;x;;x;ND9106;PH19200033;4-20 mA;3,5 B;;;;X;;Linéaire;0,2 bar;1 bar
313;0;0;0;0;0;0;0;0;0;0;0;0;0;0;0;0
314;;;;;;;;;;;;;;;;
315;MASONEILAN;;;X;4600;64-2111-01-1;0,2 - 1 bar;1,4 bar;0,48 - 1,03 bar;2;;X;;Egal pourcentage;0,2 bar;1 bar
316;AMRI KSB;;;X;4600;64-2111-01-02;0,2 - 1 bar;1,4 bar;0,48 - 1,03 bar;2;;X;;Egal pourcentage;0,2 bar;1 bar
317;MASONEILAN;;X;;8013;64-6656-01-1;4 - 20 mA;2,1 bar;0,48 - 1,03 bar;1;;X;;Linéaire;;
318;MASONEILAN;;X;;8013;08-9949-01-7;4 - 20 mA;2,4 bar;0,5 - 1,8 bar;2;;X;;Egal pourcentage;4 mA;20 mA
319;MASONEILAN;;x;;8013;62-153001-3;0,48 - 1,03 bar;1,4 bar;4 - 20 mA;;;;;;;
320;;0;X;0;8013;62-153001-2;0,48 - 1,03 bar;1,4 bar;4 - 20 mA;0;0;0;0;0;0;0
321;MASONEILAN;;X;;8013;62-153001-1;0,48 - 1,03 bar;1,4 bar;4 - 20 mA;;;;;;;
322;CCI VALVE;X;0;0;C330 LSNX201S;00510311;4 - 20 mA;1,4 à 7 bar;0;0;0;0;0;0;0;0
323;CCI VALVE;;;X;PMV 1500;127285;0,2 - 1 bar;7 bar max;;;;X;;Linéaire;0,2 bar;1 bar
324;MASONEILAN;0;X;0;7700E;0;4 - 20 mA;2,1 bar;0;0;0;X;0;0;4 mA;20 mA
325;MASONEILAN;;X;;8013;16-0147-01-1;4 - 20 mA;2,1 bar;;;;X;;Linéaire;4 mA;20 mA
326;MASONEILAN;;X;;8013;64-9366-01-1;4 - 20 mA;2,1 bar;;;;X;;Linéaire;4 mA;20 mA
327;MASONEILAN;0;X;0;8013;7123;4 - 20 mA;2 bar;0,2 - 1bar;0;0;X;0;Linéaire;4 mA;20 mA
328;;;;;;;;;;;;;;;;
329;0;0;0;0;0;0;0;0;0;0;0;0;0;0;0;0
330;0;0;0;0;0;0;0;0;0;0;0;0;0;0;0;0
331;0;0;0;0;0;0;0;0;0;0;0;0;0;0;0;0
332;0;0;0;0;0;0;0;0;0;0;0;0;0;0;0;0
333;;;;;;;;;;;;;;;;
334;MASONEILAN;;X;;8013;64-9532-01-1;4 - 20 mA;1,4 bar;0,48 - 1,03 bar;5;;X;;Linéaire;4 mA;20 mA
335;AMRI KSB;0;X;0;8013-357;63 541502-1;4 - 20 mA;1,4 bar;0,48 - 1,03 bar;8;0;X;0;Egal pourcentage;4 mA;20 mA
336;VALMET METSO;;X;;NE 624;S8508 1990/23;4 - 20 mA;;;;;X;;Linéaire;4 mA;20 mA
337;VALMET METSO;X;0;0;ND 9102HN ;PH13090416;4 - 20 mA;8 bar max;0;0;0;x;0;Linéaire;4 mA;20 mA
338;;;;;;;;;;;;;;;;
339;;;;;;;;;;;;;;;;
340;0;0;0;0;0;0;0;0;0;0;0;0;0;0;0;0
341;0;0;0;0;0;0;0;0;0;0;0;0;0;0;0;0
342;0;0;0;0;0;0;0;0;0;0;0;0;0;0;0;0
343;CCI VALVE;0;0;X;STI;A1807526;0,2 - 1 BAR;7 BAR MAX;0;65° 0-100;0;X;0;Lineaire;0,2 bar;1 bar
344;;;;;;;;;;;;;;;;
345;;;;;;;;;;;;;;;;
346;;;;;;;;;;;;;;;;
347;;;;;;;;;;;;;;;;
348;;;;;;;;;;;;;;;;
349;0;0;0;0;0;0;0;0;0;0;0;0;0;0;0;0
350;0;0;0;0;0;0;0;0;0;0;0;0;0;0;0;0
351;0;0;0;0;0;0;0;0;0;0;0;0;0;0;0;0
352;;;;;;;;;;;;;;;;
353;0;0;0;0;0;0;0;0;0;0;0;0;0;0;0;0
354;;;;;;;;;;;;;;;;
355;0;0;0;0;0;0;0;0;0;0;0;0;0;0;0;0
356;;;;;;;;;;;;;;;;
357;;;;;;;;;;;;;;;;
358;0;0;0;0;0;0;0;0;0;0;0;0;0;0;0;0
359;0;0;0;0;0;0;0;0;0;0;0;0;0;0;0;0
360;0;0;0;0;0;0;0;0;0;0;0;0;0;0;0;0
361;0;0;0;0;0;0;0;0;0;0;0;0;0;0;0;0
362;0;0;0;0;0;0;0;0;0;0;0;0;0;0;0;0
363;0;0;0;0;0;0;0;0;0;0;0;0;0;0;0;0
364;0;0;0;0;0;0;0;0;0;0;0;0;0;0;0;0
365;;;;;;;;;;;;;;;;
366;;;;;;;;;;;;;;;;
367;0;0;0;0;0;0;0;0;0;0;0;0;0;0;0;0
368;0;0;0;0;0;0;0;0;0;0;0;0;0;0;0;0
369;0;0;0;0;0;0;0;0;0;0;0;0;0;0;0;0
370;0;0;0;0;0;0;0;0;0;0;0;0;0;0;0;0
371;;;;;;;;;;;;;;;;
372;;;;;;;;;;;;;;;;
373;;;;;;;;;;;;;;;;
374;;;;;;;;;;;;;;;;
375;;;;;;;;;;;;;;;;
376;;;;;;;;;;;;;;;;
377;;;;;;;;;;;;;;;;
378;AMRI KSB;;;;;;;;;;;;;;;
379;0;0;0;0;0;0;0;0;0;0;0;0;0;0;0;0
380;AMRI KSB;;;;;;;;;;;;;;;
381;METSO;X;;;ND 9103 HN;PH15370186;4 - 20 mA;10 bar max;;;;X;;Linéaire;4 mA;20 mA
382;MASONEILAN;0;X;0;8013;62-537002-2;4 - 20 mA;1,4 bar;0,48 - 1,03 bar;0;0;X;0;Linéaire;4 mA;20 mA
383;SCHLUMBERGER SEREG VANNES;;;X;600;;0,2 - 1 bar;;;;;;;Exponentielle;1 bar;0,2 bar
384;VALMET METSO;;X;;NE 624;S8508 1990/22;4 - 20 mA;6 bar max;;;;;X;linéaire;20 mA;4 mA
385;VALMET METSO;X;0;0;ND 9102HN ;PH12510336;4 - 20 mA;8 bar max;0;0;0;0;0;linéaire;20 mA;4 mA
386;VALMET METSO;X;0;0;ND 9102HN ;PH12510338;4 - 20 mA;8 bar max;0;0;0;0;0;Linéaire;20 mA;4 mA
387;MASONEILAN;;X;;8013;63-5415-06-1;4 - 20 mA;1,4 bar;0,48 - 1,03 bar;5;;X;;Linéaire;4 mA;20 mA
388;METSO;X;0;0;ND9103NH/I56;PH18480182;4 - 20 mA;8 bars max; ;0;0;X;0;Linéaire;4 mA;20 mA
389;METSO;X;;;NDS 822/S1A;PH032206637;4 - 20 mA;2,5 - 8 bar;;;;X; ;Linéaire;4 mA;20 mA
390;VALMET METSO;X;0;0;ND 9102HN ;PH12510337;4 - 20 mA;8 bar max;0;0;0;0;0;linéaire;20 mA;4 mA
391;METSO;X;0;0;ND 822/S1;PH02140554;4 - 20 mA;8 bar max; ;0;0;0;0;0;4 mA;20 mA
392;VALMET METSO;0;0;X;NP 700;S.9692;3 - 15 PSI;10 bar max;0;0;0;0;0;Linéaire;0,2 bar;1 bar
393;VALMET METSO;;X;;NE 624;S 7691 1989MK;4 - 20 mA;7,5 bar max;;;;;X;Linéaire;20 mA;4 mA
394;METSO;X;;;ND 9102 HN/I56;PH10150302;4 - 20 mA;1,4 à 8 bar;;;;X;;Linéaire;4 mA;20 mA
395;;;;;;;;;;;;;;;;
396;0;0;0;0;0;0;0;0;0;0;0;0;0;0;0;0
397;0;0;0;0;0;0;0;0;0;0;0;0;0;0;0;0
398;;;;;;;;;;;;;;;;
399;;;;;;;;;;;;;;;;
400;0;0;0;0;0;0;0;0;0;0;0;0;0;0;0;0
401;NAF AB ;0;X;0;370300-60/70P;2002-7075;4 - 20 mA;120 PSI max;0;0;0;0;0;0;0;0
402;VALMET METSO;0;X;0;NE 624;S.8507;4 - 20 mA;0;0,2 - 1 bar;0;0;X;0;Linéaire;4 mA;20 mA
403;0;0;0;0;0;0;0;0;0;0;0;0;0;0;0;0
404;0;0;0;0;0;0;0;0;0;0;0;0;0;0;0;0
405;0;0;0;0;0;0;0;0;0;0;0;0;0;0;0;0
406;0;0;0;0;0;0;0;0;0;0;0;0;0;0;0;0
407;0;0;0;0;0;0;0;0;0;0;0;0;0;0;0;0
408;0;0;0;0;0;0;0;0;0;0;0;0;0;0;0;0
409;0;0;0;0;0;0;0;0;0;0;0;0;0;0;0;0
410;0;0;0;0;0;0;0;0;0;0;0;0;0;0;0;0
411;0;0;0;0;0;0;0;0;0;0;0;0;0;0;0;0
412;0;0;0;0;0;0;0;0;0;0;0;0;0;0;0;0
413;0;0;0;0;0;0;0;0;0;0;0;0;0;0;0;0
414;0;0;0;0;0;0;0;0;0;0;0;0;0;0;0;0
415;METSO;X;0;0;ND 9103 HN;PH12120707;0;8 bar max;0;0;0;0;0;Linéaire;4 mA;20 mA
416;VALMET METSO;X;0;0;ND9103HN;PH11210871;4 - 20 mA;1,4 à 8 bar;0;0;0;0;0;0;20 mA;4 mA
417;VALMET METSO;X; ;0;ND 9102HN ;PH12510310;4 - 20 mA;8 bar max;0;0;0;X; ;Linéaire;4 mA;20 mA
418;AMRI KSB;X;0;0;ND 9103 HN;PH12120748;4 - 20 mA;8 bar max;0;0;0;X;0;Linéaire;4 mA;20 mA
419;0;0;0;0;0;0;0;0;0;0;0;0;0;0;0;0
420;0;0;0;0;0;0;0;0;0;0;0;0;0;0;0;0
421;0;0;0;0;0;0;0;0;0;0;0;0;0;0;0;0
422;0;0;0;0;0;0;0;0;0;0;0;0;0;0;0;0
423;0;0;0;0;0;0;0;0;0;0;0;0;0;0;0;0
424;0;0;0;0;0;0;0;0;0;0;0;0;0;0;0;0
425;0;0;0;0;0;0;0;0;0;0;0;0;0;0;0;0
426;0;0;0;0;0;0;0;0;0;0;0;0;0;0;0;0
427;0;0;0;0;0;0;0;0;0;0;0;0;0;0;0;0
428;METSO;x;;0;ND 9103 HN;0;4 - 20 mA;0;0;0;0;0;0;Linéaire;4 mA;20 mA
429;VALMET METSO;;;X;NP 624;S.6521;0,2 - 1 bar;10 bar max;;0-100%;B;X;;Linéaire;0,2 bar;1 bar
430;AMRI KSB;X;0;0;ND 826/S1A;PH02390584;4 - 20 mA;8 bar max;0;0;0;X;0;Linéaire;4 mA;20 mA
431;0;0;0;0;0;0;0;0;0;0;0;0;0;0;0;0
432;0;0;0;0;0;0;0;0;0;0;0;0;0;0;0;0
433;0;0;0;0;0;0;0;0;0;0;0;0;0;0;0;0
434;0;0;0;0;0;0;0;0;0;0;0;0;0;0;0;0
435;VALMET METSO;0;X;0;NE 624;S 5080 1998 IS;4 - 20 mA;0;0;0;0;X;0;Linéaire;4 mA;20 mA
436;AMRI KSB;0;0;0;0;0;0;0;0;0;0;0;0;0;0;0
437;VALMET METSO;X;;;ND 826/S1;; ;10 bar max; ;;;;;linéaire;20 mA;4 mA
438;VALMET METSO;X;0;0;ND9103HN;PH12012335;4 - 20 mA;8 bar max;0;0;0;0;0;Linéaire;4 mA;20 mA
439;SIEMENS;0;X;X;Series 760;0;0;0;0;0;0;0;0;Linéaire;4 mA;20 mA
440;AMRI KSB;;;;;;;;;;;;;;;
441;AMRI KSB;0;0;0;0;0;0;0;0;0;0;0;0;0;0;0
442;;;;;;;;;;;;;;;;
443;AMRI KSB;0;0;0;0;0;0;0;0;0;0;0;0;0;0;0
444;;;;;;;;;;;;;;;;
445;AMRI KSB;0;0;0;0;0;0;0;0;0;0;0;0;0;0;0
446;;;;;;;;;;;;;;;;
447;AMRI KSB;0;0;0;0;0;0;0;0;0;0;0;0;0;0;0
448;;;;;;;;;;;;;;;;
449;AMRI KSB;0;0;0;0;0;0;0;0;0;0;0;0;0;0;0
450;AMRI KSB;0;0;0;0;0;0;0;0;0;0;0;0;0;0;0
451;0;0;0;0;0;0;0;0;0;0;0;0;0;0;0;0
452;0;0;0;0;0;0;0;0;0;0;0;0;0;0;0;0
453;0;0;0;0;0;0;0;0;0;0;0;0;0;0;0;0
454;AMRI KSB;;;;;;;;;;;;;;;
455;MASONEILAN;0;X;0;4000;12X06041;4 - 20 mA;2,1 bar;0,41 - 1,66 bar;0;0;X;0;0;4 mA;20 mA
456;;;;;;;;;;;;;;;;
457;0;0;0;0;0;0;0;0;0;0;0;0;0;0;0;0
458;;;;;;;;;;;;;;;;
459;;;;;;;;;;;;;;;;
460;;;;;;;;;;;;;;;;
461;;;;;;;;;;;;;;;;
462;;;;;;;;;;;;;;;;
463;;;;;;;;;;;;;;;;
464;0;0;0;0;0;0;0;0;0;0;0;0;0;0;0;0
465;AMRI KSB;0;0;0;0;0;0;0;0;0;0;0;0;0;0;0
466;;;;;;;;;;;;;;;;
467;;;;;;;;;;;;;;;;
468;VALMET METSO;X;0;0;ND 9102HN ;PH09100844;4 - 20 mA;8 bar max;0;0;0;0;0;Linéaire;4 mA;20 mA
469;VALMET METSO;X;0;0;ND 9102HN ;PH09100843;4 - 20 mA;8 bar max;0;0;0;0;0;Linéaire;4 mA;20 mA
470;MASONEILAN;;;X;;;;;;;;;;;;
471;VALMET METSO;X;0;0;ND9103HN/I56;0;0;8 b max;0;0;0;0;0;Linéaire;20 mA;4 mA
472;METSO;X;;;ND 9103 HN;PH12120744;4 - 20 mA;8 bar max;;;;;;linéaire;20 mA;4 mA
473;;;;;;;;;;;;;;;;
474;METSO;X;;;ND 9103 HN;PH12120751;4 - 20 mA;8 bar max;;;;;;linéaire;20 mA;4 mA
475;;;;;;;; ;;;;;;;;
476;VALMET METSO;0;X;0;NE 624;S7693 1989 IS;4 - 20 mA;8 bar max;0,2 - 1 bar;0;0;X;0;Linéaire;4 mA;20 mA
477;SCHLUMBERGER SEREG VANNES;;;X;600;;0,2 - 1 bar;3 bar;0,2 - 1 bar;;;x;;Exponentielle;1 bar;0,2 bar
478;METSO;X;0;0;ND 9103 HN;PH06160190;4 - 20 mA;1,4 à 8 bar;0;0;0;X;0;Linéaire;4 mA;20 mA
479;VALMET METSO;X;0;0;ND 9102HN ;PH13090418;4 - 20 mA;8 bar max;0;0;0;0;0;Linéaire;4 mA;20 mA
480;VALMET METSO;X;0;0;ND 9102HN ;PH13090422;4 - 20 mA;8 bar max;0;0;0;0;0;Split Range;12 mA;4 mA
481;;;;;;;;;;;;;;;;
482;METSO;X;0;0;ND8261/S1;PH02200071;4 - 20 mA;2,5 - 8 bar;0;0;0;0;0;linéaire;20 mA;4 mA
483;SCHLUMBERGER SEREG VANNES;;;X;600;;0,2 - 1 bar;3 bar;3 - 15 PSI;;;;;Linéaire;1 bar;0,2 bar
484;SCHLUMBERGER SEREG VANNES;;;X;600;;0,2 - 1 bar;3 bar;3 - 15 PSI;;;;;Linéaire;1 bar;0,2 bar
485;VALMET METSO;X;; ;ND9103HN;PH10111098;4 - 20 mA;1,4 à 8 bar;;;;;;Linéaire;20 mA;4 mA
486;VALMET METSO;X;0;0;ND9102HN/I56;PH18510304;0;8 b max;0;0;0;0;0;Linéaire;20 mA;4 mA
487;VALMET METSO;;;X;NP 624;S.4812;0,2 - 1 bar;10 bar max;3 - 15 PSI;;;X;;Linéaire;0,2 bar;1 bar
488;MASONEILAN;;X;;8013-257;62.557.101.1;4 - 20 mA;1,4 bar;0,48 - 1,03 bar;4;;X;;Linéaire;4 mA;20 mA
489;MASONEILAN;0;X;0;8013-257;62537002-1;4 - 20 mA;1,4 bar;0,48 - 1,03 bar;5;0;X;0;Linéaire;4 mA;20 mA
490;VALMET METSO;X;0;0;ND 9106 HN/I56;PH10150302;4 - 20 mA;8 bar max;;;;X;;Linéaire;4 mA;20 mA
491;VALMET METSO;X;;;ND 9103HN;PH05210400;4 - 20 mA;8 bar max;;;;X;;Linéaire;4 mA;20 mA
492;0;X;X;0;ND9102HN/I56;0;0;0;0;0;0;X;0;0;0;0
493;VALMET METSO;X;;;ND 8221/S1;2001250679;4 - 20 mA;2,5 - 8 bar;;;;;;linéaire;20 ma;4 mA
494;VALMET METSO;0;0;X;NP 624;S6521;3 - 15 PSI;8 bar max;0;0;0;X;0;Linéaire;0,2 bar;1 bar
495;VALMET METSO;0;    X;0;NE 724;S 9870 1991926;4 - 20mA;8 B MAX;0;0;0;0;0;Linéaire;4ma;20ma
496;VALMET METSO;X;;;ND 8221/S1;2001250662;4 - 20 mA;8 bar max;;;;;;;4 mA;20 mA
497;VALMET METSO;X;0;0;ND9103HN;PH13050081;4 - 20 mA;8 bar max;0;0;0;x;0;Linéaire;4 mA;20 mA
498;AMRI KSB;0;0;X;0;0;0,2 - 1 bar;0;0;0;0;0;X;0;1 bar;0,2 bar
499;PMV;0;0;X;PMV;0;0,2 - 1 bar;0;0;0;0;X;0;0;0,2 bar;1 bar
500;AMRI KSB;;;X;;;0,2 - 1 bar;3 bar;;;;X;;Linéaire;0,2 bar;1 bar
501;0;0;0;0;0;0;0;0;0,48 - 1,03 bar;0;0;0;0;0;0;0
502;0;0;0;0;0;0;0;0;0;0;0;0;0;0;0;0
503;0;0;0;0;0;0;0;0;0;0;0;0;0;0;0;0
504;;;;;;;;;;;;;;;;
505;;;;;;;;;;;;;;;;
506;;;;;;;;;;;;;;;;
507;;;;;;;;;;;;;;;;
508;;;;;;;;;;;;;;;;
509;;;;;;;;;;;;;;;;
510;;;;;;;;;;;;;;;;
511;0;0;0;0;0;0;0;0;0;0;0;0;0;0;0;0
512;0;X;X;0;ND9106HN/I56;0;0;0;0;0;0;X;0;0;0;0
513;VALMET METSO;X;0;0;ND9103HN/I56;PH19030435;0;8 B max;0;0;0;X;0;Linéaire;4mA;20mA
514;AMRI KSB;;;X;Régulactair;;0,2 - 1 bar;3 à 12 bar;;N°1;;X;;Proportionnelle;0,2 bar;1 bar
515;VALMET METSO;X;0;0;ND9103HN/I56;PH22080438;4-20 mA;8,5 bars max;0;0;0;X;0;Linéaire;4 mA;20 mA
516;VALMET METSO;X;0;0;ND9103HN/I56;PH22080434;4-20 mA;8,5 bars max;0;0;0;x;0;Linéiare;4 mA;20 mA
517;VALMET METSO;X;0;0;ND9103HN/I56;PH22080437;4-20 mA;8,5 bars max;0;0;0;x;0;Linéiare;4 mA;20 mA
518;VALMET METSO;X;0;0;ND9103HN/I56;PH22080436;4 -20 mA;8,5 bars max;0;0;0;X;0;Linéiare;4 mA;20 mA
519;MAETSO;X;0;0;ND9103HN/I56;PH22080435;4-20 mA;8,5 bars max;0;0;0;X;0;Linéaire;4 mA;20 mA
520;VALMET METSO;X;0;0;ND 8221/Y;PH02210595;4 - 20 mA;2,5 - 8 bar;0;0;0;x;0;Linéaire;4 mA;20 mA
521;VALMET METSO;X;0;0;ND 8221/Y;PH02210594;4 - 20 mA;2,5 - 8 bar;0;0;0;X;0;Linéaire;4 mA;20 mA
522;0;0;0;0;0;0;0;0;0;0;0;0;0;0;0;0
523;0;0;0;0;0;0;0;0;0;0;0;0;0;0;0;0
524;;;;;;;;;;;;;;;;
525;;;;;;;;;;;;;;;;
526;0;0;0;0;0;0;0;0;0;0;0;0;0;0;0;0
527;VALMET METSO;X;0;0;ND9102HN/I56;PH19030544;0;8 B max;0;0;0;X;0;Linéaire;4 mA;20 mA
528;;;;;;;;;;;;;;;;
529;;;;;;;;;;;;;;;;
530;;;;;;;;;;;;;;;;
531;;;;;;;;;;;;;;;;
532;0;0;0;0;0;0;0;0;0;0;0;0;0;0;0;0
533;0;0;0;0;0;0;0;0;0;0;0;0;0;0;0;0
534;0;0;0;0;0;0;0;0;0;0;0;0;0;0;0;0
535;0;0;0;0;0;0;0;0;0;0;0;0;0;0;0;0
536;;;;;;;;;;;;;;;;
537;;;;;;;;;;;;;;;;
538;0;0;0;0;0;0;0;0;0;0;0;0;0;0;0;0
539;;;;;;;;;;;;;;;;
540;;;;;;;;;;;;;;;;
541;;;;;;;;;;;;;;;;
542;0;0;0;0;0;0;0;0;0;0;0;0;0;0;0;0
543;AMRI KSB;;;;;;;;;;;;;;;
544;;;;;;;;;;;;;;;;
545;;;;;;;;;;;;;;;;
546;;;;;;;;;;;;;;;;
547;0;0;0;0;0;0;0;0;0;0;0;0;0;0;0;0
548;;;;;;;;;;;;;;;;
549;;;;;;;;;;;;;;;;
550;;;;;;;;;;;;;;;;
551;0;0;0;0;0;0;0;0;0;0;0;0;0;0;0;0
552;;;;;;;;;;;;;;;;
553;;;;;;;;;;;;;;;;
554;;;;;;;;;;;;;;;;
555;;;;;;;;;;;;;;;;
556; ;0;0;0;0;0;0;0;0;0;0;0;0;0;0;0
557;0;0;0;0;0;0;0;0;0;0;0;0;0;0;0;0
558;;;;;;;;;;;;;;;;
559;;;;;;;;;;;;;;;;
560;;;;;;;;;;;;;;;;
561;;;;;;;;;;;;;;;;
562;;;;;;;;;;;;;;;;
563;;;;;;;;;;;;;;;;
564;;;;;;;;;;;;;;;;
565;0;0;0;0;0;0;0;0; ;0;0;0;0;0;0;0
566;;;;;;;;;;;;;;;;
567;0;0;0;0;0;0;0;0;0;0;0;0;0;0;0;0
568;;;;;;;;;;;;;;;;
569;;;;;;;;;;;;;;;;
570;;;;;;;;;;;;;;;;
571;;;;;;;;;;;;;;;;
572;AMRI KSB;;;;;;;;;;;;;;;
573;;;;;;;;;;;;;;;;
574;EMERSON;0;0;0;0;0;0;0;0;0;0;0;0;0;0;0
575;0;0;0;0;0;0;0;0;0;0;0;0;0;0;0;0
576;0;0;0;0;0;0;0;0;0;0;0;0;0;0;0;0
577;0;0;0;0;0;0;0;0;0;0;0;0;0;0;0;0
578;0;0;0;0;0;0;0;0;0;0;0;0;0;0;0;0
579;0;0;0;0;0;0;0;0;0;0;0;0;0;0;0;0
580;;;;;;;;;;;;;;;;
581;;;;;;;;;;;;;;;;
582;;;;;;;;;;;;;;;;
583;;;;;;;;;;;;;;;;
584;;;;;;;;;;;;;;;;
585;;;;;;;;;;;;;;;;
586;;;;;;;;;;;;;;;;
587;;;;;;;;;;;;;;;;
588;;;;;;;;;;;;;;;;
589;;;;;;;;;;;;;;;;
590;;;;;;;;;;;;;;;;
591;;;;;;;;;;;;;;;;
592;;;;;;;;;;;;;;;;
593;;;;;;;;;;;;;;;;
594;;;;;;;;;;;;;;;;
595;;;;;;;;;;;;;;;;
596;;;;;;;;;;;;;;;;
597;VALMET METSO;;;;;;;;;;;;;;;
598;VALMET METSO;;;;;;;;;;;;;;;
599;;;;;;;;;;;;;;;;
600;;;;;;;;;;;;;;;;
601;;;;;;;;;;;;;;;;
602;;;;;;;;;;;;;;;;
603;;;;;;;;;;;;;;;;
604;;;;;;;;;;;;;;;;
605;;;;;;;;;;;;;;;;
606;;;;;;;;;;;;;;;;
607;;;;;;;;;;;;;;;;
608;;;;;;;;;;;;;;;;
609;;;;;;;;;;;;;;;;
610;;;;;;;;;;;;;;;;
611;;;;;;;;;;;;;;;;
612;;;;;;;;;;;;;;;;
613;;;;;;;;;;;;;;;;
614;;;;;;;;;;;;;;;;
615;;;;;;;;;;;;;;;;
616;;;;;;;;;;;;;;;;
617;;;;;;;;;;;;;;;;
618;;;;;;;;;;;;;;;;
619;;;;;;;;;;;;;;;;
620;;;;;;;;;;;;;;;;
621;;;;;;;;;;;;;;;;
622;;;;;;;;;;;;;;;;
623;;;;;;;;;;;;;;;;
624;;;;;;;;;;;;;;;;
625;;;;;;;;;;;;;;;;
626;;;;;;;;;;;;;;;;
627;;;;;;;;;;;;;;;;
628;;;;;;;;;;;;;;;;
629;0;0;0;0;0;0;0;0;0;0;0;0;0;0;0;0
630;0;0;0;0;0;0;0;0;0;0;0;0;0;0;0;0
631;0;0;0;0;0;0;0;0;0;0;0;0;0;0;0;0
632;0;0;0;0;0;0;0;0;0;0;0;0;0;0;0;0
633;MASONEILAN;0;0;0;8013-357;63-541505-1;4 - 20 mA;1,4 bar;0,43 - 1,03 bar;0;0;X;0;0;4 mA;20 mA
634;MASONEILAN;0;X;0;0;64-9648-01-1;4 - 20 mA;2,1 bar;0,41-1,65 bar;0;0;0;0;0;0;0
635;MASONEILAN;X;X;0;8013-257;62-557102-1;4 - 20 mA;1,4 bar;0,43 - 1,03 bar;0;0;X;0;0;0;0
636;MASONEILAN;0;X;0;8013;62-873404-1;0;0;0;0;0;X;0;0;4 mA;20 mA
637;VALMET METSO;X;0;0;ND9103HN;PH041764004V0H;4 - 20 mA;1,4 à 8 bar;0;0;0;0;0;0;0;0
638;SCHLUMBERGER SEREG VANNES;0;0;X;0;0;0,2 - 1 bar;0;0;0;0;0;0;0;4 mA;20 mA
639;MASONEILAN;0;0;X;8013-255;51933550453;4 - 20 mA;1,4 bar;0,43 - 1,03 bar;0;0;0;0;0;4 mA;20 mA
640;VALMET METSO;0;X;0;ND9102HN/I56;PH19150387;4 - 20 mA;1,4 bar;1,4 - 8 bar;0;0;0;0;Linéaire;4 mA;20 mA
641;VALMET METSO;0;X;0;ND8221/Y;PH02210594;4 - 20 mA;2,5 bar;2,5 - 8 bar;0;0;0;0;Linéaire;4 mA;20 mA
642;0;0;0;0;0;0;0;0;0;0;0;0;0;0;0;0
643;0;0;0;0;0;0;0;0;0;0;0;0;0;0;0;0
644;VALMET METSO;0;X;0;ND9102HN/I56;PH19150387;4 - 20 mA;1,4 bar;1,4 - 8 bar;0;0;0;0;Linéaire;4 mA;20 mA
645;VALMET METSO;0;X;0;ND8221/Y;PH02210594;4 - 20 mA;2,5 bar;2,5 - 8 bar;0;0;0;0;Linéaire;4 mA;20 mA
646;VALMET METSO;0;X;0;NE 724;9225;4 - 20 mA;8 bar max;0;0;0;0;0;0;4 mA;20 mA
647;VALMET METSO;X;;;ND 9102HN ;PH09100842;4 - 20 mA;8 bar max;;;;;;Linéaire;4 mA;20 mA
648;VALMET METSO;X;0;0;ND9103HN;PH09070642;4 - 20 mA;8 bar max;0;0;0;0;0;Linéaire;4 mA;20 mA
649;MASONEILAN;;X;;8013;64-2408-03-1;4 - 20 mA;1,4 bar;0,48 - 1,03 bar;5;A;X;;Linéaire;4 mA;20 mA
650;VALMET METSO;X;0;0;ND9106HN;PH20110392;4  -20 mA;8 bars max;0;0;0;x;;Lineaire;4 mA;20 mA
651;FISHER;X;;;DVC 5020;EU 03195097;4 - 20 mA;3,8 bar max;0 - 2,27 bar;;;;;Linéaire;20 mA;4 mA
652;FISHER;X;;;DVC 5020;EU 03232878;4 - 20 mA;3,8 bar max;0 - 2,3 bar;;;;X;linéaire;20 mA;4 mA
653;MASONEILAN;0;X;0;8013;51933550453;4 - 20 mA;1,4 bar;0,48 - 1,03 bar;2;0;X;0;Egal pourcentage;4 mA;20 mA
654;MASONEILAN;0;X;0;8013;51933550453;4 - 20 mA;1,4 bar;0,48 - 1,03 bar;2;0;x;0;Egal pourcentage;4 mA;20 mA
655;MASONEILAN;X;0;0;SVI;1001813;0;1,4 bar;0;0;0;0;0;0;4mA;20mA
656;VALMET METSO;0;X;0;724;S8274;0;0;0;0;0;0;0;0;4 MA;20 MA
657;MASONEILAN;;;X;4600;;0,2 - 1 bar;1.8 bar;207 - 1034 mbar;n° 4;;X;;;0,2 bar;1 bar
658;AMRI KSB;0;X;0;8013;0;0;1,4 bar;0,48 - 1,03 bar;0;0;0;0;0;0;0
659;MASONEILAN;0;X; ;8013;61-860906-2;4 - 20 mA;1,7 bar;0,48 - 0,96 bar;4;0;X;0;Linéaire;4 mA;20 mA
660;0;0;X;0;8013-357;63 541 504-1;4 - 20 mA;1,4 bar;0,48 - 1,03 bar;1;0;X;0;linéaire;20 mA;4 mA
661;EMERSON;;;X;793 011M;M29493;0,2 - 1 bar;2 à 8,28 bar;;90°;1;X;;Linéaire;0,2 bar;1 bar
662;FISHER;X;;;DVC 5020;EU03271681;4 - 20 mA;3,8 bar max;0 - 2,3 bar;;;;;Linéaire;20 mA;4 mA
663;AMRI KSB;0;0;X;Micro Pack;0;0,2 - 1 bar;1.8 bar;207 - 1034 mbar;0;0;X;0;Linéaire;0,2 bar;1 bar
664;Burkert;X;0;0;Namur;211521;4 - 20 mA;1,4 bar;0;0;0;0;0;0;0;0
665;Burkert;X;;0;Namur;211521;4 - 20 mA;1,4 bar;0;0;0;0;0;0;0;0
666;VALMET METSO;X;0;0;ND9103HN;C0019048;4 - 20 mA;1,4 à 8 bar;0;0;0;X;0;0;4 mA;20 mA
667;;;;;;;;;;;;;;;;
668;SCHLUMBERGER SEREG VANNES;0;0;X;600;12716;0,2 - 1 bar;3 bar max;3 - 15 PSI;0;0;X;0;Linéaire;0,2 bar;1 bar
669;MASONEILAN;;X;;8013;64-2408-02-1;4 - 20 mA;2,4 bar;0,48 - 1,03 bar;5;A;X;;Linéaire;4 mA;20 mA
670;0;0;0;0;0;0;0;0;0;0;0;0;0;0;0;0
671;VALMET METSO;X;0;0;ND 822/S1;0;4 - 20 mA;8 bar max;0;0;0;0;0;Linéaire;4 mA;20 mA
672;METSO;X;; ;ND 9106HN I56;PH17040452;4 - 20 mA;1,4 - 8 bar;3 - 15 PSI;;;;;Linéaire;1 bar;0,2 bar
673;METSO;X;;;ND 9106HN I56;;4 - 20 mA;3 bar;;;;;;linéaire;4 mA;20 mA
674;VALMET METSO;X;0;0;ND 9106 HN;PH12510288;4 - 20 mA;1,4 à 8 bar;0;0;0;0;0;0;4 mA;20 mA
675;VALMET METSO;X;0;0;ND 8221/Y;PH02210597;4 - 20 mA;2,5 - 8 bar;0;0;0;X;0;Linéaire;4 mA;0
676;VALMET METSO;X;0;0;ND 8221/Y;PH02210596;4 - 20 mA;2,5 - 8 bar;0;0;0;X;0;Linéaire;4 mA;20 mA
677;VALMET METSO;;;X;NP 724;S9682;0,2 - 1 bar;;;;;X;;Linéaire;0,2 bar;1 bar
678;CCI VALVE;;;X;PMV 1500;109737;0,2 - 1 bar;7 bar max;;60° 0-100%;;X;;Linéaire;0,2 bar;1 bar
679;AMRI KSB;0;X;0;8013;62-873410-1;4 - 20 mA;1,4 bar;0,43 - 1,03 bar;1;0;X;0;Linéaire;4 mA;20 mA
680;MASONEILAN;;X;;8013-257;66-6939-01-1;4 - 20 mA;1,4 bar;0,48 - 1,03 bar;5;;X;;Linéaire;4 mA;20 mA
681;VALMET METSO;;X;;NE 624;S8503 1990/22;4 - 20 mA;8,5 bar max;;;;X;;Linéaire;4 mA;20 mA
682;CCI VALVE;0;0;X;PMW P5;5204242;3 - 15 PSI;150 PSI MAX;0;0;0;x;0;Linéaire;0,2 bar;1 bar
683;0;0;0;0;0;0;0;0;0;0;0;0;0;0;0;0
684;;;;;;;;;;;;;;;;
685;MASONEILAN;;;;8013-257;62873403-1;4 - 20 mA;1,4 bar;0,48 - 1,03 bar;;;;;Linéaire;20 Ma;4 Ma
686;0;0;0;0;0;0;0;0;0;0;0;0;0;0;0;0
687;0;0;0;0;0;0;0;0;0;0;0;0;0;0;0;0
688;0;0;0;0;0;0;0;0;0;0;0;0;0;0;0;0
689;0;0;0;0;0;0;0;0;0;0;0;0;0;0;0;0
690;0;0;0;0;0;0;0;0;0;0;0;0;0;0;0;0
691;0;0;0;0;0;0;0;0;0;0;0;0;0;0;0;0
692;0;0;0;0;0;0;0;0;0;0;0;0;0;0;0;0
693;0;0;0;0;0;0;0;0;0;0;0;0;0;0;0;0
694;0;0;0;0;0;0;0;0;0;0;0;0;0;0;0;0
695;0;0;0;0;0;0;0;0;0;0;0;0;0;0;0;0
696;0;0;0;0;0;0;0;0;0;0;0;0;0;0;0;0
697;0;0;0;0;0;0;0;0;0;0;0;0;0;0;0;0
698;0;0;0;0;0;0;0;0;0;0;0;0;0;0;0;0
699;0;0;0;0;0;0;0;0;0;0;0;0;0;0;0;0
700;0;0;0;0;0;0;0;0;0;0;0;0;0;0;0;0
701;0;0;0;0;0;0;0;0;0;0;0;0;0;0;0;0
702;0;0;0;0;0;0;0;0;0;0;0;0;0;0;0;0
703;0;0;0;0;0;0;0;0;0;0;0;0;0;0;0;0
704;0;0;0;0;0;0;0;0;0;0;0;0;0;0;0;0
705;0;0;0;0;0;0;0;0;0;0;0;0;0;0;0;0
706;0;0;0;0;0;0;0;0;0;0;0;0;0;0;0;0
707;0;0;0;0;0;0;0;0;0;0;0;0;0;0;0;0
708;0;0;0;0;0;0;0;0;0;0;0;0;0;0;0;0
709;0;0;0;0;0;0;0;0;0;0;0;0;0;0;0;0
710;;;;;;;;;;;;;;;;
711;;;;;;;;;;;;;;;;
712;AMRI KSB;0;0;X;0;0;0;0;0,2-1bar;0;0;0;0;Linéaire;0,2 bar;1 bar
713;0;0;0;0;0;0;0;0;0;0;0;0;0;0;0;0
714;0;0;0;0;0;0;0;0;0;0;0;0;0;0;0;0
715;0;0;0;0;0;0;0;0;0;0;0;0;0;0;0;0
716;0;0;0;0;0;0;0;0;0;0;0;0;0;0;0;0
717;0;0;0;0;0;0;0;0;0;0;0;0;0;0;0;0
718;0;0;0;0;0;0;0;0;0;0;0;0;0;0;0;0
719; ;0;0;0;0;0;0;0;0;0;0;0;0;0;0;0
720;0;0;0;0;0;0;0;0;0;0;0;0;0;0;0;0
721;0;0;0;0;0;0;0;0;0;0;0;0;0;0;0;0
722;0;0;0;0;0;0;0;0;0;0;0;0;0;0;0;0
723;0;0;0;0;0;0;0;0;0;0;0;0;0;0;0;0
724;0;0;0;0;0;0;0;0;0;0;0;0;0;0;0;0
725;0;0;0;0;0;0;0;0;0;0;0;0;0;0;0;0
726;0;0;0;0;0;0;0;0;0;0;0;0;0;0;0;0
727;0;0;0;0;0;0;0;0;0;0;0;0;0;0;0;0
728;;;;;;;;;;;;;;;;
729;;;;;;;;;;;;;;;;
730;AMRI KSB;0;0;0;0;0;0;0;0;0;0;0;0;0;0;0
731;0;0;0;0;0;0;0;0;0;0;0;0;0;0;0;0
732;0;0;0;0;0;0;0;0;0;0;0;0;0;0;0;0
733;0;0;0;0;0;0;0;0;0;0;0;0;0;0;0;0
734;0;0;0;0;0;0;0;0;0;0;0;0;0;0;0;0
735;;;;;;;;;;;;;;;;
736;0;0;0;0;0;0;0;0;0;0;0;0;0;0;0;0
737;0;0;0;0;0;0;0;0;0;0;0;0;0;0;0;0
738;;;;;;;;;;;;;;;;
739;0;0;0;0;0;0;0;0;0;0;0;0;0;0;0;0
740;0;0;0;0;0;0;0;0;0;0;0;0;0;0;0;0
741;0;0;0;0;0;0;0;0;0;0;0;0;0;0;0;0
742;0;0;0;0;0;0;0;0;0;0;0;0;0;0;0;0
743;;;;;;;;;;;;;;;;
744;;;;;;;;;;;;;;;;
745;;;;;;;;;;;;;;;;
746;0;0;0;0;0;0;0;0;0;0;0;0;0;0;0;0
747;;;;;;;;;;;;;;;;
748;0;0;0;0;0;0;0;0;0;0;0;0;0;0;0;0
749;0;0;0;0;0;0;0;0;0;0;0;0;0;0;0;0