ID VANNE;Repère;AFFECTATION;MACHINE;NUM ACTIONNNEUR;ATELIER;NUM CORPS;NUM POSITIONNEUR;FOURNISSEUR  VANNE;DATE ACHAT;VUE EN;FREQ. REVISION;ORGANE  REGLANT;typeVannes;A VOIR EN;N° COMMANDE
1;LOCALE;"     ""Vannes bassins"" circulation";Bassins;1;1;1;;10;2003;2003;100;PAPILLON;TOR;2103;030034 AR
2;LOCALE;"""Vannes bassins"" prise d'échantillon";Bassins;2;1;2;;10;2003;2003;100;PAPILLON;TOR;2103;030034 AR
3;LOCALE;"     ""Vannes bassins"" circulation";Bassins;3;1;3;;10;2003;2003;100;PAPILLON;TOR;2103;030034 AR
4;LOCALE;Appoint d'eau ;Pompes à boues;4;1;4;;2;2001;2001;100;PAPILLON;TOR;2101;
5;EV01260673;Chasse décanteur;Decanteur;5;1;5;;24;2022;;100;Pelle;TOR;2122;2243AR
6;FCV20;Debit eau decantee;Lavoir;6;1;6;6;25;2020;2020;10;PAPILLON;REG;2030;2006AR
7;FV 01 01 AW610;Débit transport herbes;Cour;7;1;7;7;10;;2012;100;PAPILLON;REG;2112;
8;FV 01 01 AW526;Niveau bac à herbes;Bac à herbes lavoir;8;1;8;8;2;;2010;100;PAPILLON;REG;2110;
9;LOCALE;Niveau bac eau mitrailleuses;Point de nuit;9;1;9;9;2;;2018;100;PAPILLON;REG;2118;
10;2 FV 01 01 AW536;Niveau tremie eau (vanne eau château d'eau);Trémie eau lavoir;10;1;10;10;2;;2003;100;PAPILLON;REG;2103;
11;LV01010626;pompes a eaux terreuses;Pompes à eaux terreuses;11;1;11;11;24;13/04/2022;;100;Pelle;REG;44764;2217AR
12;;Rechange pompes a eaux terreuse;Pompe a eaux terreuses;12;1;12;;24;2022;;100;Pelle;REG;2122;2243AR
13;;Vanne accelerateur manuel point fixe 1;Accelerateurs point fixe;13;1;13;;2;2019;2019;100;PAPILLON;TOR;2119;1912AR
14;;Vanne accelerateur manuel point fixe 2;Accelerateurs point fixe;14;1;14;;2;2019;2019;100;PAPILLON;TOR;2119;1912AR
15;;Vanne accelerateur manuel point fixe 3;Accelerateurs point fixe;15;1;15;;2;2019;2019;100;PAPILLON;TOR;2119;1912AR
16;EV01010555;Vanne alimentation point de jour;Point de nuit;16;1;16;;25;2022;;10;PAPILLON;TOR;2032;2206AR
17;EV01010554;Vanne alimentation point de nuit;Point de nuit;17;1;17;;25;2022;;10;PAPILLON;TOR;2032;2206AR
18;TV 01 22 0598;Air de refroidissement;Sécheur à sucre;18;2;18;18;18;2013;2013;100;OPERCULE;REG;2113;13003 DT
19;TV 01 22 0592;Air de séchage eau chaude;Sécheur à sucre;19;2;19;19;18;2013;2013;100;OPERCULE;REG;2113;13003 DT
20;TV 02 22 0594;Air de séchage vapeur;Sécheur à sucre;20;2;20;20;18;2013;2013;100;OPERCULE;REG;2113;13003 DT
21;;Alimentation masse cuite 2ème jet BMA K 3300 n°1;Turbines de 2ème jet;21;2;21;21;3;2012;2020;5;PAPILLON;REG;2025;
22;FV 11 22 0702;Alimentation masse cuite 2ème jet BMA K 3300 n°2;Turbines de 2ème jet;22;2;22;22;3;2012;2020;5;PAPILLON;REG;2025;
23;LV11220712;Alimentation masse cuite turbine affinage K3300 N°1;Turbines affinage;23;2;23;23;3;2015;2020;5;PAPILLON;REG;2025;15237DT
24;LV11220714;Alimentation masse cuite turbine affinage K3300 N°2;Turbines affinage;24;2;24;24;3;2015;2020;5;PAPILLON;REG;2025;15237DT
25;;Alimentation masse cuite turbine de 3ème jet K3300;Turbines de 3ème jet;25;2;25;;;;2016;100;PELLE;REG;2116;
26;;Alimentation rapide BMA K3300 n°2;Turbines de 2ème jet;26;2;26;;2;2012;2016;10;PAPILLON;TOR;2026;1233AR
27;EV 07 22 004.2;Alimentation rapide cuite de 1er jet n°3;Cuites de 1er jet;27;2;27;;10;2012;2012;100;PAPILLON;TOR;2112;1262AR
28;EV 07 22 008.2;Alimentation rapide cuite de 1er jet n°4;Cuites de 1er jet;28;2;28;;10;2012;2012;100;PAPILLON;TOR;2112;1262AR
29;EV 07 22 010.2;Alimentation rapide cuite de 1er jet n°5;Cuites de 1er jet;29;2;29;;10;2012;2012;100;PAPILLON;TOR;2112;1262AR
30;EV 07 22 012.3;Alimentation rapide cuite de 1er jet n°6;Cuites de 1er jet;30;2;30;;10;2012;2017;100;PAPILLON;TOR;2117;1262AR
31;EV 07 22 020.2;Alimentation rapide cuite de 2ème jet n°1;Cuites de 2ème jet;31;2;31;;10;2017;2018;100;PAPILLON;TOR;2118;1756AR
32;EV 07 22 022.2;Alimentation rapide cuite de 2ème jet n°2;Cuites de 2ème jet;32;2;32;;10;2017;2018;100;PAPILLON;TOR;2118;1756AR
33;EV 07 03 0169;Alimentation rapide cuite de 2ème jet n°3;cuites de 2ème jet;33;2;33;;2;2003;2014;100;PAPILLON;TOR;2114;030030 AR
34;EV 07 22 026.2;Alimentation rapide cuite de 3ème jet n°1;Cuites de 3ème jet;34;2;34;;10;2017;2018;100;PAPILLON;TOR;2118;1756AR
35;EV 07 22 028.2;Alimentation rapide cuite de 3ème jet n°2;Cuites de 3ème jet;35;2;35;;10;2017;2018;100;PAPILLON;TOR;2118;1756AR
36;EV11 03 0705;Alimentation rapide turbine affinage n°1;Turbines affinage;36;2;36;;2;2012;2016;100;PAPILLON;TOR;2116;1233AR
37;EV11 03 0714;Alimentation rapide turbine affinage n°2;Turbines affinage;37;2;37;;2;2009;2016;100;PAPILLON;TOR;2116;0910AR
38;;Alimentation rapide turbine de 2ème jet n°1;Turbines de 2ème jet;38;2;38;;2;2009;2016;10;PAPILLON;TOR;2026;0910AR
39;;Alimentation rapide turbine de 2ème jet n°2;Turbines de 2ème jet;39;2;39;;2;2009;2016;10;PAPILLON;TOR;2026;0910AR
40;;Alimentation rapide turbine de 3ème jet n°1;Turbines de 3ème jet;40;2;40;;2;2009;2019;10;PAPILLON;TOR;2029;0910AR
41;;Alimentation rapide turbine de 3ème jet n°2;Turbines de 3ème jet;41;2;41;;2;2012;2019;10;PAPILLON;TOR;2029;1233AR
42;EV 07 03 0188;alimentation très rapide cuite 1er jet n°2;cuites de 1er jet;42;2;42;;10;1997;2004;100;PAPILLON;TOR;2104;970098 AR
43;EV 07 03 0204;alimentation très rapide cuite 1er jet n°3;cuites de 1er jet;43;2;43;;10;1997;2004;99;PAPILLON;TOR;2103;970098 AR
44;EV1122011,7;BY PASS MC1 POMPE 2 EVBYPASS2;Cuites de 1er jet;44;2;44;;25;2022;2023;15;;TOR;2038;2248AR
45;EV 11 22 011,6;BY PASS MC1 POMPE 3 EVBYPASS1;Cuites de 1er jet;45;2;45;;2;2012;;12;PAPILLON;TOR;2024;1256AR
46;EV1122011;BY PASS MC1 POMPE 3 EVBYPASS3;Cuites de 1er jet;46;2;46;;25;2022;2023;15;;TOR;2038;2248AR
47;EV 11 03 0728;By-pass pompe affinage n°1;Turbines affinage;47;2;47;;10;;2016;100;PAPILLON;REG;2116;
48;EV 11 03 0729;By-pass pompe affinage n°2;Turbines affinage;48;2;48;;2;2003;2016;100;PAPILLON;TOR;2116;030030 AR
49;EV 19 22 000.1;Casse vide atmosphérique cuite de 1er jet n°1;Cuites de 1er jet;49;2;49;;2;2012;2013;12;PAPILLON;TOR;2025;1256AR
50;EV 19 22 002.1;Casse vide atmosphérique cuite de 1er jet n°2;Cuites de 1er jet;50;2;50;;2;2012;2013;12;PAPILLON;TOR;2025;1256AR
51;EV 19 22 004.1;Casse vide atmosphérique cuite de 1er jet n°3;Cuites de 1er jet;51;2;51;;2;2012;2013;12;PAPILLON;TOR;2025;1256AR
52;EV 19 22 008.1;Casse vide atmosphérique cuite de 1er jet n°4;Cuites de 1er jet;52;2;52;;2;2012;2013;12;PAPILLON;TOR;2025;1256AR
53;EV 19 22 010.1;Casse vide atmosphérique cuite de 1er jet n°5;Cuites de 1er jet;53;2;53;;2;2012;2013;12;PAPILLON;TOR;2025;1256AR
54;EV 19 22 012.1;Casse vide atmosphérique cuite de 1er jet n°6;Cuites de 1er jet;54;2;54;;2;2012;2013;100;PAPILLON;TOR;2113;1256AR
55;;Casse vide atmosphérique cuite de 2ème jet n°3;Cuites de 2ème jet;55;2;55;;2;2014;2014;100;PAPILLON;REG;2114;1422AR
56;;Casse vide atmosphèrique cuite n° 6;Cuites de 1er jet;56;2;56;56;2;;2010;100;PAPILLON ;TOR;2110;
57;EV 19 22 026.1;Casse vide atmospherique cuites de 2ème jet n° 1;Cuites de 2ème jet;57;2;57;;2;2021;2021;10;;TOR;2031;
58;EV 19 22 028.1;Casse vide atmospherique cuites de 2ème jet n° 2;Cuites de 2ème jet;58;2;58;;2;2021;2021;10;inox;TOR;2031;
59;PV 02 22 0574;Casse vide vapeur cuite de 1er jet n°3;Cuites de 1er jet;59;2;59;59;10;2013;2018;100;PAPILLON;REG;2118;1262AR
60;PV 02 22 0578;Casse vide vapeur cuite de 1er jet n°4;Cuites de 1er jet;60;2;60;60;10;2013;2018;100;PAPILLON;REG;2118;1262AR
61;PV 02 22 0580;Casse vide vapeur cuite de 1er jet n°5;Cuites de 1er jet;61;2;61;61;10;2013;2018;100;PAPILLON;REG;2118;1262AR
62;PV 02 22 0630;Casse vide vapeur cuite de 2ème jet n°1;cuites de 2ème jet;62;2;62;62;10;2016;2017;100;PAPILLON;REG;2117;1652AR
63;EV 02 03 0219;Casse vide vapeur cuite de 1er jet n°6;cuites de 1er jet;63;2;63;;10;2003;2014;20;PAPILLON;TOR;2034;030031 AR
64;PV 02 22 0638;Casse vide vapeur cuite de 2ème jet n°2;cuites de 2ème jet;64;2;64;64;10;2016;2017;100;PAPILLON;REG;2117;1652AR
65;PV 02 22 0646;Casse vide vapeur cuite de 2ème jet n°3;cuites de 2ème jet;65;2;65;65;10;2017;2017;100;PAPILLON;REG;2117;1702AR
66;AV 12 02 0019;PH 2ème carbonatation;Caisse 2ème carbonatation;66;6;66;66;25;1998;2017;100;PAPILLON;REG;2117;980175AR
67;;Clairçage JAE turbine 1er jet n°1;Turbines de 1er jet;67;2;67;;11;2015;2015;20;BOULE;REG;2035;15091DT
68;;Clairçage JAE turbine 1er jet n°2;Turbines de 1er jet;68;2;68;;11;2015;2015;20;BOULE;REG;2035;15091DT
69;;Clairçage JAE turbine 1er jet n°3;Turbines de 1er jet;69;2;69;;11;2015;2015;20;BOULE;REG;2035;15091DT
70;;Clairçage JAE turbine 1er jet n°4;Turbines de 1er jet;70;2;70;;11;2015;2015;20;BOULE;REG;2035;15091DT
71;EV 01 12 0087;Clairçage turbine de 1er jet n°1;Turbines de 1er jet;71;2;71;;6;2002;2009;99;BOULE;TOR;2108;20245
72;DV 01 02 840;Dilution concentrateur à liqueur standard;Concentrateur à liqueur standard;72;2;72;72;18;;2015;10;CLAPET;REG;2025;
73;DV 01 02 0838;Dilution concentrateur de stockage;Concentrateur de stockage;73;2;73;73;18;;2015;10;CLAPET;REG;2025;
74;DV 07 03 0304;Dilution liqueur standard ap refondoir;Bac de refonte;74;2;74;74;25;2018;2018;10;OPERCULE;REG;2028;1842AR
75;;Empattage turbine de 3ème jet n°1 BMA;Turbines de 3ème jet;75;2;75;75;18;2010;2018;10;OBTURATEUR;REG;2028;
76;FV 07 03 1004;Empattage turbine de 3ème jet n°2 K3300;Turbines de 3ème jet;76;2;76;76;18;2010;2016;10;OBTURATEUR;REG;2026;1047 AR
77;;Lavage des hublôts cuite de 1er jet n°1;Cuites de 1er jet;77;2;77;;21;2014;2014;100;BOULE;TOR;2114;1416AR
78;;Lavage des hublôts cuite de 1er jet n°2;Cuites de 1er jet;78;2;78;;21;2014;2014;100;BOULE;TOR;2114;1416AR
79;;Lavage des hublôts cuite de 1er jet n°3;Cuites de 1er jet;79;2;79;;21;;2013;100;BOULE;TOR;2113;
80;;Lavage des hublôts cuite de 1er jet n°4;Cuites de 1er jet;80;2;80;;21;;2013;100;BOULE;TOR;2113;
81;;Lavage des hublôts cuite de 1er jet n°5;Cuites de 1er jet;81;2;81;;21;;2013;100;BOULE;TOR;2113;
82;;Lavage des hublôts cuite de 1er jet n°6;Cuites de 1er jet;82;2;82;;21;2014;2014;100;BOULE;TOR;2114;1416AR
83;;Lavage des hublôts cuite de 2ème jet n°3;Cuites de 2ème jet;83;2;83;;21;2014;2014;100;BOULE;TOR;2114;1416AR
84;EV 01 22 000.4;Lavage eau faisceau cuite de 1er jet n°1;Cuites de 1er jet;84;2;84;;21;2010;;20;BOULE;TOR;2030;10011AR
85;EV 01 22 002.4;Lavage eau faisceau cuite de 1er jet n°2;Cuites de 1er jet;85;2;85;;21;2010;;20;BOULE;TOR;2030;10011AR
86;EV 01 22 004.4;Lavage eau faisceau cuite de 1er jet n°3;Cuites de 1er jet;86;2;86;;21;2012;2018;10;BOULE;TOR;2028;1261AR
87;EV 01 22 008.4;Lavage eau faisceau cuite de 1er jet n°4;Cuites de 1er jet;87;2;87;;21;2012;2018;10;BOULE;TOR;2028;1261AR
88;EV 01 22 010.4;Lavage eau faisceau cuite de 1er jet n°5;Cuites de 1er jet;88;2;88;;21;2012;2013;100;BOULE;TOR;2113;1261AR
89;EV 01 22 012.5;Lavage eau faisceau cuite de 1er jet n°6;Cuites de 1er jet;89;2;89;;21;2010;2018;10;BOULE;TOR;2028;10011AR
90;;Lavage eau faisceau cuite de 2ème jet n°1;Cuites de 2ème jet;90;2;90;;21;2011;2011;100;BOULE;TOR;2111;
91;;Lavage eau faisceau cuite de 2ème jet n°2;Cuites de 2ème jet;91;2;91;;21;2011;2011;100;Boule;TOR;2111;
92;;Lavage eau faisceau cuite de 2ème jet n°3;Cuites de 2ème jet;92;2;92;;21;2010;2014;20;BOULE;TOR;2034;10011AR
93;EV 01 03 0439;Lavage eau faisceau cuite de 3ème jet n° 1;Cuites de 3ème jet;93;2;93;;21;2011;2011;100;Boule;TOR;2111;
94;EV 01 03 0455;Lavage eau faisceau cuite de 3ème jet n°2;Cuites de 3ème jet;94;2;94;;21;2011;2011;100;Boule;TOR;2111;
95;EV11120091;Lavage jupe turbine 1 n°1;Turbine 1 er jet n°1;95;2;95;;21;2009;2009;100;Boule;TOR;2109;0947AR
96;EV11120267;Lavage jupe turbine 1 n°2;Turbine 1 er jet n°2;96;2;96;;21;2009;2009;100;Boule;TOR;2109;0947AR
97;EV11120363;Lavage jupe turbine 1 n°3;Turbine 1 er jet n°3;97;2;97;;21;2009;2009;100;Boule;TOR;2109;0947AR
98;EV11120475;Lavage jupe turbine 1 n°4;Turbine 1 er jet n°4;98;2;98;;21;2009;2009;100;Boule;TOR;2109;0947AR
99;LV 07 02 0085;Niveau bac à liqueur standard n° 1 (sortie CLS);Bac à liqueur standard n° 1;99;2;99;99;18;;2003;21;OPERCULE;REG;2024;
100;LV 01 03 0917;Niveau ballon;Ballon condensats cuites 2ème et 3ème jet;100;2;100;;18;;2000;100;CLAPET;REG;2100;
101;LV 01 03 0917;Niveau ballon condensats cuites 2ème et 3ème jet;Condensats cuites;101;2;101;101;18;1994;2000;100;CLAPET;REG;2100;
102;LV 01 22 0568;Niveau bouteille condensats 1er jet n°1 (cuites 1.2.3);Cuites de 1er jet;102;2;102;102;18;2012;2013;100;OPERCULE;REG;2113;1260AR
103;LV 01 22 0570;Niveau bouteille condensats 1er jet n°2 (cuites 4.5.6);Cuites de 1er jet;103;2;103;103;18;2012;2013;100;OPERCULE;REG;2113;1260AR
104;PV 18 03 0838;Petit vide cuite de 1er jet n°1;Cuites de 1er jet;104;2;104;104;2;;2010;15;PAPILLON;REG;2025;
105;PV 18 22 0522;Petit vide cuite de 1er jet n°2;Cuites de 1er jet;105;2;105;105;2;2012;2013;100;PAPILLON;REG;2113;1259 AR
106;PV 18 22 0530;Petit vide cuite de 1er jet n°3;Cuites de 1er jet;106;2;106;106;2;2012;2013;100;PAPILLON;REG;2113;1259 AR
107;PV 18 22 0546;Petit vide cuite de 1er jet n°4;Cuites de 1er jet;107;2;107;107;2;2012;2013;100;PAPILLON;REG;2113;1259 AR
108;PV 18 22 0554;Petit vide cuite de 1er jet n°5;Cuites de 1er jet;108;2;108;108;2;2012;2013;100;PAPILLON;REG;2113;1259 AR
109;PV 18 03 0840;Petit vide cuite de 1er jet n°6;Cuites de 1er jet;109;2;109;109;2;1997;2010;15;PAPILLON;REG;2025;
110;;Petit vide cuite de 2ème jet n°1;Cuites de 2ème jet;110;2;110;110;10;2007;2013;15;PAPILLON;TOR;2028;0721 AR
111;;Petit vide cuite de 2ème jet n°2;Cuites de 2ème jet;111;2;111;111;10;2007;2013;15;PAPILLON;TOR;2028;0721 AR
112; ;Petit vide cuite de 2ème jet n°3;cuites de 2ème jet;112;2;112;;2;2003;2009;100;PAPILLON;TOR;2109;030030 AR
113; ;Pression ballon vapeur 3 kg cuites;Cuites;113;2;113;113;18;1990;2012;12;CLAPET;REG;2024;
114;PV 02 22 0650;Pression collecteur casse vide vapeur;Cuites de 1er jet;114;2;114;114;25;2018;2018;15;PAPILLON;REG;2033;1807AR
115;EV 01 22 046,5;Purge condensats cuite  de 1er jet n°6;Cuites de 1er jet;115;2;115;;2;2018;;100;PAPILLON;TOR;2118;1809AR
116;EV 01 22 001,6;Purge condensats cuite de 1er jet n° 1;Cuites de 1er jet;116;2;116;;2;2018;;100;PAPILLON;TOR;2118;1809AR
117;EV 01 22 007,3;Purge condensats cuite de 1er jet n° 2;Cuites de 1er jet;117;2;117;;2;2018;;100;PAPILLON;TOR;2118;1809AR
118;EV 01 22 009,6;Purge condensats cuite de 1er jet n° 4;Cuites de 1er jet;118;2;118;;2;2018;;100;PAPILLON;TOR;2118;1809AR
119;EV 01 22 046,4;Purge condensats cuite de 1er jet n° 5;Cuites de 1er jet;119;2;119;;2;2018;;100;PAPILLON;TOR;2118;1809AR
120;EV 01 22 005,7;Purge condensats cuite de 1er jet n°3;Cuites de 1er jet;120;2;120;;2;2018;;100;PAPILLON;TOR;2118;1809AR
121;EV 01 22 021,7;Purge condensats cuite de 2ème jet n°1;Cuites de 2ème jet;121;2;121;;2;2018;;100;PAPILLON;TOR;2118;1809AR
122;EV 01 22 023,7;Purge condensats cuite de 2ème jet n°2;Cuites de 2ème jet;122;2;122;;2;2018;;100;PAPILLON;TOR;2118;1809AR
123;EV 01 22 025,7;Purge condensats cuite de 2ème jet n°3;Cuites de 2ème jet;123;2;123;;2;2018;;100;PAPILLON;TOR;2118;1809AR
124;EV 01 22 027,7;Purge condensats cuite de 3ème jet n°1;Cuites de 3ème jet;124;2;124;;2;2018;;100;PAPILLON;TOR;2118;1809AR
125;EV 01 22 029,7;Purge condensats cuite de 3ème jet n°2;Cuites de 3ème jet;125;2;125;;2;2018;;100;PAPILLON;TOR;2118;1809AR
126;;Purge vide 1er jet n°2;Cuites de 1er jet;126;2;126;;21;;2010;99;BOULE;TOR;2109;
127;2EV 02 22 000,3;Purge vide cuite de 1er jet n°1;Cuites de 1er jet;127;2;127;;21;2012;;15;BOULE;TOR;2027;4500240490
128;2EV 02 22 002,3;Purge vide cuite de 1er jet n°2;Cuites de 1er jet;128;2;128;;21;2012;;15;BOULE;TOR;2027;4500240490
129;2EV 02 22 004,3;Purge vide cuite de 1er jet n°3;Cuites de 1er jet;129;2;129;;21;2012;;15;BOULE;TOR;2027;4500240490
130;2EV 02 22 008,3;Purge vide cuite de 1er jet n°4;Cuites de 1er jet;130;2;130;;21;2012;;15;BOULE;TOR;2027;4500239173
131;2EV 02 22 010,3;Purge vide cuite de 1er jet n°5;Cuites de 1er jet;131;2;131;;21;2012;;15;BOULE;TOR;2027;4500239173
132;2EV 02 22 012,4;Purge vide cuite de 1er jet n°6;Cuites de 1er jet;132;2;132;;21;2012;;15;BOULE;TOR;2027;4500239173
133;2EV0222 020.3;Purge vide cuite de 2ème jet n°1;Cuites de 2ème jet;133;2;133;;10;2017;2017;10;BOULE;TOR;2027;1722AR
134;2EV0222 022.3;Purge vide cuite de 2ème jet n°2;Cuites de 2ème jet;134;2;134;;10;2017;2017;10;BOULE;TOR;2027;1722AR
135;2EV 02 22 024.3;Purge vide cuite de 2ème jet n°3;Cuites de 2ème jet;135;2;135;;21;2014;2014;100;BOULE;TOR;2114;1416AR
136;2EV0222 026.3;Purge vide cuite de 3ème jet n°1;Cuites de 3ème jet;136;2;136;;10;2017;2017;10;BOULE;TOR;2027;1722AR
137;2EV0222 023.3;Purge vide cuite de 3ème jet n°2;Cuites de 3ème jet;137;2;137;;10;2017;2017;10;BOULE;TOR;2027;1722AR
138;TV 01 03 0509;Refroidissement malaxeurs verticaux;Malaxeurs verticaux;138;2;138;138;25;2010;;100;PAPILLON;REG;2110;1840AR
139;DV 07 22 0518;Régulation sirop cuite de 1er jet n°1 (Sursat);Cuites de 1er jet;139;2;139;139;18;2012;2013;100;OPERCULE;REG;2113;1260 AR
140;DV 07 22 0526;Régulation sirop cuite de 1er jet n°2 (sursat);Cuites de 1er jet;140;2;140;140;18;2012;2013;100;OPERCULE;REG;2113;1260 AR
141;DV 07 22 0534;Régulation sirop cuite de 1er jet n°3 (Sursat);Cuites de 1er jet;141;2;141;141;18;2012;2013;100;OPERCULE;REG;2113;1260 AR
142;DV 07 22 0550;Régulation sirop cuite de 1er jet n°4 (Sursat);Cuites de 1er jet;142;2;142;142;18;2012;2013;100;OPERCULE;REG;2113;1260 AR
143;DV 07 22 0558;Régulation sirop cuite de 1er jet n°5 (Sursat);Cuites de 1er jet;143;2;143;143;18;2012;2013;100;OPERCULE;REG;2113;1260 AR
144;DV 07 22 0566;Régulation sirop cuite de 1er jet n°6 (Sursat);Cuites de 1er jet;144;2;144;144;18;2012;2013;100;OPERCULE;REG;2113;1260 AR
145;DV 07 22 0628;Régulation sirop cuite de 2ème jet n°1 (sursat);Cuites de 1er jet;145;2;145;145;18;;2017;20;OPERCULE;REG;2037;
146;DV 07 22 0636;Régulation sirop cuite de 2ème jet n°2 (sursat);Cuites de 2ème jet;146;2;146;146;18;;2017;10;OPERCULE;REG;2027;
147;PV 18 22 0536;Régulation vide 1er jet;Cuites de 1er jet;147;2;147;147;2;2012;2013;100;PAPILLON;REG;2113;1256AR
148;;Rinçage niveau malaxeur affinage; ;148;2;148;;21;2014;2014;100;BOULE;TOR;2114;1416AR
149;;Rinçage niveau malaxeur de 3ème jet;Malaxeurs de 3ème;149;2;149;;21;1994;2012;15;BOULE;;2027;
150;DV 07 03 0101;Sursaturation cuite de 1er jet n°6;Cuites de 1er jet;150;2;150;150;22;;1997;99;OPERCULE;REG;2096;
151;DV 07 03 0285 à démonter;Sursaturation cuite de 2ème jet n°1;Cuites de 2ème jet;151;2;151;151;22;;1997;100;OPERCULE;REG;2097;
152;DV 07 03 0301 à démonter;Sursaturation cuite de 2ème jet n°2;Cuites de 2ème jet;152;2;152;152;22;;1997;100;OPERCULE;REG;2097;
153;DV 07 03 0053;Sursaturation cuite de 2ème jet n°3;Cuites de 2ème jet;153;2;153;153;18;2014;2014;100;PAPILLON;REG;2114;1417 AR
154;DV 07 03 0317;Sursaturation cuite de 3ème jet n°1;Cuites de 3ème jet;154;2;154;154;18;;1997;15;OPERCULE;REG;2100;
155;DV 07 03 0333;Sursaturation cuite de 3ème jet n°2;Cuites de 3ème jet;155;2;155;155;18;;2021;10;OBTURATEUR;REG;2031;
156;TV 01 03 0525;Température malaxeur vertical n° 1;Malaxeur vertical n° 1;156;2;156;156;18;1994;2018;12;OPERCULE;REG;2030;940251 AR
157;TV 01 03 0526;Température malaxeur vertical n° 2;Malaxeur vertical n° 2;157;2;157;157;18;1994;2018;12;OPERCULE;REG;2030;940251 AR
158;TV 01 03 0527;Température malaxeur vertical n° 3;Malaxeur vertical n° 3;158;2;158;158;18;1994;2009;100;OPERCULE;REG;2109;940251 AR
159;;Transport 2ème jet BMA K 3300 n° 1;Turbines de 2ème jet;159;2;159;159;3;2012;2012;100;CLAPET;REG;2112;
160;;Transport 2ème jet BMA K 3300 n° 2;Turbines de 2ème jet;160;2;160;160;3;2012;2012;100;CLAPET;REG;2112;
161;;Turbine 1er jet  n°1 vanne égouts pauvres (P1);Turbines de 1er jet;161;2;161;;Five Cail;2013;2019;10;PAPILLON;TOR;2029;
162;;Turbine 1er jet  n°2 vanne égouts pauvres (P1);Turbines de 1er jet;162;2;162;;Five Cail;2013;2019;10;PAPILLON;TOR;2029;
163;;Turbine 1er jet  n°3 vanne égouts pauvres (P1);Turbines de 1er jet;163;2;163;;Five Cail;2013;2019;10;PAPILLON;TOR;2029;
164;;Turbine 1er jet  n°4 vanne égouts pauvres (P1);Turbines de 1er jet;164;2;164;;Five Cail;2013;2019;10;PAPILLON;TOR;2029;
165;EV22T21;Turbine 2e jet 1 - B5 tuyau transport;TURBINE 2E JET 1;165;2;165;;10;01/04/2023;2023;99;BOULE;TOR;2123;2307AR
166;EV26T21;Turbine 2e jet 1 - Clairçage global;TURBINE 2E JET 1;166;2;166;;10;01/04/2023;2023;99;BOULE;TOR;2123;2307AR
167;EV25T21;Turbine 2e jet 1 - Dégazage filtres;TURBINE 2E JET 1;167;2;167;;10;01/04/2023;2023;99;BOULE;TOR;2123;2307AR
168;EV20T21;Turbine 2e jet 1 - Entrée nettoyage eau/ JAE;TURBINE 2E JET 1;168;2;168;;10;01/04/2023;2023;99;BOULE;TOR;2123;2307AR
169;EV11T21;Turbine 2e jet 1 - Entrée nettoyage vapeur;TURBINE 2E JET 1;169;2;169;;10;01/04/2023;2023;99;BOULE;TOR;2123;2307AR
170;EV10T21;Turbine 2e jet 1 - Nettoyage tuyaux alimentation;TURBINE 2E JET 1;170;2;170;;10;01/04/2023;2023;99;BOULE;TOR;2123;2307AR
171;EV24T21;Turbine 2e jet 1 - Purge filtres transport;TURBINE 2E JET 1;171;2;171;;10;01/04/2023;2023;99;BOULE;TOR;2123;2307AR
172;EV23T21;Turbine 2e jet 1 - Régulation transport;TURBINE 2E JET 1;172;2;172;;17;2023;2023;99;Papillon;;2123;2307AR
173;EV21T21;Turbine 2e jet 1 - Vanne  entrée  filtre  transport;TURBINE 2E JET 1;173;2;173;;10;01/04/2023;2023;99;BOULE;REG;2123;2307AR
174;EV22T22;Turbine 2e jet 2 - B5 tuyau transport;TURBINE 2E JET 2;174;2;174;;10;01/04/2023;2023;99;BOULE;TOR;2123;2307AR
175;EV26T22;Turbine 2e jet 2 - Clairçage global;TURBINE 2E JET 2;175;2;175;;10;01/04/2023;2023;99;BOULE;TOR;2123;2307AR
176;EV25T22;Turbine 2e jet 2 - Dégazage filtres;TURBINE 2E JET 2;176;2;176;;10;01/04/2023;2023;99;BOULE;TOR;2123;2307AR
177;EV20T22;Turbine 2e jet 2 - Entrée nettoyage eau/ JAE;TURBINE 2E JET 2;177;2;177;;10;01/04/2023;2023;99;BOULE;TOR;2123;2307AR
178;EV11T22;Turbine 2e jet 2 - Entrée nettoyage vapeur;TURBINE 2E JET 2;178;2;178;;10;01/04/2023;2023;99;BOULE;TOR;2123;2307AR
179;EV10T22;Turbine 2e jet 2 - Nettoyage tuyaux alimentation;TURBINE 2E JET 2;179;2;179;;10;01/04/2023;2023;99;BOULE;TOR;2123;2307AR
180;EV24T22;Turbine 2e jet 2 - Purge filtres transport;TURBINE 2E JET 2;180;2;180;;10;01/04/2023;2023;99;BOULE;TOR;2123;2307AR
181;EV23T22;Turbine 2e jet 2 - Régulation transport;TURBINE 2E JET 2;181;2;181;;17;2023;2023;99;Papillon;;2123;2307AR
182;EV21T22;Turbine 2e jet 2 - Vanne  entrée  filtre  transport;TURBINE 2E JET 2;182;2;182;;10;01/04/2023;2023;99;BOULE;REG;2123;2307AR
183;2 EV 21 12 0088;Turbine de 1er jet n° 1 égouts pauvres;Turbines de 1er jet;183;2;183;;2;2006;;99;PAPILLON;TOR;2105;0609AR
184;2 EV 21 00 0000;Turbine de 1er jet n° 2 égouts pauvres;Turbines de 1er jet;184;2;184;184;2;2006;;99;PAPILLON;TOR;2105;0609AR
185;2 EV 21 00 0000;Turbine de 1er jet n° 3 égouts pauvres;Turbines de 1er jet;185;2;185;185;2;2006;;99;PAPILLON;TOR;2105;0609AR
186;2 EV 21 00 0000;Turbine de 1er jet n° 4 égouts pauvres;Turbines de 1er jet;186;2;186;186;2;2006;;99;PAPILLON;TOR;2105;0609AR
187;;Turbine de 1er jet n°1 vanne égouts riches (R1);Turbines de 1er jet;187;2;187;;Five Cail;;2019;10;PAPILLON;TOR;2029;
188;;Turbine de 1er jet n°2 vanne égouts riches (R1);Turbines de 1er get;188;2;188;;Five Cail;;2019;10;PAPILLON;TOR;2029;
189;;Turbine de 1er jet n°3 vanne égouts riches (R1);Turbines de 1er jet;189;2;189;;Five Cail;2013;2019;10;PAPILLON;TOR;2029;
190;;Turbine de 1er jet n°4 vanne égouts riches (R1);Turbines de 1er jet;190;2;190;;Five Cail;2013;2019;10;PAPILLON;TOR;2029;
191;EV 11 22 047.5;Vanne by-pass MC2 pompe n°1;Malaxeur de coulée cuites de 2ème jet;191;2;191;;2;2017;2017;100;PAPILLON;TOR;2117;1701AR
192;EVCASVIDATMO3_1;VANNE CASSE VIDE ATMOSPHERIQUE 3N1;;192;2;192;;10;03/11/2022;2023;99;;TOR;2122;2242AR
193;EVCASVIDATMO3_2;VANNE CASSE VIDE ATMOSPHERIQUE 3N2;;193;2;193;;10;03/11/2022;2023;99;;TOR;2122;2242AR
194;EVCASVIDVAP3_1;VANNE CASSE VIDE VAPEUR 3N1;;194;2;194;;10;03/11/2022;2023;99;;TOR;2122;2242AR
195;EVCASVIDVAP3_2;VANNE CASSE VIDE VAPEUR 3N2;;195;2;195;;10;03/11/2022;2023;99;;TOR;2122;2242AR
196;EVPETITVIDE3_1;VANNE PETIT VIDE 3N1;;196;2;196;;10;03/11/2022;2023;99;;TOR;2122;2242AR
197;EVPETITVIDE3_2;VANNE PETIT VIDE 3N2;;197;2;197;;10;03/11/2022;2023;99;;TOR;2122;2242AR
198;PV02220540;Vanne pression barriquand JUS DIF.;Barriquand jus diffusion;198;2;198;198;10;2012;2012;100;PAPILLON;REG;2112;1262AR
199;EV2122039,4;Vanne remplissage pesage egouts R1;;199;2;199;;2;;;;;;;2053AR
200;EV 14 22 0411;Vanne remplissage pesage mélasse;Pesage mélasse;200;2;200;;10;2012;2018;10;PAPILLON;TOR;2028;1262AR
201;EV 02 22 048,1;Vanne rincage purge condensats cuite 1er jet n°1;Cuites de 1er jet;201;2;201;;10;2010;2019;10;BOULE;TOR;2029;1901AR
202;EV 02 22 048,2;Vanne rincage purge condensats cuite 1er jet n°2;Cuites de 1er jet;202;2;202;;10;2010;2019;10;BOULE;TOR;2029;1901AR
203;EV 02 22 048,3;Vanne rincage purge condensats cuite 1er jet n°3;Cuites de 1er jet;203;2;203;;10;2010;2019;10;BOULE;TOR;2029;1901AR
204;EV 02 22 048,4;Vanne rincage purge condensats cuite 1er jet n°4;Cuites de 1er jet;204;2;204;;10;2010;2019;10;BOULE;TOR;2029;1901AR
205;EV 02 22 048,5;Vanne rincage purge condensats cuite 1er jet n°5;Cuites de 1er jet;205;2;205;;10;2010;2019;10;BOULE;TOR;2029;1901AR
206;EV 02 22 048,6;Vanne rincage purge condensats cuite 1er jet n°6;Cuites de 1er jet;206;2;206;;10;2010;2019;10;BOULE;TOR;2029;1901AR
207;EV 02 22 020,0;Vanne rincage purge condensats cuite 2ème jet n°1;Cuites de 2ème jet;207;2;207;;10;2010;2019;10;BOULE;TOR;2029;1901AR
208;EV 02 22 022,0;Vanne rincage purge condensats cuite 2ème jet n°2;Cuites de 2ème jet;208;2;208;;10;2010;2019;10;BOULE;TOR;2029;1901AR
209;EV 02 22 048,0;Vanne rincage purge condensats cuite 2ème jet n°3;Cuites de 2ème jet;209;2;209;;10;2010;2019;10;BOULE;TOR;2029;1901AR
210;EV2122039,5;Vanne vidange pesage egouts R1;;210;2;210;;2;;;;;;;2053AR
211;EV 14 22 0412;Vanne vidange pesage mélasse;Pesage mélasse;211;2;211;;10;1994;2022;15;PAPILLON;TOR;2037;
212;2EV 02 22 000.3;Vapeur coulée couronne cuite de 1er jet n°1;Cuites de 1er jet;212;2;212;;21;2011;2014;100;BOULE;TOR;2114;
213;2EV 02 22 002.3;Vapeur coulée couronne cuite de 1er jet n°2;Cuites de 1er jet;213;2;213;;21;2011;2011;100;BOULE;TOR;2111;
214;2EV 02 22 004.3;Vapeur coulée couronne cuite de 1er jet n°3;Cuites de 1er jet;214;2;214;;21;2012;2014;100;BOULE;TOR;2114;1261AR
215;2EV 02 22 008.3;Vapeur coulée couronne cuite de 1er jet n°4;Cuites de 1er jet;215;2;215;;21;2012;2014;100;BOULE;TOR;2114;1261AR
216;2EV 02 22 010.3;Vapeur coulée couronne cuite de 1er jet n°5;Cuites de 1er jet;216;2;216;;21;2012;2013;100;BOULE;TOR;2113;1261AR
217;2EV 02 22 012.4;Vapeur coulée couronne cuite de 1er jet n°6;Cuites de 1er jet;217;2;217;;21;2011;2011;100;BOULE;TOR;2111;
218;;Vapeur coulée couronne cuite de 2ème jet n°1;Cuites de 2ème jet;218;2;218;;20;;2014;20;BOULE;TOR;2034;
219;;Vapeur coulée couronne cuite de 2ème jet n°2;Cuites de 2ème jet;219;2;219;;21;;2015;10;BOULE;TOR;2025;
220;EV 01 03 0175;Vapeur coulée couronne cuite de 2ème jet n°3;Cuites de 2ème jet;220;2;220;;21;2011;2011;100;BOULE;TOR;2111;
221;EV 01 03 0437;Vapeur coulée couronne cuite de 3ème jet n° 1;Cuites de 3ème jet;221;2;221;;21;2011;2011;100;Boule;TOR;2111;
222;EV 01 03 0453;Vapeur coulée couronne cuite de 3ème jet n° 2;Cuites de 3ème jet;222;2;222;;21;2011;2011;100;Boule;TOR;2111;
223;;Vapeur cuite de 1er jet n°1;Cuites de 1er jet;223;2;223;223;2;1987;2011;15;PAPILLON;REG;2026;
224;PV 02 22 0516;Vapeur cuite de 1er jet n°1;Cuites de 1er jet;224;2;224;224;2;2014;2019;10;PAPILLON;REG;2029;1402AR
225;PV 02 22 0524;Vapeur cuite de 1er jet n°2;cuites de 1er jet;225;2;225;225;2;;2018;100;PAPILLON;REG;2118;
226;PV 02 03 0087;Vapeur cuite de 1er jet n°2;Cuites de 1er jet;226;2;226;226;2;2012;2012;100;PAPILLON;REG;2112;
227;PV 02 22 0564;Vapeur cuite de 1er jet n°3;Cuites de 1er jet;227;2;227;227;2;2012;2019;10;PAPILLON;REG;2029;1222AR
228;PV 02 22 0548;Vapeur cuite de 1er jet n°4;Cuites de 1er jet;228;2;228;228;2;2012;2018;100;PAPILLON;REG;2118;1222AR
229;PV 02 22 0556;Vapeur cuite de 1er jet n°5;Cuites de 1er jet;229;2;229;;2;2012;2018;100;PAPILLON;TOR;2118;1222AR
230;;Vapeur cuite de 1er jet n°6;Cuites de 1er jet;230;2;230;230;2;1987;1997;99;PAPILLON;REG;2096;
231;PV 02 22 0532;Vapeur cuite de 1er jet n°6;Cuites de 1er jet;231;2;231;231;2;2012;2013;100;PAPILLON;REG;2113;1222AR
232;A démonter;Vapeur cuite de 2ème jet n°1;Cuites de 2ème jet;232;2;232;232;2;1981;1997;100;PAPILLON;REG;2097;
233;PV 02 22 0626;Vapeur cuite de 2ème jet n°1;cuites de 2ème jet;233;2;233;233;2;2017;2017;100;PAPILLON;REG;2117;1701AR
234;;Vapeur cuite de 2ème jet n°2;Cuites de 2ème jet;234;2;234;234;2;1981;1997;15;PAPILLON;REG;2100;
235;PV 02 22 0634;Vapeur cuite de 2ème jet n°2;cuites de 2ème jet;235;2;235;235;2;2017;2017;100;PAPILLON;REG;2117;1701AR
236;;Vapeur cuite de 2éme jet n°3;Cuites de 2ème jet;236;2;236;236;2;1981;2011;15;PAPILLON;REG;2026;
237;PV 02 03 0055;Vapeur cuite de 2ème jet n°3;Cuites de 2ème jet;237;2;237;237;2;2014;2020;10;PAPILLON;REG;2030;1403AR
238;A démonter;Vapeur cuite de 3ème jet n°1;Cuites de 3ème jet;238;2;238;238;2;1985;1997;100;PAPILLON;REG;2097;
239;PV 02 22 0658;Vapeur cuite de 3ème jet n°1;Cuites de 3ème jet;239;2;239;239;2;2017;2017;100;PAPILLON;REG;2117;1701AR
240;;Vapeur cuite de 3ème jet n°2;Cuites de 3ème jet;240;2;240;240;2;1985;1997;15;PAPILLON;REG;2100;
241;PV 02 22 0666;Vapeur cuite de 3ème jet n°2;Cuites de 3ème jet;241;2;241;241;2;2017;2017;100;PAPILLON;REG;2117;1701AR
242;PV 18 03 0070;Vide cuite de 1er jet n°1;Cuites de 1er jet;242;2;242;242;2;2012;2012;100;PAPILLON;REG;2112;
243;PV 18 22 0520;Vide cuite de 1er jet n°2;Cuites de 1er jet;243;2;243;243;2;2014;2014;100;PAPILLON;REG;2114;1402AR
244;PV 18 22 0528;Vide cuite de 1er jet n°3;Cuites de 1er jet;244;2;244;244;2;2013;2013;100;PAPILLON;REG;2113;1222AR
245;PV 18 22 0544;Vide cuite de 1er jet n°4;Cuites de 1er jet;245;2;245;245;2;2012;2013;100;PAPILLON;REG;2113;1222AR
246;PV 18 22 0552;Vide cuite de 1er jet n°5;Cuites de 1er jet;246;2;246;246;2;2012;2013;100;PAPILLON;REG;2113;
247;;Vide cuite de 1er jet n°6;Cuites de 1er jet;247;2;247;247;2;1981;1997;99;PAPILLON;REG;2096;
248;;Vide cuite de 2ème jet n°1;Cuites de 2ème jet;248;2;248;248;2;1981;2013;15;PAPILLON;REG;2028;
249;PV 18 22 0624;Vide cuite de 2ème jet n°1;Cuites de 2ème jet;249;2;249;249;2;2017;2017;100;PAPILLON;REG;2117;1701AR
250;;Vide cuite de 2ème jet n°2;Cuites de 2ème jet;250;2;250;250;2;1981;2006;100;PAPILLON;REG;2106;
251;PV 18 22 0632;Vide cuite de 2ème jet n°2;Cuites de 2ème jet;251;2;251;251;2;2017;2017;100;PAPILLON;REG;2117;1701AR
252;PV 18 22 0664;Vide cuite de 3ème jet n° 2;Cuites de 3ème jet;252;2;252;252;2;2017;2017;100;PAPILLON;REG;2117;1701AR
253;A démonter;Vide cuite de 3ème jet n°1;Cuites de 3ème jet;253;2;253;253;2;1999;2015;10;PAPILLON;REG;2025;990013 AR
254;PV 18 22 0656;Vide cuite de 3ème jet n°1;Cuites de 3ème jet;254;2;254;254;2;2017;2017;100;PAPILLON;REG;2117;1701AR
255;;Vide général bis;Cuites de 1er jet;255;2;255;255;2;1987;2016;15;PAPILLON;REG;2031;
256;PV 02 23 0700;Chauffage sécheur G;Sécheur G;256;3;256;256;18;2014;2015;100;OPERCULE;REG;2115;1473 AR
257;EV01070401;Extinction refroidisseur;Refroidisseur deshy;257;3;257;;21;;2022;10;BOULE;TOR;;
258;PV 02 07 0096;Mise à l'atmosphère sécheur;Sécheur 8;258;3;258;258;2;2000;2015;10;PAPILLON;REG;2025;200165AR
259;PV 02 23 0702;Mise à l'atmosphère sécheur G;Sécheur G;259;3;259;259;2;2014;2015;10;PAPILLON;REG;2025;14273 DT
260;LV 01 23 0718;Niveau bouteille 25 bars sécheur;réseau condensats deshy;260;3;260;260;18;2014;2015;10;CLAPET;REG;2025;1473 AR
261;LV 01 07 0094;Niveau bouteille 25 bars sécheur G;réseau condensats deshy;261;3;261;261;12;2001;2015;15;OPERCULE;REG;2030;010253AR
262;LV 01 23 0716;Niveau bouteille 25b sécheurs deshy;réseau condensats deshy;262;3;262;262;18;;2015;100;CLAPET;REG;2115;
263;PV 02 07 0102;Pression bouteille 15b chaufferie Duquesne;réseau condensats deshy;263;3;263;263;12;2001;2001;100;OPERCULE;REG;2101;1253 AR
264;PV 02 23 0704;Pression sécheur G;Sécheur G;264;3;264;264;2;;2015;100;PAPILLON;REG;2115;
265;TV 02 23 0722;Température entrée sécheur G;Sécheur G;265;3;265;265;4;2014;2015;10;CLAPET;REG;2025;1474AR
266;;Vapeur entrée sécheur (pression surchauffeur);Sécheur 8;266;3;266;266;18;1990;2008;100;OPERCULE;REG;2108;
267;2 EV 06 01 A20,3;By-pass jus de circulation vers bac de soutirage;diffusion;267;4;267;;10;;2004;99;PAPILLON;TOR;2103;
268;EV06010200;Chasse epulpeur meichage N°1;Epulpeur meichage N°1;268;4;268;;24;2022;;100;Pelle;TOR;2122;2243AR
269;EV06010203;Chasse epulpeur soutirage N°1;Epulpeur soutirage N°1;269;4;269;;24;2022;;100;Pelle;TOR;2122;2243AR
270;EV06010201;Chasse epulpeur soutirage N°2;Epulpeur soutirage N°2;270;4;270;;24;2022;;100;Pelle;TOR;2122;2243AR
271;2 EV 09 01 0440;Chaulage eaux traitées vanne  n°2;Diffusion;271;4;271;;21;;;;Boule;TOR;;0947AR
272;2 EV 09 01 0440;Chaulage eaux traitées vanne n°1;Bac eaux traitées;272;4;272;;21;2000;2015;100;BOULE;TOR;2115;
273;FV 01 01 0578;Débit eaux traitées;Bac eaux traitées;273;4;273;273;2;2003;2016;8;PAPILLON;REG;2024;030018 AR
274;EV 03 01 0776;Débour. coupe-racines n°1;Coupes racines;274;4;274;;21;;1992;100;BOULE;TOR;2092;
275;EV 03 01 0777;Débour. coupe-racines n°2;Coupes racines;275;4;275;;21;;1992;100;BOULE;TOR;2092;
276;EV 03 01 0778;Débour. coupe-racines n°3;Coupes racines;276;4;276;;21;;1992;100;BOULE;TOR;2092;
277;EV 03 01 0779;Débour. coupe-racines n°4;Coupes racines;277;4;277;;21;;1992;100;BOULE;TOR;2092;
278;2 EV27 01 0440;Ecumes eaux traitées;bac eaux traitées;278;4;278;;10;1995;2008;99;PAPILLON;TOR;2107;950556AR
279;EV 04 01 0893;Injection formol milieu diffuseur;Diffuseur;279;4;279;;21;1997;2007;100;BOULE;TOR;2107;970301 AR
280;EV 04 01 0899;Injection formol queue;Diffuseur;280;4;280;;21;1997;2007;100;BOULE;TOR;2107;970301 AR
281;EV 04 01 0898;Injection formol tête chaude;Diffuseur;281;4;281;;21;1997;2007;100;BOULE;TOR;2107;970301 AR
282;EV 04 01 0897;Injection formol tête froide;Diffuseur;282;4;282;;21;1997;2007;100;BOULE;TOR;2107;970301 AR
283;EV 15 01 A24,3;Lavage couronne coupe racine n°1;Coupes racines;283;4;283;;21;1991;2013;100;BOULE;TOR;2113;
284;EV 15 01 A28,3;Lavage couronne coupe racines n°4;Coupes racines;284;4;284;;21;1991;2013;100;BOULE;TOR;2113;
285;EV 01 01 033,7;Lavage droit presse n°1;Presses;285;4;285;285;10;2007;2018;10;PAPILLON;TOR;2028;0721 AR
286;EV 01 01 032,1;Lavage droit presse n°2;Presses;286;4;286;;10;1999;2020;10;PAPILLON;TOR;2030;940288 AR
287;EV 01 01 032,4;Lavage droit presse n°3;Presses;287;4;287;;10;1999;;100;PAPILLON;TOR;2099;990288 AR
288;EV 01 01 032,7;Lavage droit presse n°4;Presses;288;4;288;;10;1999;;100;PAPILLON;TOR;2099;990288 AR
289;EV 01 01 033,2;Lavage droit presse n°5;Presses;289;4;289;;10;1999;;100;PAPILLON;TOR;2099;990288 AR
290;EV 01 01 033,5;Lavage droit presse n°8;Presses;290;4;290;290;10;;;;PAPILLON;TOR;;
291;EV0101;Lavage fut bout de ligne;Presses;291;4;291;;10;;;;;;;
292;EV 01 01 032,0;Lavage fût presse n°2;Presses;292;4;292;;10;1999;;100;PAPILLON;TOR;2099;940288 AR
293;EV 01 01 032,3;Lavage fût presse n°3;Presses;293;4;293;293;10;1995;2014;99;PAPILLON;TOR;2113;950326AR
294;EV 01 01 032,6;Lavage fût presse n°4;Presses;294;4;294;;10;1999;;100;PAPILLON;TOR;2099;990288 AR
295;EV 01 01 033,1;Lavage fût presse n°5;Presses;295;4;295;;10;1999;2018;100;PAPILLON;TOR;2118;950556AR
296;EV 01 01 033,4;Lavage fût presse n°8;Presses;296;4;296;296;10;;;;PAPILLON;TOR;;
297;EV 01 01 034,0;Lavage gauche presse n°1;Presses;297;4;297;;10;;2018;10;PAPILLON;TOR;2028;
298;EV 01 01 032,2;Lavage gauche presse n°2;Presses;298;4;298;;10;1999;2020;10;PAPILLON;TOR;2030;940288 AR
299;EV 01 01 032,5;Lavage gauche presse n°3;Presses;299;4;299;;10;1999;;100;PAPILLON;TOR;2099;990288 AR
300;EV 01 01 033,0;Lavage gauche presse n°4;Presses;300;4;300;;10;1999;;100;PAPILLON;TOR;2099;990288 AR
301;EV 01 01 033,3;Lavage gauche presse n°5;Presses;301;4;301;;10;1999;;100;PAPILLON;TOR;2099;990288 AR
302;EV 01 01 033,4;Lavage gauche presse n°8;Presses;302;4;302;;10;;;;PAPILLON;TOR;;
303;LV 01 01 0578;Niveau bac eaux traitées;Bac eaux traitées ;303;4;303;303;2;;2018;8;PAPILLON;REG;2026;
304;;Niveau bouteille condensats Barriquand;Bouteille condensats Barriquand;304;4;304;304;2;;2016;100;PAPILLON;REG;2116;
305;;ph eaux traitees ecumes FAD 2;Bac de préparation eaux traitées;305;4;305;;21;2017;2018;100;BOULE;TOR;2118;
306;;ph eaux traitees ecumes FAD 3;Bac de préparation eaux traitées;306;4;306;;20;1981;2010;100;BOULE;TOR;2110;
307;LV0101****;Pompes a eaus terreuses P3A;Pompes a eaux terreuses;307;4;307;307;24;2022;;100;Pelle;REG;2122;2243AR
308;;Purge bac de préparation eaux traitées;Bac de préparation eaux traitées;308;4;308;;2;2003;2016;100;PAPILLON;TOR;2116;030030 AR
309;2 EV 06 01 A20,3;Purge by-pass saccharateur;Saccharateur;309;4;309;;10;1995;2006;20;PAPILLON;TOR;2026;
310;TV 01 02 0577;Température eaux traitées;Caisse 1ère carbonatation;310;4;310;;18;;;8;OPERCULE;REG;;
311;TV 01 02 0578;Température jus clair après alpha;Saccharateur;311;4;311;;25;;;;PAPILLON;REG;;
312;TV 02 01 0534;Température réchauff. de meichage;Réchauffeurs;312;4;312;312;2;1981;2016;100;PAPILLON;REG;2116;
313;;Vanne débourrage cr3;COUPE RACINE 3;313;4;313;;10;;;;BOULE;TOR;; 
314;PV 18 01 0598;Vide diffusion (réchauffeurs meichage et soutirage);Réchauffeurs ;314;4;314;;25;;;;PAPILLON;REG;;
315;LOCALE;Chauffage fioul groupe n°1;Chaufferie Duquesne;315;5;315;315;18;1994;1995;100;OPERCULE;REG;2095;940229 AR
316;LOCALE;chauffage fioul groupe n°2;Chaufferie Duquesne;316;5;316;316;18;1994;1995;100;OPERCULE;REG;2095;940229 AR
317;FV 1120 (rep Babcok);Débit d' eau (niveau ballon);Chaudière Babcok;317;5;317;317;18;1996;2017;10;CLAPET;REG;2027;
318;FV 3000 (rep Babcok);Débit gaz chaudière;Chaudière Babcok;318;5;318;318;18;1996;2010;100;OPERCULE;REG;2110;
319;;Débit gaz chaudière n°1;Groupe d'allumage gaz chaudière n°1;319;5;319;319;18;;;10;CLAPET;REG;;
320;;Débit gaz chaudière n°2;Groupe d'allumage gaz chaudière n°2;320;5;320;320;18;;;10;CLAPET;REG;;
321;;Débit gaz chaudière n°3;Groupe d'allumage gaz chaudière n°3;321;5;321;321;18;;;10;CLAPET;REG;;
322;;Décharge deshy G ou 8;Deshy G;322;5;322;322;4;2014;;100;CAGE;REG;2114;1474AR
323;FV 8003/4;Décharge réseau 25 bars;Réseau vapeur;323;5;323;323;4;1996;2011;99;CLAPET;REG;2110;
324;TV 8012;Desurchauffe décharge sécheur G ou 8;Sécheur G;324;5;324;324;18;2014;2022;10;CLAPET;REG;2032;1473 AR
325;TV 8013;Désurchauffe entree corps I;Turbo 3,9 kw;325;5;325;325;18;1998;2005;100;CLAPET;REG;2105;980825 AR
326;TV 8001;Désurchauffe réseau vapeur (détente 25 b) secours;Réseau vapeur;326;5;326;326;18;1996;2018;10;CLAPET;REG;2028;960036 AR
327;TV 8001;Désurchauffe réseau vapeur (détente 25b);Réseau vapeur;327;5;327;327;18;27-01-2023;2023;10;;REG;Impossible achat sup à révision !!!;2238 AR
328;TV 1510 (rep Babcok);Désurchauffe vapeur chaudière;Chaudière Babcok;328;5;328;;5;1996;2022;3;BUSES;REG;2025;
329;CVEB1;Entree bache 1 vanne n°2;Baches à eau Babcock;329;5;329;;10;2013;2020;6;PAPILLON;TOR;2026;1336 AR
330;CVEB2;Entree bache 2 vanne n°2;Baches à eau Babcock;330;5;330;;10;2013;2022;6;PAPILLON;TOR;2028;1336 AR
331;CVEB3;Entree bache 3 vanne n°2;Baches à eau Babcock;331;5;331;;10;2013;2020;6;PAPILLON;TOR;2026;1336 AR
332;459122;Entrée bache 3 vanne n°2;Chaudière Babcok;332;5;332;;10;2010;2020;6;PAPILLON;TOR;2026;
333;UV 3302 (rep Babcok);Évent gaz;Chaudière Babcok;333;5;333;;9;1996;2022;10;BOULE;TOR;2032;
334;LV 8010 (rep Babcok);Niveau bâche 4;Baches à eau Babcock;334;5;334;334;18;1996;2020;16;CLAPET;REG;2036;960223 AR
335; ;Niveau ballon chaudière n°2;Chaufferie Duquesne;335;5;335;335;18;;2014;100;CLAPET;REG;2114;
336;LV0105****;Niveau ballon purge chaudière babcock;;336;5;336;336;25;;2017;10;OPERCULE;REG;2027;
337;LV 01 05  0373;Niveau des baches babcock par somme 123;Baches à eau Babcock;337;5;337;337;25;2013;2013;100;PAPILLON;REG;2113;1313 AR
338;LOCALE;Pression fioul groupe n°1;Chaufferie Duquesne;338;5;338;;1;;1994;100;CLAPET;REG;2094;
339;LOCALE;Pression fioul groupe n°2;Chaufferie Duquesne;339;5;339;;1;;1994;100;CLAPET;REG;2094;
340;;Pression gaz d'allumage chaudière n°1;Groupe d'allumage gaz chaudière n°1;340;5;340;;21;;;;BOULE;TOR;;
341;;Pression gaz d'allumage chaudière n°2;Groupe d'allumage gaz chaudière n°2;341;5;341;;21;;;;BOULE;TOR;;
342;;Pression gaz d'allumage chaudière n°3;Groupe d'allumage gaz chaudière n°3;342;5;342;;21;;;;BOULE;TOR;;
343;8006 (rep babcock);Pression réseau 25 bars (détente réseau);Réseau Vapeur 25 bars;343;5;343;343;4;2010;2019;5;CLAPET;REG;2024;1762AR
344;LOCALE;Pulvérisation vapeur chaudière n° 1;Chaufferie Duquesne;344;5;344;;1;;1994;100;CLAPET;REG;2094;
345;LOCALE;Pulvérisation vapeur chaudière n° 2;Chaufferie Duquesne;345;5;345;;1;;1994;100;CLAPET;REG;2094;
346;LOCALE;Pulvérisation vapeur chaudière n° 3;Chaufferie Duquesne;346;5;346;;22;;1995;100;CLAPET;REG;2095;
347;LOCALE;Refroidissement turbo;Turbo Breguet;347;5;347;;14;;;;3 VOIES;REG;;
348;;régulateur d'alimentation en gaz TAG;Turbine à gaz;348;5;348;;21;;2003;100;CAGE;REG;2103;
349;;Section gaz amont chaudière n°1 (vanne du haut);Groupe d'allumage gaz chaudière n°1;349;5;349;;21;;;;BOULE;TOR;;
350;;Section gaz amont chaudière n°2 (vanne du haut);Groupe d'allumage gaz chaudière n°2;350;5;350;;21;;;;BOULE;TOR;;
351;;Section gaz amont chaudière n°3 (vanne du haut);Groupe d'allumage gaz chaudière n°3;351;5;351;;21;;;;BOULE;TOR;;
352;UV 3301 (rep Babcok);Section gaz amont évent;Chaudière Babcok;352;5;352;;9;1996;2022;10;BOULE;TOR;2032;
353;UV 3303 (rep Babcok);Section gaz aval babcok;Chaudière Babcok;353;5;353;;21;2005;2022;10;BOULE;TOR;2032;0505 AR
354;;Sécurité niveau bache A5;;354;5;354;;10;2003;2016;100;PAPILLON;TOR;2116;030031 AR
355;CVSB3;Sortie bache 3;Baches à eau Babcock;355;5;355;;10;2010;2013;12;PAPILLON;TOR;2025;
356;CVEB1;Vanne entre bâche 1;Baches à eau Babcock;356;5;356;;10;1995;2020;20;PAPILLON;TOR;2040;950736 AR
357;CVEB3;Vanne entre bâche 3;Baches à eau Babcock;357;5;357;;10;1995;2020;6;PAPILLON;TOR;2026;950736 AR
358;CVEB11;VANNE ENTREE BACHE 1  CHAINE A;Baches à eau Babcock;358;5;358;;25;2022;2023;15;;TOR;2038;2248AR
359;CVEB12;VANNE ENTREE BACHE 1 CHAINE C;;359;5;359;;25;2022;2023;15;;TOR;2038;2248AR
360;CVEB21;VANNE ENTREE BACHE 2 CHAINE A;;360;5;360;;25;2022;2023;15;;TOR;2038;2248AR
361;CVEB22;VANNE ENTREE BACHE 2 CHAINE C;;361;5;361;;25;15/11/2022;2023;15;;TOR;2038;2248AR
362;CVEB31;VANNE ENTREE BACHE 3 CHAINE A;;362;5;362;;25;15/11/2022;2023;15;;TOR;2038;2248AR
363;CVEB32;VANNE ENTREE BACHE 3 CHAINE C;;363;5;363;;25;15/11/2022;2023;15;;TOR;2038;2248AR
364;;Vanne sécurité sucre (isolement baches Babcock);Baches à eau Babcock;364;5;364;;25;2013;2013;100;PAPILLON;TOR;2113;1313AR
365;CVSB1;Vanne sortie bâche 1;Baches à eau Babcock;365;5;365;;10;1995;2017;10;PAPILLON;TOR;2027;950736 AR
366;CVSB2;Vanne sortie bâche 2;Baches à eau Babcock;366;5;366;;10;1995;2017;10;PAPILLON;TOR;2027;950736 AR
367;;Vanne sortie bache 2 (Duquesne);Baches Duquesne;367;5;367;;25;;2018;10;PAPILLON;TOR;2028;
368;CVSB1;Vanne sortie bache alimentaire n°1;Baches alimentaires Bab.;368;5;368;;2;2018;2018;10;PAPILLON;TOR;2028;1804AR
369;CVSB2;Vanne sortie bache alimentaire n°2;Baches alimentaires Bab.;369;5;369;;2;2018;2018;10;PAPILLON;TOR;2028;1804AR
370;CVSB3;Vanne sortie bache alimentaire n°3;Baches alimentaires Bab.;370;5;370;;2;2018;2018;10;PAPILLON;TOR;2028;1804AR
371;EV 01 02 0241;Adoucisseur n° 1 vanne n°1;Adoucisseurs ERPAC;371;6;371;;2;;1994;100;PAPILLON;TOR;2094;
372;EV 01 02 0242;Adoucisseur n° 1 vanne n°2;Adoucisseurs ERPAC;372;6;372;;2;;1994;100;PAPILLON;TOR;2094;
373;EV 01 02 0250;Adoucisseur n° 2 vanne n°11;Adoucisseurs ERPAC;373;6;373;;2;;1994;100;PAPILLON;TOR;2094;
374;EV 01 02 0251;Adoucisseur n° 2 vanne n°12;Adoucisseurs ERPAC;374;6;374;;2;;1994;100;PAPILLON;TOR;2094;
375;EV 01 02 0259;Adoucisseur n° 3 vanne n°21;Adoucisseurs ERPAC;375;6;375;;2;;1996;100;PAPILLON;TOR;2096;
376;EV 01 02 0260;Adoucisseur n° 3 vanne n°22;Adoucisseurs ERPAC;376;6;376;;2;;1996;100;PAPILLON;TOR;2096;
377;EV 01 02 0279;Annexe ERPAC vanne n° 35;Adoucisseurs ERPAC;377;6;377;;2;;1994;100;PAPILLON;TOR;2094;
378;EV 01 13 0381;Appoint eau bouteille laveur des buées;four à chaux;378;6;378;378;2;2000;2009;100;BOULE;TOR;2109;
379;EV 01 02 0167;Appoint eau réfrigérant par retour turbo;Réfrigérant;379;6;379;;2;2002;2002;100;PAPILLON;TOR;2102;020504 AR
380;EV 01 13 0383;Lavage des buées;four à chaux;380;6;380;380;2;2000;2017;10;BOULE;TOR;2027;
381;LV 09 13 0093;Niveau bac de circulation;Chaulerie;381;6;381;381;2;2000;2018;8;PAPILLON;REG;2026;
382;PV 22 02 0562;Pression réchauffeur JT1 n°2;Réchauffeur de JT1;382;6;382;382;18;;2011;100;OBTURATEUR;REG;2111;
383;LV 06 02 0073;Niveau bac JAE;Bac JAE;383;6;383;383;22;;2016;10;OPERCULE;REG;2026;
384;LT 06 02 0015;Niveau bac jus clair 2;Bac jus clair 2;384;6;384;384;2;1990;2011;100;PAPILLON;REG;2111;990294 AR
385;LV 01 02 1075;Niveau bouteille C2;Distillateur;385;7;385;385;25;2012;2013;15;PAPILLON;REG;2028;1253AR
386;LV 01 02 1076;Niveau bouteille C5;Distillateur;386;7;386;386;25;2012;2013;15;PAPILLON;REG;2028;1253AR
387;LV 01 02 0567;Niveau bac récup. Condensats réchauffeurs;Bac récupération condensats réchauffeurs;387;6;387;387;18;;2012;100;OPERCULE;REG;2112;
388;LV 01 02 0568;Niveau Bache  Réfrigérant par appoint eau de forage;Réfrigérant;388;6;388;388;2;2002;2019;6;PAPILLON;REG;2025;020504 AR
389;2 LV 01 02 0568;Niveau bache par eau des digues;Réfrigérant;389;6;389;389;10;1995;2015;100;PAPILLON;REG;2115;950259 AR
390;LV 01 02 1074;Niveau bouteille CC;Distillateur;390;7;390;390;25;2012;2013;15;PAPILLON;REG;2028;1253AR
391;LV 01 02 0471;Niveau Réfrigérant;Réfrigérant;391;6;391;391;2;2002;2018;15;PAPILLON;REG;2033;020504 AR
392;LV 01 13 0500;Niveau bouteille D1;Chaine condensats deshy;392;7;392;392;25;;2009;100;PAPILLON;REG;2109;
393;AV 12 02 0019;PH 2ème carbonatation;;393;6;393;393;25;;2008;100;PAPILLON;REG;2108;
394;PV 20 02 0472;Pression CO2;Chaulerie;394;6;394;394;2;2000;2020;6;PAPILLON;REG;2026;200165AR
395;PV 22 02 0563;Pression pompe à vide;pompe à vide;395;6;395;;23;1998;1998;100;PAPILLON;REG;2098;
396; ;Purge ballon à gaz n°1;;396;6;396;;10;;2016;100;PAPILLON;TOR;2116;
397;;Purge ballon à gaz n°2;;397;6;397;;10;;2016;100;PAPILLON;TOR;2116;
398;EV 06 02 0629;Purge JT1;Bac de contact JT1;398;6;398;;25;;2003;100;PAPILLON;TOR;2103;
399;EV 09 13 0382;Purge lavage buées;Chaulerie;399;6;399;;2;2000;2009;100;PAPILLON;TOR;2109;
400;EV 0113 0348;Purge laveur à gaz;Laveur à gaz;400;6;400;;15;2017;2018;100;GUILLOTINE;TOR;2118;DT17096
401;;Temp. Eau sortie Barriquand;;401;6;401;401;19;;2011;100;PAPILLON;REG;2111;récup Chalons
402;;Chauffage jus clair 1;;402;6;402;402;25;;2005;100;PAPILLON;REG;2105;
403;EV01 02 0277;Débit régénération ( EV33 );Adoucisseur;403;6;403;;2;2011;2011;100;PAPILLON;TOR;2111;1122AR
404;EV01 02 0276;Débit rincage lent ( EV32 );Adoucisseur;404;6;404;;2;2011;2011;100;PAPILLON;TOR;2111;1122AR
405;Ev01 02 0275;Débit rinçage rapide ( EV31 );Adoucisseur;405;6;405;;2;2011;2011;100;PAPILLON;TOR;2111;1122AR
406;EV01 02 0279;Débit saumure ( EV35 );Adoucisseur;406;6;406;;2;2011;2011;100;PAPILLON;TOR;2111;1122AR
407;EV01 02 0241;Entrée adoucisseur n°1 ( EV1 );Adoucisseur n°1;407;6;407;;2;2011;2011;100;PAPILLON;TOR;2111;1122AR
408;EV01 02 0250;Entrée adoucisseur n°2 ( EV11 );Adoucisseur N°2;408;6;408;;2;2011;2011;100;PAPILLON;TOR;2111;1122AR
409;EV01 02 0246;Entrée rinçage rapide adoucisseur n°1 (EV6 );Adoucisseur n°1;409;6;409;;2;2011;2011;100;PAPILLON;TOR;2111;1122AR
410;EV01 02 0255;Entrée rinçage rapide adoucisseur n°2 ( EV16 );Adoucisseur n°2;410;6;410;;2;2011;2011;100;PAPILLON;TOR;2111;1122AR
411;EV01 02 0243;Entrée soulèvement adoucisseur n°1 ( EV3 );Adoucisseur n°1;411;6;411;;2;2011;2011;100;PAPILLON;TOR;2111;1122ar
412;EV01 02 0252;Entrée soulèvement adoucisseur n°2 ( EV13 );Adoucisseur n°2;412;6;412;;2;2011;2011;100;PAPILLON;TOR;2111;1122AR
413;;Erpac n°1 Soufflage (vanne n°8);Adoucisseurs Erpac;413;6;413;;21;;2011;100;BOULE;TOR;2111;
414;;Erpac n°2 Soufflage (vanne 18);Adoucisseurs ERPAC;414;6;414;;21;1988;2011;100;BOULE;TOR;2111;
415;LV 01 02 0583;Niveau bache eau froide usine;Bache à eau froide usine;415;6;415;415;2;2012;2012;100;PAPILLON;REG;2112;
416;AV 06 02 0580;PH 1ère carbonatation;Caisse 1ère carbonatation;416;6;416;416;25;2011;2011;13;PAPILLON;REG;2024;
417;LT 01 02 1078;Niveau distillateur;Distillateur;417;7;417;417;25;2013;;11;PAPILLON;REG;2024;1253AR
418;PV 22 02 0855;Pression réchauffeur jus chaulé n° 3;Réchauffeurs jus chaulé;418;7;418;418;18;2012;2012;100;Opercule;REG;2112;
419;;Purge bac de contact 2ème carbo;Bac de contact 2ème carbonatation;419;6;419;;25;2015;2015;10;PAPILLON;;2025;1506AR
420;EV 01 02 0242;Sortie adoucisseur n°1 ( EV2 );Adoucisseur n°1;420;6;420;;2;2011;2011;100;PAPILLON;TOR;2111;1122AR
421;EV01 02 0251;Sortie adoucisseur n°2 ( EV12 );Adoucisseur N°2;421;6;421;;2;2011;2011;100;PAPILLON;TOR;2111;1122AR
422;EV01 02 0247;Sortie rinçage lent adoucisseur n°1 ( EV7 );Adoucisseur n°1;422;6;422;;2;2011;2011;100;PAPILLON;TOR;2111;1122AR
423;EV01 02 0256;Sortie rincage lent adoucisseur n°2 ( EV17 );Adoucisseur n°2;423;6;423;;2;2011;2011;100;PAPILLON;TOR;2111;1122AR
424;EV01 02 0245;Sortie rinçage rapide adoucisseur n°1 ( EV5 );Adoucisseur n°1;424;6;424;;2;2011;2011;100;PAPILLON;TOR;2111;1122AR
425;EV01 02 0254;Sortie rinçage rapide adoucisseur n°2 ( EV15 );Adoucisseur n°2;425;6;425;;2;2011;2011;100;PAPILLON;TOR;2111;1122AR
426;EV01 02 0244;Sortie soulèvement adoucisseur n°1 ( EV4 );Adoucisseur n°1;426;6;426;;2;2011;2011;100;PAPILLON;TOR;2111;1122AR
427;EV01 02 0253;Sortie soulèvement adoucisseur n°2 ( EV14 );Adoucisseur n°2;427;6;427;;2;2011;2011;100;PAPILLON;TOR;2111;1122AR
428;TV 12 13 0045;Température gaz four;four à chaux;428;6;428;428;2;2000;2021;6;PAPILLON;REG;2027;vanne fournie par Delot
429;LV 06 02 0901;Ancienne Niveau corps I1 et I2;Corps I1 et  I2;429;7;429;429;25;;2003;25;PAPILLON;REG;2028;
430;LV 01 02 0083;Appoint d'eau bac JAE;Bac JAE;430;7;430;430;2;;2018;100;PAPILLON;REG;2118;
431;EV 06 02 0651;CEFT vanne aspiration pompe n°1;CEFT;431;7;431;;2;2012;2013;12;PAPILLON;TOR;2025;1256AR
432;EV 06 02 0652;CEFT Vanne aspiration pompe n°2;CEFT;432;7;432;;2;2012;2013;12;PAPILLON;TOR;2025;1256AR
433;EV 06 02 0653;CEFT vanne refoul. Pompe n°1;CEFT;433;7;433;;2;2012;;100;Papillon;REG;2112;1256AR
434;EV 06 02 0654;CEFT vanne refoul. Pompe n°2;CEFT;434;7;434;;2;2012;;100;PAPILLON;REG;2112;1256AR
435;PV 02 02 0079;Chauffage 6ème corps par corps I1;6ème corps;435;7;435;435;25;1998;2002;100;PAPILLON;REG;2102;
436;;Chauffage concentrateur par 3ème corps;6ème corps;436;7;436;436;2;;2010;100;PAPILLON;REG;2110;
437;FV 06 02 0086;Débit avant évaporation;Bac avant évaporation;437;7;437;437;25;;2006;100;PAPILLON;REG;2106;
438;PV 06 02 0856;Dégazage Réchauffeur Gi ;Réchauffeurs jus chaulé;438;7;438;438;25;2012;2013;100;PAPILLON;REG;2113;1253AR
439;TV 01021080;Désurchauffe CEFT;CEFT;439;7;439;439;4;2013;2013;100;;REG;2113;13025 DT
440;;Désurchauffe éjecto 2;Ejectos Désurchauffe;440;7;440;440;10;2001;2010;15;BOULE;TOR;2025;010511AR
441;;Désurchauffe éjecto A;Ejectos Désurchauffe;441;7;441;441;18;2012;2012;100;OPERCULE;TOR;2112;
442;;Désurchauffe éjecto A;Ejectos Désurchauffe;442;7;442;;10;2001;;99;BOULE;TOR;2100;010511AR
443;;Désurchauffe éjecto B;Ejectos Désurchauffe;443;7;443;443;18;2012;2012;100;OPERCULE;TOR;2112;
444;;Désurchauffe éjecto B;Ejectos Désurchauffe;444;7;444;;10;2001;;99;BOULE;TOR;2100;
445;;Désurchauffe éjecto C;Ejectos Désurchauffe;445;7;445;445;18;2012;2012;100;OPERCULE;TOR;2112;
446;;Désurchauffe éjecto C;Ejectos Désurchauffe;446;7;446;;10;2001;;99;BOULE;TOR;2100;
447;;Désurchauffe éjecto D;Ejectos Désurchauffe;447;7;447;447;18;2012;2012;100;OPERCULE;TOR;2112;
448;;Désurchauffe éjecto D;Ejectos Désurchauffe;448;7;448;;10;2001;;99;BOULE;TOR;2100;
449;;Désurchauffe éjecto deshy. N°1;Ejectos Désurchauffe;449;7;449;449;18;2012;2012;100;OPERCULE;TOR;2112;
450;;Desurchauffe éjecto deshy. N°2;Ejectos Désurchauffe;450;7;450;450;18;2012;2012;100;OPERCULE;TOR;2112;
451;3EV 01 02 0161;Désurchauffe éjecto E;Ejectos corps I turbo;451;7;451;;18;2013;2013;100;OPERCULE;TOR;2113;
452;3EV 01 02 0162;Désurchauffe éjecto F;Ejectos corps I turbo;452;7;452;;18;2013;2013;100;OPERCULE;REG;2113;
453;3EV 01 02 0163;Désurchauffe éjecto G;Ejectos corps I turbo;453;7;453;;18;2013;2013;100;OPERCULE;TOR;2113;
454;;Désurchauffe ejecto1;Ejectos Désurchauffe;454;7;454;454;10;2001;2010;15;BOULE;TOR;2025;010511AR
455;;Désurchauffe vapeur 45 bars  detente 2,5b;;455;7;455;455;18;2012;2013;100;;REG;2113;1270 AR
456;;Ejecto A aspirée;Ejectos;456;7;456;;25;2001;2022;10;PAPILLON;TOR;2032;
457;;Ejecto A vanne motrice;Ejectos;457;7;457;;6;2001;2022;99;GUILLOTINE;TOR;2121;010447AR
458;;Ejecto B aspirée;Ejectos;458;7;458;;25;2001;2022;10;PAPILLON;TOR;2032;010446AR
459;;Ejecto B vanne motrice;Ejectos;459;7;459;;6;2001;2022;99;GUILLOTINE;TOR;2121;010447AR
460;;Ejecto C aspirée;Ejectos;460;7;460;;25;2001;2022;10;PAPILLON;TOR;2032;010446AR
461;;Ejecto C vanne motrice;Ejectos;461;7;461;;6;2001;2022;99;GUILLOTINE;TOR;2121;010447AR
462;;Ejecto D aspirée;Ejectos;462;7;462;;25;2001;2022;10;PAPILLON;TOR;2032;010446AR
463;;Ejecto D vanne motrice;Ejectos;463;7;463;;6;2001;2022;99;GUILLOTINE;TOR;2121;010447AR
464;;Ejecto n° 1 aspirée;Corps I deshy;464;7;464;;25;;2022;10;PAPILLON;TOR;2032;2216AR
465;;Ejecto n° 1 vanne motrice;Corps I deshy;465;7;465;465;6;2010;2022;99;CLAPET;TOR;2121;1021 AR
466;;Ejecto n° 2 aspirée;Corps I deshy;466;7;466;;25;2010;2022;10;PAPILLON;TOR;2032;2216AR
467;;Ejecto n° 2 vanne motrice;Corps I deshy;467;7;467;;6;2010;2022;99;CLAPET;TOR;2121;1021 AR
468;;Niv. Bouteille D2;Chaine condensats deshy;468;7;468;468;25;2009;2009;100;PAPILLON;REG;2109;0919 AR
469;;Niv. Bouteille D3;Chaine condensats deshy;469;7;469;469;25;2009;2009;100;PAPILLON;REG;2109;0919 AR
470;LV 06 02 0902;Niveau 1er corps;1er corps;470;7;470;470;18;1998;2011;100;PAPILLON;REG;2111;
471;LV 06 02 0903;Niveau 2ème corps;2ème corps;471;7;471;471;25;2010;2019;10;OBTURATEUR;REG;2029;1842AR
472;LV 06 02 0904;Niveau 3ème corps;3ème corps;472;7;472;472;18;2012;2012;100;OPERCULE;REG;2112;
473;LOCALE;Niveau 3ème corps;3ème corps;473;7;473;;22;;1995;99;OPERCULE;REG;2094;
474;LV 06 02 0075;Niveau 4ème corps;4ème corps;474;7;474;474;18;2012;2012;100;OPERCULE;REG;2112;
475;LOCALE;Niveau 4ème corps;4ème corps;475;7;475;;22;;1995;99;OPERCULE;REG;2094;
476;LV 01 02 0839;Niveau 4ème corps C;4ème corps;476;7;476;476;25;1989;2005;100;PAPILLON;REG;2105;
477;LV 07 02 0566;Niveau 5ème corps;5ème corps;477;7;477;477;22;;2004;100;OPERCULE;REG;2104;13142036
478;LV 07 02 0082;Niveau 6ème corps;6ème corps;478;7;478;478;2;1999;2021;10;PAPILLON;REG;2031;990013 AR
479;LV 01 02 1073;Niveau baches Duquesne;Baches à eau Duquesne;479;7;479;479;25;2013;2017;10;PAPILLON;REG;2027;1313 AR
480;2LV 01 02 1073;Niveau baches Duquesne (appoint A5 par B0);Baches à eau Duquesne;480;7;480;480;25;2013;2013;100;PAPILLON;REG;2113;1313 AR
481;;Niveau ballon cond. rechauffeurs G0. G1. G2.;Ballon condensats rechauffeurs G0. G1. G2.;481;7;481;;18;;1997;100;OPERCULE;REG;2097;
482;LV 01 13 0431;Niveau bouteille A2;Bouteille évapo A2;482;7;482;482;22;;2002;22;OPERCULE;REG;2024;
483;A démonter;Niveau bouteille A3;Chaine condensats évaporation;483;7;483;483;22;;2002;100;OPERCULE;REG;2102;
484;;Niveau bouteille A4;Chaine condensats évaporation;484;7;484;484;22;;2002;100;OPERCULE;REG;2102;
485;LV 01 13 0446;Niveau bouteille B0;Chaine condensats évaporation;485;7;485;485;25;2010;2010;15;PAPILLON;REG;2025;1013AR
486;LV 01 02 0556;Niveau bouteille B1;Chaine B condensats évaporation;486;7;486;486;25;2010;2019;10;OBTURATEUR;REG;2029;1842AR
487;;Niveau bouteille B2;Chaine condensats évaporation;487;7;487;487;25;;2003;100;PAPILLON;REG;2103;
488;LV 01 13 098;Niveau bouteille B4;Bouteille B4;488;7;488;488;18;;2002;22;PAPILLON;REG;2024;
489;PV 22 02 0856;Pression réchauffeur JT1 n°1;Réchauffeur de JT1;489;6;489;489;18;;2005;100;OPERCULE;REG;2105;
490;PV 02 22 0576;Casse vide vapeur cuite de 1er jet n°2;cuites de 1er jet;490;2;490;490;10;2003;2018;100;PAPILLON;REG;2118;030031 AR
491;LV 09 13 0094;Niveau bac expédition;Chaulerie;491;6;491;491;25;;2008;16;BOULE;REG;2024;
492;LV01020552;NIVEAU BOUTEILLE CONDENSAT A4;Chaine condensats évaporation;492;7;492;492;25;15/11/2022;2023;15;;REG;2038;2248AR
493;LV 06 02 0024;Niveau bac petit jus vanne n° 1;Bac à petit jus;493;6;493;493;10;1997;2005;19;PAPILLON;REG;2024;
494;LV 01 13 0499;Niveau bouteille DI;Chaine condensats deshy;494;7;494;494;25;;2009;100;PAPILLON;REG;2109;
495;LV 07 02 0581;Niveau concentrateur ls;Concentrateur ls;495;7;495;495;25;;;;PAPILLON;REG;;
496;LV 06 02 0564;Niveau bac petit jus vanne n° 2;Bac à petit jus;496;6;496;496;10;1997;2015;9;PAPILLON;REG;2024;
497;LV 06 02 0901;Niveau entrée sur sortie CEFT;CEFT;497;7;497;497;25;2013;2013;100;PAPILLON;REG;2113;1313AR
498;;Pression  B5;ballon B5;498;7;498;498;2;;2005;100;PAPILLON;REG;2105;
499;;Pression distillateur;Distillateur;499;7;499;499;4;2012;2012;100;CAGE;REG;2112;1251AR
500;LV 01 02 0853;Niveau bache réfrigérant vers digues;Réfrigérant;500;6;500;500;2;;2007;100;PAPILLON;REG;2107;
501;12/31/99;Rinçage CEFT n°1;CEFT;501;7;501;501;21;1995;2013;15;Boule;TOR;2028;950661AR
502;;Rinçage CEFT n°2;CEFT;502;7;502;;21;1995;2013;100;BOULE;TOR;2113;950661AR
503;EV 01 02 0157;Rincage matelas 2ème corps n°2;2ème corps;503;7;503;;21;;2019;10;BOULE;TOR;2029;
504;EV 01 02 0158;Rinçage matelas 3ème corps n° 1;3ème corps;504;7;504;;21;;1999;100;BOULE;TOR;2099;
505;EV 01 02 0159;Rinçage matelas 3ème corps n° 2;3ème corps;505;7;505;;21;;1999;100;BOULE;TOR;2099;
506;;Rinçage matelas 4ème corps n° 1;4ème corps;506;7;506;;;;1999;100;;;2099;
507;;Rinçage matelas 4ème corps n° 2;4ème corps;507;7;507;;;;1999;100;;;2099;
508;;Rinçage matelas corps I turbo n° 2;Corps I turbo;508;7;508;;;;1999;100;;;2099;
509;EV 07 02 0153;Sirop vers bac à sirop léger;Concentrateur de stockage;509;7;509;;10;1997;2022;10;PAPILLON;TOR;2032;
510;EV 07 02 0153;Sirop vers bacs à sirop;Concentrateur de stockage;510;7;510;;10;1997;2008;100;PAPILLON;TOR;2108;
511;2EV 02 02 0161;Vanne motrice éjecto E;Corps I1;511;7;511;;6;2008;;100;DOUBLE OPERCULE;TOR;2108;0830 AR
512;PVB5;VANNE PRESSION B5;;512;7;512;512;25;15/11/2022;2023;15;;REG;2038;2248AR
513;PV 18 02 0074;Vide 5ème corps;5ème corps;513;7;513;513;25;2010;2019;15;PAPILLON;REG;2034;1840AR
514;;Vide concentrateur stockage;Concentrateur de stockage sirop;514;7;514;514;2;;2004;20;PAPILLON;REG;2024;
515;XV06020554;Alimentation diastar 1n°1;Diastars de 1ère carbonatation;515;8;515;515;25;2022;2022;10;PAPILLON;REG;2032;2206AR
516;XV06020560;Alimentation diastar 1n°2;Diastars de 1ère carbonatation;516;8;516;516;25;2022;2022;;PAPILLON;REG;Impossible achat sup à révision !!!;2206AR
517;XV06020561;Alimentation diastar 1n°3;Diastars de 1ère carbonatation;517;8;517;517;25;2022;2022;;PAPILLON;REG;Impossible achat sup à révision !!!;2206AR
518;XV06020565;Alimentation diastar 1n°4;Diastars de 1ère carbonatation;518;8;518;518;25;2022;2022;;papillon;REG;Impossible achat sup à révision !!!;2206AR
519;XV06020579;Alimentation diastar 1n°5;Diastars de 1ère carbonatation;519;8;519;519;25;2022;2022;;PAPILLON;REG;Impossible achat sup à révision !!!;2206AR
520;FV 01 13 0461;Débit d'eau filtre à disques n° 2;Filtre à disques n°2;520;8;520;520;18;2002;2020;15;OPERCULE;REG;2035;020397 AR
521;FV 01 13 0477;Débit d'eau filtre à disques n° 3;Filtre à disques n°3;521;8;521;521;18;2002;2002;100;OPERCULE;REG;2102;020397 AR
522;2 EV 08 13 0548;Dégonflage 1 FAD n° 3;Filtre à disques n°3;522;8;522;;10;2004;2016;100;PAPILLON;TOR;2116;04003 AR
523;2 EV 08 13 0548;Dégonflage 2 FAD n° 3;Filtre à disques n°3;523;8;523;;10;2004;2016;100;PAPILLON;TOR;2116;04003 AR
524;2EV 08 13 0542;Dégonflage filtre à disques n° 2 (droite);Filtre à disques n°2;524;8;524;;10;;2018;100;PAPILLON;TOR;2118;
525;2EV 08 13 0542;Dégonflage filtre à disques n° 2 (gauche);Filtre à disques n°2;525;8;525;;10;2002;2018;100;PAPILLON;TOR;2118;
526;EV 08 13 0568;Dégonflage filtre à disques n°1;Filtre à disques n°1;526;8;526;;10;;2004;100;PAPILLON;TOR;2104;
527;DV 06 02 0584;Densité jus épaissi;Bac jus épaissi;527;8;527;527;25;2010;;100;OPERCULE;REG;2110;1840AR
528;LOCALE;Niveau jus filtre à disques n° 1;Filtre à disques n°1;528;8;528;;18;1993;1999;100;OPERCULE;REG;2099;
529;EV 06 02 0675;Purge n° 1;Filtre à disques n°1;529;8;529;;10;1995;2001;100;PAPILLON;TOR;2101;950326AR
530;EV 06 02 0677;Purge n° 3;Filtre à disques n°1;530;8;530;;10;1995;2002;100;PAPILLON;TOR;2102;950326AR
531;EV 06 02 0679;Purge n° 5;Filtre à disques n°1;531;8;531;;10;1995;2002;100;PAPILLON;TOR;2102;950326AR
532;EV 06 02 0676;Purge n°2;Filtre à disques n°1;532;8;532;;10;1995;1995;99;PAPILLON;TOR;2094;950326AR
533;EV 06 02 0678;Purge n°4;Filtre à disques n°1;533;8;533;;10;;;;;;;950326AR
534;2 EV 08 13 0547;Soufflage 1 FAD n° 3;Filtre à disques n°3;534;8;534;;10;2004;2016;100;PAPILLON;TOR;2116;04003 AR
535;2 EV 08 13 0547;Soufflage 2 FAD n° 3;Filtre à disques n°3;535;8;535;;10;2004;;100;PAPILLON;TOR;2104;04003 AR
536;2EV 08 13 0541;Soufflage filtre à disques n° 2 (droite);Filtre à disques n°2;536;8;536;;10;;2018;100;PAPILLON;TOR;2118;
537;2EV 08 13 0541;Soufflage filtre à disques n° 2 (gauche);Filtre à disques n°2;537;8;537;;10;;2018;100;PAPILLON;TOR;2118;
538;EV 08 13 0567;Soufflage filtre à disques n°1;Filtre à disques n°1;538;8;538;;10;1996;2004;100;PAPILLON;TOR;2104;
539;EV 06 02 0860;Vanne n° 1 alimentation diastar de 2ème n° 1;Diastars de 2ème carbonatation;539;8;539;;10;1991;2019;10;PAPILLON;TOR;2029;
540;EV 06 02 0868;Vanne n° 1 alimentation diastar de 2ème n° 2;Diastars de 2ème carbonatation;540;8;540;;10;1991;2015;10;PAPILLON;TOR;2025;
541;EV 06 02 0876;Vanne n° 1 alimentation diastar de 2ème n° 3;Diastars de 2ème carbonatation;541;8;541;;10;1991;2001;10;PAPILLON;TOR;2024;
542;EV 06 02 0642;Vanne n° 1 alimentation diastar n° 4;Diastars de 2ème carbonatation;542;8;542;;10;2004;2018;10;PAPILLON;TOR;2028;040016AR
543;EV 06 02 0623;Vanne n° 1 alimentation diastar n° 4;Diastars de 1ère carbonatation;543;8;543;543;10;1993;2019;6;PAPILLON;TOR;2025;
544;EV 06 02 0861;Vanne n° 2 recyclage diastar de 2ème n° 1;Diastars de 2ème carbonatation;544;8;544;;10;1991;2022;10;PAPILLON;TOR;2032;
545;EV 06 02 0869;Vanne n° 2 recyclage diastar de 2ème n° 2;Diastars de 2ème carbonatation;545;8;545;;10;1991;2024;10;PAPILLON;TOR;2034;
546;EV 06 02 0877;Vanne n° 2 recyclage diastar de 2ème n° 3;Diastars de 2ème carbonatation;546;8;546;;10;1991;2018;8;PAPILLON;TOR;2026;
547;EV 06 02 0643;Vanne n° 2 recyclage diastar n° 4;Diastars de 2ème carbonatation;547;8;547;;10;2004;2022;10;PAPILLON;TOR;2032;040016AR
548;EV 06 02 0862;Vanne n° 3 décompression diastar de 2ème n° 1;Diastars de 2ème carbonatation;548;8;548;;10;1991;2015;10;PAPILLON;TOR;2025;
549;EV 06 02 0870;Vanne n° 3 décompression diastar de 2ème n° 2;Diastars de 2ème carbonatation;549;8;549;;10;1992;2014;10;PAPILLON;TOR;2024;
550;EV 06 02 0878;Vanne n° 3 décompression diastar de 2ème n° 3;Diastars de 2ème carbonatation;550;8;550;;10;1992;2015;10;PAPILLON;TOR;2025;
551;EV 06 02 0644;Vanne n° 3 décompression diastar n° 4;Diastars de 2ème carbonatation;551;8;551;;10;2004;2015;10;PAPILLON;TOR;2025;040016AR
552;EV 06 02 0605;Vanne n° 4 décompression diastar n° 1;Diastars de 1ère carbonatation;552;8;552;;10;1993;2021;6;PAPILLON;TOR;2027;
553;EV 06 02 0612;Vanne n° 4 décompression diastar n° 2;Diastars de 1ère carbonatation;553;8;553;;10;2019;2019;6;PAPILLON;TOR;2025;
554;EV 06 02 0619;Vanne n° 4 décompression diastar n° 3;Diastars de 1ère carbonatation;554;8;554;;10;1992;2007;100;PAPILLON;TOR;2107;
555;EV 06 02 0626;Vanne n° 4 décompression diastar n° 4;Diastars de 1ère carbonatation;555;8;555;;10;1998;2007;100;PAPILLON;TOR;2107;980164 AR
556;EV 06 02 0637;Vanne n° 4 décompression n° 5;Diastars de 1ère carbonatation;556;8;556;;10;2002;2019;6;PAPILLON;TOR;2025;020238 AR
557;EV 06 02 0645;Vanne n° 4 extraction diastar 2eme  n° 4;Diastars de 2ème carbonatation;557;8;557;;10;1997;2008;16;PAPILLON;TOR;2024;
558;EV 06 02 0863;Vanne n° 4 extraction diastar de 2ème n° 1;Diastars de 2ème carbonatation;558;8;558;;10;1991;2014;10;PAPILLON;TOR;2024;
559;EV 06 02 0871;Vanne n° 4 extraction diastar de 2ème n° 2;Diastars de 2ème carbonatation;559;8;559;;10;1991;2014;100;PAPILLON;TOR;2114;
560;EV 06 02 0879;Vanne n° 4 extraction diastar de 2ème n° 3;Diastars de 2ème carbonatation;560;8;560;;10;1991;2016;10;PAPILLON;TOR;2026;
561;EV 06 02 0606;Vanne n° 5 extraction diastar n° 1;Diastars de 1ère carbonatation;561;8;561;;10;;2022;6;PAPILLON;TOR;2028;
562;EV 06 02 0613;Vanne n° 5 extraction diastar n° 2;Diastars de 1ère carbonatation;562;8;562;;10;;2022;6;PAPILLON;TOR;2028;
563;EV 06 02 0620;Vanne n° 5 extraction diastar n° 3;Diastars de 1ère carbonatation;563;8;563;;10;;2022;6;PAPILLON;TOR;2028;
564;EV 06 02 0627;Vanne n° 5 extraction diastar n° 4;Diastars de 1ère carbonatation;564;8;564;;10;1998;2022;6;PAPILLON;TOR;2028;980164 AR
565;EV 06 02 0638;Vanne n° 5 extraction diastar n° 5;Diastars de 1ère carbonatation;565;8;565;;10;2002;2022;6;PAPILLON;TOR;2028;020238 AR
566;EV 06 02 0872;Vanne n° 5 nivellement diastar 2ème n° 2;Diastars de 2ème carbonatation;566;8;566;;10;1992;2015;10;PAPILLON;TOR;2025;
567;EV 06 02 0646;Vanne n° 5 nivellement diastar de 2 éme n° 4;Diastars de 2ème carbonatation;567;8;567;;10;2004;2015;10;PAPILLON;TOR;2025;040016AR
568;EV 06 02 0864;Vanne n° 5 nivellement diastar de 2ème n° 1;Diastars de 2ème carbonatation;568;8;568;;10;1991;2017;8;PAPILLON;TOR;2025;
569;EV 06 02 0880;Vanne n° 5 nivellement diastar de 2ème n° 3;Diastars de 2ème carbonatation;569;8;569;;10;1992;2015;10;PAPILLON;TOR;2025;
570;EV 06 02 0607;Vanne n° 6 nivellement diastar n° 1;Diastars de 1ère carbonatation;570;8;570;;10;1993;2018;100;PAPILLON;TOR;2118;
571;EV 06 02 0614;Vanne n° 6 nivellement diastar n° 2;Diastars de 1ère carbonatation;571;8;571;;10;1992;2017;100;PAPILLON;TOR;2117;
572;EV 06 02 0621;Vanne n° 6 nivellement diastar n° 3;Diastars de 1ère carbonatation;572;8;572;572;10;1992;2017;100;PAPILLON;TOR;2117;
573;EV 06 02 0628;Vanne n° 6 nivellement diastar n° 4;Diastars de 1ère carbonatation;573;8;573;;10;1998;2023;6;PAPILLON;TOR;2029;980164 AR
574;EV 06 02 0639;Vanne n° 6 nivellement diastar n° 5;Diastars de 1ère carbonatation;574;8;574;574;10;2002;2014;100;PAPILLON;TOR;2114;020238 AR
575;EV 06 02;Vanne Purge Diastar 1N1;Diastars de 1ère carbonatation;575;8;575;;25;2022;2022;10;OPERCULE;TOR;2032;2206AR
576;EV 06 02;Vanne Purge Diastar 1N2;Diastars de 1ère carbonatation;576;8;576;;25;2022;2022;10;OPERCULE;TOR;2032;2206AR
577;EV 06 02;Vanne Purge Diastar 1N3;Diastars de 1ère carbonatation;577;8;577;;25;2022;2022;10;OPERCULE;TOR;2032;2206AR
578;EV 06 02;Vanne Purge Diastar 1N4;Diastars de 1ère carbonatation;578;8;578;;25;2022;2022;10;OPERCULE;TOR;2032;2206AR
579;EV 06 02;Vanne Purge Diastar 1N5;Diastars de 1ère carbonatation;579;8;579;;25;2022;2022;10;OPERCULE;TOR;2032;2206AR
580;ZV 117; VANNE PURGE NETTOYAGE TAMBOUR LAVEUR;COFFRET TAMBOUR LAVEUR;580;9;580;;24;2020;2020;10;Pelle;TOR;2030;2010 AR
581;ZV 105; Vanne supérieure purge hélice à betteraves;COFFRET EPAILLEUR;581;9;581;;24;2020;2020;10;Pelle;TOR;2030;2010 AR
582;23;Aspiration P2;;582;9;582;;24;2020;2020;10;Pelle;;2030;2010 AR
583;14;Aspiration P4;;583;9;583;;24;2020;2020;10;Pelle;;2030;2010 AR
584;ZV 23;CDE VANNE ZV23 HERBES VERS EPIERREUR 2;COFFRET EPAILLEUR;584;9;584;;24;2020;2020;10;Pelle;TOR;2030;2010 AR
585;1;PN16;;585;9;585;;17;2020;2020;10;Papillon;;2030;2009 AR
586;ZV 100;PURGE HELICE A RADICELLES;COFFRET EPAILLEUR;586;9;586;;24;2020;2020;10;Pelle;TOR;2030;2021 AR
587;31;Vanne alimentation tambour épierreur;;587;9;587;;17;2020;2020;10;Papillon;;2030;2009 AR
588;ZV 270;VANNE ASPIRATION POMPE MRA 50210;COFFRET BACHE;588;9;588;;17;2020;2020;10;Papillon;TOR;2030;2009 AR
589;47;Vanne aspiration POMPE P10;;589;9;589;;17;2020;2020;10;Papillon;TOR;2030;2009 AR
590;ZV 219;Vanne aspiration POMPE P10;COFFRET BACHE;590;9;590;;17;2020;2020;10;Papillon;TOR;2030;2009 AR
591;ZV 219;Vanne aspiration POMPE P10;;591;9;591;;17;2020;2020;10;Papillon;TOR;2030;2009 AR
592;ZV 278;Vanne aspiration POMPE P1A/P1B;;592;9;592;;21;2020;2020;10;Papillon;TOR;2030;2009 AR
593;ZV 224;VANNE ASPIRATION POMPE P9;COFFRET BACHE;593;9;593;;17;2020;2020;10;Papillon;TOR;2030;2009 AR
594;ZV 190;Vanne boite séparatrice;COFFRET TAMBOUR FINISSEUR;594;9;594;;16;2020;2020;10;boisseau sphérique;TOR;2030;2009 AR
595;ZV 205;Vanne boite séparatrice;COFFRET TAMBOUR FINISSEUR;595;9;595;;16;2020;2020;10;boisseau sphérique;TOR;2030;2009 AR
596;ZV 210;Vanne boite séparatrice;;596;9;596;;16;2020;2020;10;boisseau sphérique;TOR;2030;2009 AR
597;FCV 260;Vanne débit circulation;;597;9;597;597;25;2020;2020;10;;REG;2030;2006 AR
598;FCV 20;Vanne débit eau décantée;;598;9;598;598;25;2020;2020;10;;REG;2030;2006 AR
599;75;Vanne hélice à betteraves;;599;9;599;;17;2020;2020;10;Papillon;;2030;2009 AR
600;ZV 209;VANNE HERBES VERS ESHERBEUR;COFFRET EPAILLEUR;600;9;600;;24;2020;2020;10;Pelle;TOR;2030;2010 AR
601;54;Vanne manuelle ASPI POMPE P1B;;601;9;601;;17;2020;2020;10;Papillon;TOR;2030;2009 AR
602;ZV 10;Vanne nettoyage : Grille filtration;COFFRET TAMBOUR FINISSEUR;602;9;602;;16;2020;2020;10;boisseau sphérique;TOR;2030;2009 AR
603;ZV 13;Vanne nettoyage : Grille filtration;COFFRET TAMBOUR FINISSEUR;603;9;603;;16;2020;2020;10;boisseau sphérique;TOR;2030;2009 AR
604;ZV 16;Vanne nettoyage : Grille filtration;COFFRET TAMBOUR FINISSEUR;604;9;604;;16;2020;2020;10;boisseau sphérique;TOR;2030;2009 AR
605;ZV 231;VANNE NETTOYAGE TAMBOUR LAVEUR - VANNE A;COFFRET TAMBOUR LAVEUR;605;9;605;;24;2020;2020;10;Pelle;TOR;2030;2010 AR
606;ZV 228;VANNE NETTOYAGE TAMBOUR LAVEUR - VANNE B;COFFRET TAMBOUR LAVEUR;606;9;606;;24;2020;2020;10;Pelle;TOR;2030;2010 AR
607;ZV 234;VANNE NETTOYAGE TAMBOUR LAVEUR - VANNE C;COFFRET TAMBOUR LAVEUR;607;9;607;;24;2020;2020;10;Pelle;TOR;2030;2010 AR
608;ZV 183;VANNE PURGE EPIERREUR 2 TEC-4000-2;COFFRET TAMBOUR LAVEUR;608;9;608;;24;2020;2020;10;Pelle;TOR;2030;2010 AR
609;ZV 180;VANNE PURGE EPIERREUR 2 TEC-4000-2;COFFRET TAMBOUR LAVEUR;609;9;609;;24;2020;2020;10;Pelle;TOR;2030;2010 AR
610;ZV 120;VANNE PURGE NETTOYAGE TAMBOUR LAVEUR;COFFRET TAMBOUR LAVEUR;610;9;610;;24;2020;2020;10;Pelle;TOR;2030;2010 AR
611;ZV 164;VANNE PURGE RAMASSE FLOTTANTS;COFFRET EPAILLEUR;611;9;611;;24;2020;2020;10;Pelle;TOR;2030;2021 AR
612;ZV 74;Vanne refoulement POMPE P1A;COFFRET BACHE;612;9;612;;21;2020;2020;10;Papillon;TOR;2030;2009 AR
613;ZV 77;Vanne refoulement POMPE P1B;COFFRET BACHE;613;9;613;;21;2020;2020;10;Papillon;TOR;2030;2009 AR
614;40;;;614;9;614;;24;2020;2020;10;Pelle;;2030;2010 AR
615;26;;;615;9;615;;24;2020;2020;10;Pelle;;2030;2010 AR
616;86;;;616;9;616;;24;2020;2020;10;Pelle;;2030;2010 AR
617;6;;;617;9;617;;24;2020;2020;10;Pelle;;2030;2010 AR
618;281;;;618;9;618;;24;2020;2020;10;Pelle;;2030;2010 AR
619;32;;;619;9;619;;24;2020;2020;10;Pelle;;2030;2010 AR
620;43;;;620;9;620;;17;2020;2020;10;Papillon;;2030;2009 AR
621;45;;;621;9;621;;17;2020;2020;10;Papillon;;2030;2009 AR
622;48;;;622;9;622;;17;2020;2020;10;Papillon;;2030;2009 AR
623;77;;;623;9;623;;17;2020;2020;10;Papillon;;2030;2009 AR
624;55;;;624;9;624;;17;2020;2020;10;Papillon;;2030;2009 AR
625;56;;;625;9;625;;17;2020;2020;10;Papillon;;2030;2009 AR
626;80;;;626;9;626;;17;2020;2020;10;Papillon;;2030;2009 AR
627;78;;;627;9;627;;17;2020;2020;10;Papillon;;2030;2009 AR
628;87;;;628;9;628;;17;2020;2020;10;Papillon;;2030;2009 AR
629;EV 17 14 1298;Vanne trémie fin vrac;Trémie vrac;629;10;629;;2;2004;;100;PAPILLON;TOR;2104;040024 AR
630;EV 17 14 1297;Vanne trémie gros vrac;Trémie vrac;630;10;630;;2;2004;;100;PAPILLON;TOR;2104;040024 AR
631;EV 17 17 1296;Vanne trémie moyen vrac;Trémie vrac;631;10;631;;2;2004;;100;PAPILLON;TOR;2104;040024 AR
632;EV 17 14 1299;Vanne trèmie tout venant vrac;Trémie vrac;632;10;632;;2;2004;;100;PAPILLON;TOR;2104;040024 AR
633;;;;633;12;633;633;18;;;;;REG;;
634;;;;634;12;634;634;18;;;;;REG;;
635;;;;635;12;635;635;18;;;;;REG;;
636;;;;636;12;636;636;18;;;;CLAPET;REG;;
637;;;;637;12;637;637;25;;;;;;;
638;;;;638;12;638;638;22;;;;OPERCULE;REG;;13801414
639;;;;639;12;639;639;18;;;;BOULE;REG;;
640;;;;640;12;640;640;18;;;;;REG;;
641;;;;641;12;641;641;18;;;;;REG;;
642;;;;642;12;642;;18;;;;CLAPET;REG;;
643;;;;643;12;643;;;;;;;REG;;
644;;;;644;12;644;644;18;;;;;REG;;
645;;;;645;12;645;645;18;;;;;REG;;
646;A01A04211408;Ancienne débit lait de chaux préchauleur 2;Etage atelier régulation;646;12;646;646;25;2004;2020;100;SPHERE;REG;2120;040023 AR
647;;Ancienne Niveau ballon D4;ANC Niveau Ballon D4;647;12;647;647;25;2009;2021;12;PAPILLON;REG;2033;0919 AR
648;;Ancienne Pression D4;ANC Pression ballon D4;648;12;648;648;25;2009;2021;12;PAPILLON;REG;2033;0919AR
649;;Ancienne Température empattage 3ème jet;Etage atelier régulation;649;12;649;649;18;1994;2018;12;OPERCULE;REG;2030;940328 AR
650;FCV260;Debit de circulation;Lavoir;650;12;650;650;25;2020;2020;100;PAPILLON;REG;2120;2006AR
651;FV 09 02 0017;Débit eaux buées 2eme carbo;Chaulerie;651;12;651;651;12;1999;2007;100;OPERCULE;REG;2107;980875 AR
652;DV 06 13 0077;Densité lait de chaux finale;Chaulerie;652;12;652;652;12;2000;2004;99;OPERCULE;REG;2103;200166 AR
653;FV 07 03 1003;Empattage turbine de 3ème jet n°1 K3300;Turbines de 3ème jet;653;12;653;653;18;2010;2016;10;OBTURATEUR;REG;2026;1047 AR
654;FV 07 03 1003;Empattage turbine de 3ème jet n°1 K3300;Turbines de 3ème jet;654;12;654;654;18;2010;2016;10;OBTURATEUR;REG;2026;1047 AR
655;;Etage atelier régulation;;655;12;655;655;18;;;;PAPILLON;REG;;
656;S8274;Etage atelier régulation;;656;12;656;656;25;;2020;100;SPHERE;REG;2120;
657;37412;Etage atelier régulation;;657;12;657;657;18;;2006;100;PAPILLON;REG;2106;
658;63-236301-1;Etage atelier régulation;;658;12;658;658;18;;2016;100;CLAPET;REG;2116;
659;61-860906-2;Etage atelier régulation;;659;12;659;659;18;;2013;100;PAPILLON;REG;2113;
660;63541504-1;Etage atelier régulation;ANC. Pression bout 15b chauff. Duquesne;660;12;660;660;18;;2020;100;CLAPET;REG;2120;
661;337020;Etage atelier régulation;;661;12;661;661;10;1997;2019;100;PAPILLON;REG;2119;970365AR
662;EU 03271681;Etage atelier régulation;Ancienne niveau BD4;662;12;662;662;12;2001;2006;100;OPERCULE;REG;2106;010567 AR
663;04237501-1;Etage atelier régulation;;663;12;663;663;18;;2017;100;Clapet;REG;2117;
664;16227260;Etage atelier régulation;Etage atelier régulation;664;12;664;664;3;2016;2018;100;PAPILLON;REG;2118;16184DT
665;16227262;Etage atelier régulation;Etage atelier régulation;665;12;665;665;3;2016;2018;100;PAPILLON;REG;2118;16184DT
666;D01A12170492;Etage atelier régulation;;666;12;666;666;25;;2015;10;OPERCULE;REG;2025;
667;;Etage atelier régulation;;667;12;667;;21;2014;2014;100;BOULE;TOR;2114;1416AR
668;T8009;Etage atelier régulation (anc.appoint d'eau Bac JAE); ;668;12;668;668;22;;2012;100;OPERCULE;REG;2112;
669;64-2408-02-1;Etage regulation (Ancienne temp. empattage 2. jet);;669;12;669;669;18;1994;2017;100;OPERCULE;REG;2117;940328 AR
670;05/12294;Event gaz chaudière n°3;Chaudière;670;12;670;;21;2005;;100;BOULE;TOR;2105;0505 AR
671;PV 02 05 0373;Mise à l'atmosphère corps I1 (mini-campagne).;Corps I1;671;12;671;671;25;1992;2005;100;PAPILLON;REG;2105;920413 AR
672;LV 01 02 0550;Niveau bouteille A3;Chaine condensats évaporation;672;12;672;672;22;;2019;15;OPERCULE;REG;2034;13142036
673;LV 01 02 0576;Niveau bouteille B3;Bouteille B3;673;12;673;673;22;;2019;10;OPERCULE;REG;2029;
674;;Niveau bouteille condensat 3ème jet;Cuites de 3ème jet;674;12;674;674;18;;2015;10;;REG;2025;
675;LV 06 13 0462;Niveau jus filtre à disques n° 2;Filtre à disques n°2;675;12;675;675;18;2002;2018;10;OPERCULE;REG;2028;020397 AR
676;LV  06 13 0478;Niveau jus filtre à disques n°3;Filtre à disques n°3;676;12;676;676;18;2002;2018;10;OPERCULE;REG;2028;020397 AR
677;FV 02 01 0562;Pression Barriquand Eaux de Presses;Echangeur Barriquand;677;12;677;677;25;;2005;100;PAPILLON;REG;2105;
678;PV 8006 (rep Babcok);Pression réseau 25 bars (détente réseau) secours;Réseau vapeur 25 bars;678;12;678;678;4;1996;2018;100;CLAPET;REG;2118;
679;64-9270-01-01;Rechange ballon 3 kg cuites;Ballon 3 kg cuites;679;12;679;679;18;1995;2013;100;clapet;REG;2113;950760 AR
680;66-6939-01.1;Rechange refroidissement malaxeurs verticaux;Malaxeurs verticaux;680;12;680;680;18;1999;2006;100;OPERCULE;REG;2106;990015 AR
681;;Secours niveau bac expédition;Chaulerie;681;12;681;681;25;;2003;100;BOULE;REG;2103;
682;;Secours pression distillateur;Distillateur;682;12;682;682;4;2017;2018;100;CAGE;REG;2118;1711AR
683;03/10474;Section gaz ch °1 ou  n°2;;683;12;683;;SAPAG ;;;;BOULE;TOR;;0505AR
684;CVEB2;Vanne entre bâche 2;Baches à eau Babcock;684;12;684;;10;1995;2020;20;PAPILLON;TOR;2040;950736 AR
685;62.873403-01;;ANC Niveau ballon condensats;685;12;685;685;18;;2000;100;OPERCULE;REG;2100;
686;;;;686;13;686;;10;;;;;;;
687;;;;687;13;687;;24;2020;;;Pelle;TOR;;2010 AR
688;;;;688;13;688;;10;;;;PAPILLON;TOR;;
689;;;;689;13;689;;10;;;;PAPILLON;TOR;;
690;;;;690;13;690;;18;;;;BOULE;TOR;;
691;;;;691;13;691;;18;;;;BOULE;TOR;;
692;;;;692;13;692;;18;;;;BOULE;TOR;;
693;;;;693;13;693;;18;;;;BOULE;TOR;;
694;;;;694;13;694;;18;;;;BOULE;TOR;;
695;;;;695;13;695;;18;;;;BOULE;TOR;;
696;;;;696;13;696;;18;;;;BOULE;TOR;;
697;;;;697;13;697;;18;;;;BOULE;TOR;;
698;;;;698;13;698;;18;;;;BOULE;TOR;;
699;;;;699;13;699;;17;;;;PAPILLON;TOR;;
700;;;;700;13;700;;17;;;;PAPILLON;TOR;;
701;;;;701;13;701;;10;;;;PAPILLON;TOR;;
702;;;;702;13;702;;21;;;;;TOR;;
703;;;;703;13;703;;10;;;;PAPILLON;TOR;;
704;;;;704;13;704;;10;;;;PAPILLON;TOR;;
705;;;;705;13;705;;10;;;;PAPILLON;TOR;;
706;;;;706;13;706;;10;;;;;TOR;;
707;;;;707;13;707;;21;;;;;TOR;;
708;;;;708;13;708;;21;;;;SPHERIQUE;TOR;;
709;;;;709;13;709;;21;;;;;REG;;
710;EV 07 22 000.2;Alimentation rapide cuite de 1er jet n°1;Cuites de 1er jet;710;13;710;;10;2012;2012;100;PAPILLON;TOR;2112;1262AR
711;EV 07 22 002.2;Alimentation rapide cuite de 1er jet n°2;Cuites de 1er jet;711;13;711;;10;2012;;100;PAPILLON;TOR;2112;1262AR
712;;ancienne vide général de 1 er jet;;712;13;712;712;2;;;;;;;
713;EV 01 02 0655;CEFT vanne sécurité mouillage;CEFT;713;13;713;;2;2012;2013;12;PAPILLON;TOR;2025;1256AR
714;2EV 02 02 0161;Ejecto E aspirée (DISPO );Corps I1;714;13;714;;2;2008;;100;PAPILLON;TOR;2108;0831 AR
715;2EV 02 02 0163;Ejecto G aspirée;Corps I1;715;13;715;;2;2008;;100;PAPILLON;TOR;2108;0831 AR
716;1046;Etage atelier régulation;;716;13;716;;2;;;;;;;
717;9;Etage atelier régulation;;717;13;717;;20;;;;BOULE;TOR;;
718;860112;Etage atelier régulation;;718;13;718;;10;2010;2020;100;PAPILLON;TOR;2120;1262AR
719;8;Etage atelier régulation;;719;13;719;;20;;2006;100;BOULE;TOR;2106;
720;240909;Etage atelier régulation;;720;13;720;;10;1995;2014;100;PAPILLON;REG;2114;950326AR
721;240930;Etage atelier régulation;;721;13;721;;10;1995;2014;100;PAPILLON;REG;2114;950326AR
722;240906;Etage atelier régulation;;722;13;722;;10;1995;2014;100;PAPILLON;REG;2114;950326AR
723;;Etage atelier régulation;;723;13;723;;21;1995;2013;100;BOULE;TOR;2113;
724;5744201;Etage atelier régulation;Ancienne chaulage eaux traitées;724;13;724;;21;1995;2009;100;BOULE;TOR;2109;950661AR
725;D01A17260421;Etage atelier régulation;Etage atelier régulation;725;13;725;;25;2017;2018;100;PAPILLON;TOR;2118;1744AR
726;;Etage atelier régulation;;726;13;726;;10;2016;2016;100;BOULE;TOR;2116;
727;;Etage atelier régulation;;727;13;727;;10;2016;2016;100;BOULE;TOR;2116;
728;76045403/0120;Etage atelier régulation;5ème corps;728;13;728;;2;2000;2019;100;PAPILLON;REG;2119;200165AR
729;EV 02 03 0170;Etage atelier régulation;cuites de 1er jet;729;13;729;;10;2003;2014;20;PAPILLON;TOR;2034;030031 AR
730;05/12294;Event gaz chaudière n°1 ou 2;Chaudière;730;13;730;730;21;2005;;100;BOULE;TOR;2105;0505 AR
731;EV 01 12 0084;Lavage goulotte turbine de 1er jet n°1;Turbines de 1er jet;731;13;731;;6;2002;2009;100;BOULE;TOR;2109;20245
732;7306706;Lavage goulotte turbine de 1er jet n°1 (étage régulation);;732;13;732;;Corri Servais;2008;;100;BOULE;TOR;2108;0845AR
733;1 110 175 932;Masse cuite 1er jet by-pass pompe n° 1;Cuites de 1er jet;733;13;733;;2;2012;;100;PAPILLON;TOR;2112;1256AR
734;1 110 175 932;Masse cuite 1er jet by-pass pompe n° 2;Cuites de 1er jet;734;13;734;;2;;;;;;;1256AR
735;;Purge vide;Cuites;735;13;735;;21;2014;2014;100;BOULE;TOR;2114;1416AR
736;;Purge vide cuites ;Cuites ;736;13;736;;10;2017;2017;100;BOULE;TOR;2117;1722AR
737;;Rech. Casse vide atmosphérique (étage atelier régul);Cuites de 1er jet;737;13;737;;2;2012;2013;100;PAPILLON;TOR;2113;1256AR
738;;Rechange section gaz amont Babcock;Chaudière Babcok;738;13;738;;9;1996;2004;100;BOULE;TOR;2104;
739;;Secours dégonflage fad;FAD;739;13;739;;10;2009;;100;PAPILLON;TOR;2109;
740;.71000659;Section gaz ch n°1 ou 2;Chaudière;740;13;740;;21;2005;;100;BOULE;TOR;2105;0505 AR
741;05/12294;Section gaz CH3 ou Babcok;Chaudière;741;13;741;;21;2005;;100;BOULE;TOR;2105;0505 AR
742;305897;Soufflage filtre à disque n°1 (étage régulation);Filtre à disques n°1;742;13;742;;10;;2008;100;PAPILLON;TOR;2108;Reprise magasin pièces
743;;Vanne sortie bâche Babcock;Baches à eau Babcock;743;13;743;;10;1995;2006;20;PAPILLON;TOR;2026;950736 AR
744;ZV 100 (bis);;;744;13;744;;17;2020;2020;10;Papillon;TOR;2030;2009 AR
745;;;;745;13;745;;17;2020;2020;10;Papillon;TOR;2030;
746;CVSB3;Vanne sortie bache 3 n°2;;746;5;746;;10;2018;2018;10;PAPILLON;TOR;2028;
747;;;;747;13;747;;17;2020;2020;10;Papillon;TOR;2030;
748;CVEB3;Entree bache 3 vanne n°1;Baches à eau Babcock;748;13;748;;10;2013;2020;6;PAPILLON;TOR;2026;1336 AR
749;;Vanne df'entrée bache 2;;749;13;749;;10;2022;2023;15;;TOR;2038;