TYPE CORPS;N° DE SERIE CORPS;DN;PN;CV;NORME BRIDES;CODE;MATIERE ARBRE;MATIERE SIEGE;MATIERE  ORG. REGLANT;M;MATIERE GARNITURES;TYPE GARNITURES;FOURNISSEUR CORPS;NUM CORPS
FIG 320-112 BODY-DI;;50;ANSI 150;;;7,78006237E+208;;EPDM collé;;;;;10;1
FIG 320-112 BODY-DI;;50;ANSI 150;;;7,78006237E+208;;EPDM collé;;;;;10;2
FIG 320-112 BODY-DI;;50;ANSI 150;;;7,78006237E+208;;EPDM collé;;;;;10;3
;;100;10;;;;;;;;;;;4
VANNE PELLE;;150;10;;;;INOX;JOINT NITRILE;INOX 316;INOX;TRESSE PTFE;VG6400;24;5
L12A;;100;10;;;;;INCOLOY825;INOX 316SS;CF8M;;;25;6
FIG 14 102;;100;10;;;;;EPDM;INOX;GG 25;;JOINT A LEVRES;10;7
GAMMA;;200;10;;;3T 6P 6 XA;;XA;INOX;FONTE GG25;;;2;8
Gamma;;250;10;;;;;EPDM CB;INOX;FONTE;;Joint torique;2;9
Gamma;;100;10;;;V711 3T 6P 6X;;;;;;;2;10
VANNE PELLE;;150;10;X;;;INOX;JOINT NITRITE;INOX 316;INOX;TRESSE PTFE;;24;11
VANNE PELLE;;150;10;;;;INOX;JOINT NITRILE;INOX 316;INOX;TRESSE PTFE;VG6400;24;12
ISORIA 10;;125;10;;ISO PN10;3G 6K 6 CB;;;INOX;FONTE;;;2;13
ISORIA 10;;125;10;;ISO PN10;3G 6K 6 CB;;;INOX;FONTE;;;2;14
ISORIA 10;;200;10;;ISO PN10;3G 6K 6 CB;;;INOX;FONTE;;;2;15
L12A350AA;J4005692579,02;350;25;;;;INOX;INCOLOY825;316SS;;;;25;16
L12A400AA;J4005710501,03;400;25;;;;Inox;INCOLOY825;316SS;;;;25;17
;;50;10;53;;;;STEL n°6;ANSI 316;;;;18;18
;;80;10;145;;;;ANSI 316 L STEL;ANSI 316;;;;18;19
;;50;10;53;;;;STEL n°6;ANSI 316;;;;18;20
OPTISEAL FIG 14-102;;150;10;;;;;;Inox;JL 250;;JOINT A LEVRES;10;21
OPTISEAL FIG 14-102;;150;10;;;;;;;;;;10;22
OPTISEAL FIG 14-102;16/4235446;150;10;;;;;EPDM;;FONTE;Joint à lèvre;;10;23
OPTISEAL FIG 14-102;16/4235446;150;10;;;PRA02501XX0PM00;;EPDM;;FONTE;Joint à lèvre;;10;24
;;200;10;;;;;;PELLE;;;;;25
DANAIS 150;;200;10;;;66E 6F B2B;;;CF8M;CF8M;;;2;26
FIG 14 102;;150;10;;;;INOX;EPDM;INOX;GJL-250;;;10;27
FIG 14 102;;150;10;;;;INOX;EPDM;INOX;GJL-250;;;10;28
FIG 14 102;;150;10;;;;INOX;EPDM;INOX;GJL-250;;;10;29
FIG 14 102;;150;10;;;;INOX;EPDM;INOX;GJL-250;;;10;30
OPTISEAL FIG 14-102;17/4414522;100;10;;;;;;;GJ 250;Joint à lèvre;;10;31
OPTISEAL FIG 14-102;17/4414395;100;10;;;;;;;GJ 250;Joint à lèvre;;10;32
ISORIA 10;76140045/0110;100;10;;;2 M14 3G 6K6 XV;;XV;;;;;2;33
OPTISEAL FIG 14-102;17/4414522;100;10;;;;;;;GJ 250;Joint à lèvre;;10;34
OPTISEAL FIG 14-102;17/4414309;100;10;;;;;;;GJ 250;Joint à lèvre;;10;35
DANAIS 150;;200;10;;;16E 6FB;;;CF8M;FONTE;GRAPHITE;;2;36
DANAIS 150;;200;10;;;;;;;FONTE;;;2;37
DANAIS 150;;200;10;;;16E 6FB;;;INOX;Fonte;;;2;38
DANAIS 150;;200;10;;;16E 6FB;;;INOX;Fonte;;;2;39
DANAIS 150;;200;10;;;16E 6FB;;;INOX;Fonte;;;2;40
DANAIS 150;;200;10;;;66E 6F B2B;;;CF8M;CF8M;;;2;41
FIG 14 222;;200;10;;;;inox;EPDM;INOX;FONTE GG25;Joint à lèvre;;10;42
FIG 14 222;;200;10;;;;Inox;EPDM;INOX;FONTE GG25;Joint à lèvre;;10;43
L12A150AA;;150;10;;;;INOX;INOX;INOX;INOX;;;25;44
ISORIA 10;1110175181;150;10;;;3G 6K 6XV;;;;;;;2;45
L12A150AA;;150;10;;;;INOX;INOX;INOX;INOX;;;25;46
FIG 9-102;;150;10;;;;Inox;EPDM;Inox;GG 25;Joint à lèvre;;10;47
ISORIA 10;76140045/0110;150;10;;;2 M14 3G 6K6 XV;;XV;;;;;2;48
Isoria 10;9972324707/800;100;10;;;3G 6K 6XV;;XV;;;;;2;49
Isoria 10;9972324707/800;100;10;;;3G 6K 6XV;;XV;;;;;2;50
Isoria 10;9972324707/800;100;10;;;3G 6K 6XV;;XV;;;;;2;51
Isoria 10;;100;10;;;3G 6K 6XV;;XV;;;;;2;52
Isoria 10;;100;10;;;3G 6K 6XV;;XV;;;;;2;53
ISORIA 10;;100;10;;;3G 6K 6XV;;XV;;;;;2;54
ISORIA 10;;100;10;;;3G 6K 6XV;;;;;;;2;55
GAMMA;;100;10;;;;;XV;INOX;FONTE GG25;;;2;56
ISORIA 10;9974553509;100;10;;;3G 6K 6XV;;XV;INOX;;;;2;57
ISORIA 10;;100;10;;;3G 6K 6XV;INOX;XV;INOX;;;;2;58
FIG 14 102;;100;10;;;;;EPDM;INOX;GJL-250;;;10;59
FIG 14 102;;100;10;;;;;EPDM;INOX;GJL-250;;;10;60
FIG 14 102;;100;10;;;;;EPDM;INOX;GJL-250;;;10;61
OPTISEAL FIG 14-102;16/4342558;100;10;;;;;;;GGL 250;joint à lèvre;;10;62
OPTISEAL FIG 14-102;03/284319;100;10;;;PRA00901XXOPM00;INOX;EPDM;INOX;EN-GJL-250;Joint à lèvre;;10;63
OPTISEAL FIG 14-102;;100;10;;;;;;;GGL 250;joint à lèvre;;10;64
OPTISEAL FIG 14-102;16/43422998;100;10;;;;;;;GGL 250;joint à lèvre;;10;65
NELDISC;;100;ANSI 150;;;L1CMA04 AACK;F316;ULTIMET;316 SS;CF8M;PTFE;250865;25;66
;;20;;;FF 3/4 G;PCSFDV_020_2_1_4_AP2S;;PTFE;;AISI 316;;;32;67
;;20;;;FF 3/4 G;PCSFDV_020_2_1_4_AP2S;;PTFE;;AISI 316;;;32;68
;;20;;;FF 3/4 G;PCSFDV_020_2_1_4_AP2S;;PTFE;;AISI 316;;;32;69
;;20;;;FF 3/4 G;PCSFDV_020_2_1_4_AP2S;;PTFE;;AISI 316;;;32;70
Starline 233 SGS;;40;40;;PBR2 1 1/2;;;PTFE chargé;F 316;A 105N;PTFE chargé;;29;71
29000;;;ANSI 1500LB;2,3;Taraudée 34 mm;;;;;316;PTFE;;18;72
29000;06.484801-1;;ANSI 1500LB;2,3;Taraudée 34 mm;;;;;316;PTFE KEVELAR;;18;73
REMA040AJJST;MA0204842;40;40;;;;329SS;STELLITE;329SS;CF8M;;;25;74
35-35212;F-10-212500-001-01;25;100;15;;;ANSI 316;STEL n°6;;A351 GR CF8M;;;18;75
35-35216;F-10-212500-001-02;25;100;15;;;ANSI 316;STEL n°6;STEL 6;A351 GR CF8M;;;18;76
RTS 68411;14/689228 3;20;80;;Taraudé 3/4;;GX2CrNiMo 17-12-2;PTFE;GX2CrNiMo 17-12-2;GP 240 GH;PTFE/CARB 25%;;21;77
RTS 68411;14/689228 1;20;80;;Taraudé 3/4;;GX2CrNiMo 17-12-2;PTFE;GX2CrNiMo 17-12-2;GP 240 GH;PTFE/CARB 25%;;21;78
P6A;;20 I;115;;;;;PTFE C;;316 L;;;21;79
P6A;;20 I;115;;;;;PTFE C;;316 L;;;21;80
P6A;;20 I;115;;;;;PTFE C;;316 L;;;21;81
RTS 68411;14/689228 5;20;80;;Taraudé 3/4;;GX2CrNiMo 17-12-2;PTFE;GX2CrNiMo 17-12-2;GP 240 GH;PTFE/CARB 25%;;21;82
RTS 68411;14/689228 6;20;80;;Taraudé 3/4;;GX2CrNiMo 17-12-2;PTFE;GX2CrNiMo 17-12-2;GP 240 GH;PTFE/CARB 25%;;21;83
RTS 68441A;10/508322 5;40;16;;EN1092.1;;;;;A 105N;;;21;84
RTS 68441A;10/508322 4;40;16;;EN1092.1;;;;;A 105N;;;21;85
RTS 68451;13/643327 1;40;10;;;;;;;;;;21;86
RTS 68451;13/645328-1;40;10;;;;;;;;;;21;87
RTS 68451;13/643327 4;40;10;;;;;;;;;;21;88
RTS 68441A;10/508322 2;40;16;;EN1092.1;;;;;A 105N;;;21;89
RTS 68441A;11/554661 1;40;16;;;;;PTFE;;;;;21;90
RTS 68441A;11/554661 2;40;16;;;;;PTFE;;;;;21;91
RTS 68441A;10/508322 6;40;16;;EN1092.1;;;;;A 105N;;;21;92
RTS 68441A;11/554661 9;40;16;;;;;PTFE;;;;;21;93
RTS 68441A;11/554661 8;40;16;;;;;PTFE;;;;;21;94
68411A;;40;;;;;;;;;;;21;95
68411A;;40;;;;;;;;;;;21;96
68411A;;40;;;;;;;;;;;21;97
68411A;;40;;;;;;;;;;;21;98
;;150;;;;;;;;A216 GR WCB;PTFE;;18;99
;;75;20;;;;;;;;;;;100
48-2171;;75;20;75;ISO PN20 E2;;;AISI 410;ANSI 410;A 351 GR CF8M;;;18;101
35-35112;;150;10;500;EN1092-1 PN10;;316L;STEL;ANSI 316L;A216 GR WCC;;;18;102
35-35112;;150;10;500;EN 1092.1PN10;;ANSI 316;STEL;ANSI 316L;A216 GR WCC;;;18;103
GAMMA;;80;10;;;3T 6P 6 XV;;XV;;FT 25;;;2;104
ISORIA 10;;80;10;;;3G 6K 6XV;;;;;;;2;105
ISORIA 10;;80;10;;;3G 6K 6XV;;;;;;;2;106
ISORIA 10;;80;10;;;3G 6K 6XV;;;;;;;2;107
ISORIA 10;;80;10;;;3G 6K 6XV;;;;;;;2;108
Gamma;;80;10;;;3T 6P 6 XV;;XV;;;;;2;109
FIG 14 102;;80;10;;;PRA00401XX0PM00;;EPDM;INOX;FONTE GG25;Joint à lèvre;;10;110
FIG 320 112;;80;16;;;PRA00401XX0PM00;;EPDM collé;Inox;;;;10;111
ISORIA 10;76140045/0110;100;10;;;2 M11 3G 6K6 XV;;XV;;;;;2;112
Série 21 000;;25;ISO PN 100E1;3,8;ISO E1;62873404-1;;ANSI 316 STEL E;ANSI 316 STEL E;A351 GR CF8M;PTFE/CARB;LATTYFLON 3260;18;113
L12A150AA;C0001046;150;25;;;;329SS;INCOLOY 825;316SS;CF8M;;;25;114
DANAIS 150;9 973 749 598 100;80;10;;;66E 6FB 2B;;;;;;;2;115
DANAIS 150;;80;10;;;66E 6FB 2B;;;;;;;2;116
DANAIS 150;;80;10;;;66E 6FB 2B;;;;;;;2;117
DANAIS 150;;80;10;;;66E 6FB 2B;;;;;;;2;118
DANAIS 150;;80;10;;;66E 6FB 2B;;;;;;;2;119
DANAIS 150;;80;10;;;66E 6FB 2B;;;;;;;2;120
DANAIS 150;;80;10;;;66E 6FB 2B;;;;;;;2;121
DANAIS 150;;80;10;;;66E 6FB 2B;;;;;;;2;122
DANAIS 150;;80;10;;;66E 6FB 2B;;;;;;;2;123
DANAIS 150;;80;10;;;66E 6FB 2B;;;;;;;2;124
DANAIS 150;;80;10;;;66E 6FB 2B;;;;;;;2;125
;;10 I;80;;3/8éme (12/17);;;PTFE V;;A 105;;;21;126
RTS 68411;12/643349 3;10;80;;FILET 12/17;;;;;;;;21;127
RTS 68411;12/643349 2;10;80;;FILET 12/17;;;;;;;;21;128
RTS 68411;12/643349 4;10;80;;FILET 12/17;;;;;;;;21;129
RTS 68411;12/643349 1;10;80;;FILET 12/17;;;;;;;;21;130
RTS 68411;12/643349 6;10;80;;FILET 12/17;;;;;;;;21;131
RTS 68411;12/643349 5;10;80;;FILET 12/17;;;;;;;;21;132
RTS 68411;17/791461 2;10;80;;FILETS 3/8;;;;;;;;10;133
RTS 68411;17/791461 3;10;80;;FILETS 3/8;;;;;;;;10;134
RTS 68411;14/689229 2;10;80;;Taraudé 3/8ème;;GX2CrNiMo 17-12-2;PTFE;GX2CrNiMo 17-12-2;GP 240 GH;PTFE/CARB 25%;;21;135
RTS 68411;17/789729 1;10;80;;FILETS 3/8;;;;;;;;10;136
RTS 68411;17/789729 2;10;80;;FILETS 3/8;;;;;;;;10;137
L12A080AA;C0001043;80;;;;;;INCLOY825;316SS;CF8M;;;25;138
35-35222;F-12-217037-001-05;80;10;;;;;ANSI 316 + PTFE;ANSI 316L STEL;A216 GR WCC;;;18;139
35-35222;F-12-217037-001-06;80;10;;;;;ANSI 316 + PTFE;ANSI 316L STEL;A 216 GR WCC;;;18;140
35-35222;F-12-217037-001-4;80;10;;;;;ANSI 316 + PTFE;ANSI 316L STEL;A 216 GR WCC;;;18;141
35-35222;F-12-217037-001-3;80;10;;;;;ANSI 316 + PTFE;ANSI 316L STEL;A 216 GR WCC;;;18;142
35-35222;F-12-217037-001-01;80;10;;;;;ANSI 316 + PTFE;ANSI 316L STEL;A 216 GR WCC;;;18;143
35-35222;F-12-217037-001-02;80;10;;;;;ANSI 316 + PTFE;ANSI 316L STEL;A 216 GR WCC;;;18;144
35 - 35202;;80;10;;;;;316;316 RD;A 216 GR WCC;PTFE/CARB;LATTY 3260 LM;18;145
Camflex II;;80;10 PJ;135;ENTRE BRIDES AFNOR;35-35202;ANSI 316;316 TEF;316 RD;A216 GR WCC;PTFE/carb;LATTYFLON 3260LM;18;146
DANAIS 150;;500;10;;;66E 6F B2B;;;;;;;2;147
RTS 68411;14/689229 1;10;80;;Taraudé 3/8ème;;GX2CrNiMo 17-12-2;PTFE;GX2CrNiMo 17-12-2;GP 240 GH;PTFE/CARB 25%;;21;148
;;10;80;;Taraudé 3/8ème;;;;;;;;21;149
;;;;;;;;INOX/TEFLON;A 564 GR 630;A216 WCC;;;22;150
série 600;1B501T;80;10;;;;;316L;A564 GR 630;A216 WCC;PTFE;RAINEX;22;151
;;80;10;;;MTLD 1A231A;;316L;A564 GR 630;A216 WCC;PTFE;RAINEX;22;152
35-35222;F-14-219853-001-1;80;10;145;EN 1092-1 PN10;;ANSI 316;ANSI 316 + PTFE;ANSI 316L STELLITE;A216 GR WCC;;;18;153
35000;;50;;;ANSI 600 RF;35-35202;;;;;LATTYFLON;3260 LM;18;154
;;50;;;;;;316;316 RD;A216 GR WCC;PTFE/CARB;LATTYFLON 3260LM;18;155
35 - 35202;;40;ANSI 600 RF;;;;;316;STEL 6;A216 GR WCC;PTFE/CARB;LATTYFLON 3260LM;18;156
35 - 35202;;40;ANSI 600 RF;;;35-35202;;316;STEL 6;A216 GR WCC;PTFE/CARB;LATTYFLON 3260LM;18;157
35 - 35202;;40;ANSI 600 RF;;;;;316;STEL 6;A216 GR WCC;;LATTYFLON 3260LM;18;158
;550 40D6037;40;25;;;513G1RS115;;;;;;;27;159
;550 40D6037;40;25;;;513G1RS115;;;;;;;27;160
Sylax 149G42291N;;300;16;;;;;LI EPDM;DI 1.4408;;;;Socla;161
Sylax 149G42291N;;300;16;;;;;LI EPDM;DI 1.4408;;;;Socla;162
Sylax 149G42291N;564054;300;16;;;;;LI EPDM;DI 1.4408;;;;Socla;163
Sylax 149G42291N;;300;16;;;;;LI EPDM;DI 1.4408;;;;Socla;164
RTS 68412;23/328637070 6;20;;;;;INOX;;INOX;;;;21;165
RTS 68412;23/328637070 12;20;;;;;INOX;;INOX;;;;21;166
RTS 68412;23/328637070 4;20;;;;;INOX;;INOX;;;;21;167
RTS 68412;23/328637070 3;20;;;;;INOX;;INOX;;;;21;168
RTS 68412;23/328637070 2;20;;;;;INOX;;INOX;;;;21;169
RTS 68412;23/328637070;20;;;;;INOX;;INOX;;;;21;170
RTS 68412;23/328637070 7;20;;;;;INOX;;INOX;;;;21;171
Fig 320-112;10124812-10;50;; ;;;INOX;;INOX;A536 65-45-12;;;17;172
RTS68251;23/328637010 1;50;40;;A/SA182 F316/L;;INOX;;INOX;;;;21;173
RTS 68412;23/328637070 15;20;;;;;INOX;;INOX;;;;21;174
RTS 68412;23/328637070 10;20;;;;;INOX;;INOX;;;;21;175
RTS 68412;23/328637070 14;20;;;;;INOX;;INOX;;;;21;176
RTS 68412;23/328637070 13;20;;;;;INOX;;INOX;;;;21;177
RTS 68412;23/328637070 5;20;;;;;INOX;;INOX;;;;21;178
RTS 68412;23/328637070 1;20;;;;;INOX;;INOX;;;;21;179
RTS 68412;23/328637070 8;20;;;;;INOX;;INOX;;;;21;180
Fig 320-112;10132381-5;50;; ;;;INOX;;INOX;A536 65-45-12;;;17;181
RTS68251;23/328637010 2;50;40;;A/SA182 F316/L;;INOX;;INOX;;;;21;182
ISORIA 10 TYPE 1;76218358/0110;200;10;;;3T 6K 3G XV;INOX 13% CHROME;EPDM XV;Fonte graphite sphéroidal;Fonte FGL;;;2;183
ISORIA 10 TYPE 1;76218358/0110;200;10;;;3T 6K 3G XV;INOX 13% CHROME;EPDM XV;Fonte graphite sphéroidal;Fonte FGL;;;2;184
ISORIA 10 TYPE 1;76218358/0110;200;10;;;3T 6K 3G XV;INOX 13% CHROME;EPDM XV;Fonte graphite sphéroidal;Fonte FGL;;;2;185
ISORIA 10 TYPE 1;76218358/0110;200;10;;;3T 6K 3G XV;INOX 13% CHROME;EPDM XV;Fonte graphite sphéroidal;Fonte FGL;;;2;186
Sylax 149G42291N;;300;16;;;;;LI EPDM;DI 1.4408;;;;31;187
Sylax149G42291N;;300;16;;;;;LI EPDM;DI 1.4408;;;;Socla;188
Sylax 149G42291N;;300;16;;;;;LI EPDM;DI 1.4408;;;;Socla;189
Sylax 149G42291N;;300;16;;;;;LI EPDM;DI 1.4408;;;;Socla;190
ISORIA 10;;150;10;;;3G 6K 6XV;;XV;;;;;2;191
OPTISEAL;;100;10;;;;;;;;;;;192
OPTISEAL;;100;10;;;;;;;;;;;193
OPTISEAL;;100;10;;;;;;;;;;;194
OPTISEAL;;100;10;;;;;;;;;;;195
OPTISEAL;;80;10;;;;;;;;;;;196
OPTISEAL;;80;10;;;;;;;;;;;197
FIG 320-112 BODY-DI;;300;16;;;;;EPDM;INOX;;;;10;198
ISORIA 10;;150;10;;T2;3G6K6XV;INOX;;INOX;;;;;199
FIG 14 102;;150;10;;;;INOX;EPDM;INOX;GJL-250;;;10;200
RTS 68412;19-311827020;20;;;;;;;;;;;21;201
RTS 68412;19/311827020-3;20;;;;;;;;;;;21;202
RTS 68412;19-311827020-10;20;;;;;;;;;;;21;203
RTS 68412;19-311827020-5;20;;;;;;;;;;;21;204
RTS 68412;19-311827020-1;20;;;;;;;;;;;21;205
RTS 68412;19-311827020-7;20;;;;;;;;;;;21;206
RTS 68412;19-311827020-8;20;;;;;;;;;;;21;207
RTS 68412;19-311827020-6;20;;;;;;;;;;;21;208
RTS 68412;19-311827020-9;20;;;;;;;;;;;21;209
ISORIA 10;;150;10;;T2;3G6K6XV;INOX;;INOX;;;;;210
FIG 14 102;;150;;;;;;;;GG 25;;;10;211
RTS 68441A;;40;16;;;;;PTFE;;;;;21;212
RTS 68441A;;40;16;;;;;PTFE;;;;;21;213
RTS 68451;13/643327 2;40;10;;;;;;;;;;21;214
RTS 68451;13/643327 5;40;10;;;;;;;;;;21;215
RTS 68451;13/643327 6;40;10;;;;;;;;;;21;216
RTS 68441A;;40;16;;;;;PTFE;;;;;21;217
;;40;;;;;;PTFE;;;PTFE;;;218
FIG 88 451A;21997902;40;40;;;;;;;A105;;;33;219
RTS 68441A;;40;16;;;;;PTFE;;;;;21;220
RTS 68441A;11/554661 10;40;16;;;;;PTFE;;;;;21;221
RTS 68441A;11/554661 3;40;16;;;;;PTFE;;;;;21;222
Gamma;;450;10;;;3T 6P 3G XV;;XV;INOX;;;;2;223
DANAIS 150;9 972 590 055 300;450;10;;;66E 6F B2B;;;;;;;2;224
DANAIS 150;9972140750/0400;450;10;;;66E 6F B2B;;;;;;;2;225
DANAIS 150;9 972 140 750;450;10;;;66E 6F B2B;;;; ;;;2;226
DANAIS 150;9 972 324 707;450;10;;;66E 6FB 6B;;;;;;;2;227
DANAIS 150;;450;10;;;66E 6F B2B;;;;;;;2;228
DANAIS 150;9 972 140 750;450;10;;;66E 6F B2B;;;;;;;2;229
Gamma;;450;10;;;;;XV;INOX;;;;2;230
DANAIS 150;9 972 140 750 400;450;10;;;66E 6F B2B;;;;;;;2;231
Gamma;;350;10;;;3T 6P 3G XV;;XV;;;;;2;232
DANAIS 150;9973390599 700;350;10;;;66E 6FB 2B;;;;;;;2;233
Gamma;;350;10;;;3T 6P 3G XV;;XV;INOX;;;;2;234
DANAIS 150;9973390599 600;350;10;;;66E 6FB 2B;;;;;;;2;235
Gamma;;350;10;;;;;;;;;;2;236
DANAIS 150;;350;10;;;66E 6F B2B;;;;;;;2;237
Gamma;;250;10;;;;;XV;INOX;;;;2;238
DANAIS 150;;350;10;;;66E 6FB 2B;;;;;;;2;239
Gamma;;250;10;;;;;XV;INOX;;;;2;240
DANAIS 150;;350;10;;;66E 6FB 2B;;;;;;;2;241
DANAIS 150;;600;10;;;;;;;;;;2;242
DANAIS 150;9 972 590 055 100;600;10;;;66E 6F B2B;;;;;;;2;243
DANAIS 150;;600;10;;;66E 6F B2B;;;;;;;2;244
DANAIS 150;;600;10;;;66E 6F B2B;;;;;;;2;245
DANAIS 150;9 972 140 750;600;10;;;66E 6F B2B;;;;;;;2;246
Gamma;;600;10;;;3T 6P 3G XV;;XV;;;;;2;247
Gamma;;500;10;;;3T 6P 3G XV;;XV;FONTE;FONTE;;;2;248
DANAIS 150;;500;10;;;66E 6FB 2B;;;;;;;2;249
GAMMA;;500;;;;;;;;;;;2;250
DANAIS 150;;500;10;;;66E 6FB 2B;;;;;;;2;251
DANAIS 150;;350;10;;;66E 6FB 2B;;;;;;;2;252
Gamma;76011971/0110;350;10;;;3T 6P 3G XV;;XV;INOX 316;;;;2;253
DANAIS 150;;350;10;;;66E 6FB 2B;;;;;;;2;254
DANAIS MT2 CL150;9971758721  100;600;10;;;66E6NI1B;;;;; ;;2;255
35-35212;F-15-221168-001-1;200;40;510;EN 1092.1 PN40;;;ANSI 316L STEL B;ANSI 316L STEL;10 625;;;18;256
RTS68452;21/323665070;40;40;;;;;PTFE;;FONTE;;;21;257
DANAIS MT;76045403/0310;200;10CL150;;FACES PLATES;;;NI (nickel);;;;;2;258
DANAIS 150;;200;10;;T1;66E 6FB;;;;;;;2;259
35-35112;F-15-221168-002-01;80;40;54;EN 1092-1 PN40;;;ANSI 316 STEL;ANSI 316L STEL;;;;18;260
V 500;EU03267209;80 réduit;cl 300;56,7;CLASS 300RF;;440C;17-4 PH;316 PLAQUE CHROME;WCC;PTFE/GRAPHITE;;12;261
;;80;ISO PN50#E;135;;;;ANSI 316 STEL E;ANSI 316 STEL E;A351 CR CF8M;CARBONE/PTFE;;18;262
V 500;EU 03267209;80;50;141;CLASS 300;;440C;17-4 PH;316 Plaque chrome;WCC;GRAPHITE/PTFE;;12;263
DANAIS 150;;600;;;;;;;;;;;2;264
V0280718.1;G604001-01-20155;3/8;;1.5;à souder;;;;410 SS HT;A216 WCB;V-PTFE (25% G.F);;4;265
;;150;;;;;;316;316 RD;A216 GR WCC;PTFE/CARB;LATTYFLON 3260LM;18;266
FIG 14 102;;150;10;;;;Inox;EPDM;INOX;FONTE GG25;Joint à lèvre;;10;267
VANNE PELLE;;150;10;;;;INOX;JOINT NITRILE;INOX 316;INOX;TRESSE PTFE;VG6400;24;268
VANNE PELLE;;100;10;;;;INOX;JOINT NITRILE;INOX 316;INOX;TRESSE PTFE;VG6400;24;269
VANNE PELLE;;150;10;;;;INOX;JOINT NITRILE;INOX 316;INOX;TRESSE PTFE;VG6400;24;270
RTS 68212;15/741583 1;20;40;;Taraudées 27 mm;;;PTFE;;INOX 316;;;21;271
RTS 68211;09/469924;20; ;;;;;;;Inox;;;21;272
Isoria 10B;76135433/0110;250;10;;;1M19 3T 6K 3G XA;;XA;;;;;2;273
;;40;58;;;;;;;;;;;274
;;40;58;;;;;;;;;;;275
;;40;58;;;;;;;;;;;276
;;40;58;;;;;;;;;;;277
FIG 14 102;40338;50;10;;;;Inox;EPDM renforcé;INOX;FONTE GG25;Joint à lèvre;;10;278
FIG 68241A;25 455 303;32;10;;;;;;;316 L;;;21;279
FIG 68241A;25455301;32;16;;;;;;;316 L;;;21;280
FIG 68241A;25455304;32;16;;;;;;;316 L;;;21;281
FIG 68241A;25455302;32;16;;;;;;;316 L;;;21;282
;;20;10;;;;;PTFE;;316 L;PTFE;;21;283
;;20;10;;;;;PTFE;;316 L;PTFE;;21;284
FIG: 320 112;;80;16;;;;;EPDM collé;;;;;10;285
;470936;80;10;;;;;;;GG 25;;;10;286
;470908;80;10;;;;;;;GG 25;;;10;287
;470968;80;10;;;;;;;GG 25;;;10;288
;470904;80;10;;;;;;;GG 25;;;10;289
FIG 14-343;;80;10;;;;;;;GG 25;;;10;290
FIG14-343;10042635-6;50;10;;;;;;;A536 65-45-12;;;;291
F97E-002M;469866;50;;;;;;;;GG 25;;;10;292
FIG 14 102;;50;10;;;;inox;EPDM;316;GG 25;joint à lèvre;;10;293
F97E-002M;455011;50;10;;;;;;;GG 25;;;10;294
FIG 14 102;40338;50;10;;;;;;;GG 25;;;10;295
FIG 14-343;;50;10;;;;;;;GG 25;;;10;296
FIG 10 102;72769;80;10;;;;INOX;EPDM;INOX;GG 25;Joint à lèvre;;10;297
;470956;80;10;;;;;;;GG 25;;;10;298
;470965;80;10;;;;;;;GG 25;;;10;299
;470902;80;10;;;;;;;GG 25;;;10;300
;470912;80;10;;;;;;;GG 25;;;10;301
FIG 14-343;;80;10;;;;;;;GG 25;;;10;302
GAMMA;;200;10;;;3T 6P 3G XA;INOX Z30 C13;EPDM XA;INOX;FONTE;;JOINT TORIQUE;2;303
ISORIA 10;9972324707/900;80;10;;;3G 6K 6XV;;;;;;;2;304
RTS68451;17/263518020;40;40;;;;;PTFE;;FONTE;;;21;305
;;40;10;;;;INOX;PTFE;;FONTE;;;20;306
VANNE PELLE;OF175787;150;10;;;;INOX;JOINT NITRILE;INOX 316;INOX;TRESSE PTFE;VG6400;24;307
ISORIA 10;76140045/0110;100;10;;;2 M14 3G 6K6 XV;;XV;;;;;2;308
FIG 14 102;M713780;50;10;;;;Inox;EPDM;Inox;Fonte GG25;;JOINT A LEVRES;10;309
;;;;;;;;;;;;;;310
;;150;;;;;;;;;;;25;311
GAMMA;V771100;500;10;;;3T 6P 3G XV;;XV;;;;;2;312
RTS67441;21/322798040;100;16;;;;;;;;;;21;313
;;;;;;;;;;;;;;314
21100;64-2111-01-1;25;;5,6;;;;316 RD;STEL 6;A216 GR WCC;;;18;315
21100;64-2111-01-02;25;;5,6;;;;316 RD;STEL 6;A216 GR WCC;;;18;316
48-21114;64-6656-01-1;75;ISO PN100 B2;47;ISO PN100 B2;;;AISI 410;ANSI 410;A 216 GR WCC;KEVLAR/PTFE;;18;317
30 000 globe;558807-1;80;ANSI 150;Min 22 max 55;ANSI 150;30-30242;17-4 PH;316;316;CS;CARBONE/PTFE;LATTY 3260 LM;18;318
48-21724;62-153001-3;50;16 PJ;25;;;;ANSI 316 STEL;ANSI 410;A216 GR WCC;;;18;319
48-21724;62-153001-2;50;16 PJ;25;;;;ANSI 316 STEL;ANSI 410;A216 GR WCC;;;18;320
48-21724;62-153001-1;50;16 PJ;25;;;;ANSI 316 STEL;ANSI 410;A216 GR WCC;;;18;321
150VSGC-112B;;;;;à souder;;;;;A216 WCB;;;4;322
VSGC-90B;276211-1;P1: 150 P2: 350 P3: 25;P1: PN 50 P2: PN 20 P3: PN100;;;;;;;;GRAPHITE;;4;323
28-628112;F-15-221168-003-01;25;ANSI 300 RF;0,9 à 2,3 (1,7);;;;17-4 PH;STEL 6;A351 GR CF3M;;;18;324
VARIPACK;16-0147-01-1;25;200;Mini 0,25 max 0,6;ANSI 1500 RF;;;VARILOG;VARILOG N° 3;A182 GR F316L;KEVLAR/PTFE;;18;325
VARIPACK;64-9366-01-1;25;ANSI 1500RF;Mini 0,9 max 2,3;ISO PN20 à 250;;;17-4 PH;STEL 6;A182 GR F316L;KEVLAR/PTFE;;18;326
28-28212;F-23-000155;25;1500;2,3;102MM SANS BRIDES;;;A564 GR 630 H900;SOLID STELLITE;A351 GR CF3M;PTFE CARBON;RING;18;327
M.N.S.D;;;ANSI 600 STD;1.882;;;;;;ASTM A217 WC6;GRAPHITE;;5;328
FIG 320 112;;150;16;;;;;EPDM collé;INOX;FONTE;;;10;329
FIG 320 112;S/N : 10024807-18;150;16;;;;;EPDM collé;INOX;FONTE;;;10;330
FIG 320 112;S/N : 10025801-9;150;16;;;;;EPDM collé;INOX;FONTE;;;10;331
FIG 320 112;;150;16;;ANSI 150;PRA02503080PM00;;EPDM collé;Inox;fonte GG25;;;10;332
;;25;40;;;;;;;;;;9;333
CAMFLEX 2 35-35202/CM/77/8013;64-9532-01-1;40; ; ; ;;;316 STB;STEL 6;A216 GR WCC;CARBONE/PTFE;LATTYFLON 3260LM 4,5X5;18;334
;63-541502-1;50;50;26;ISO E1-E1;;316;ANSI 316 STEL E;ANSI 316 STEL E;A351 GR CF8M;;;18;335
R1;359243;80;25;;;R1LA 03 AJJL;;NELAL;329 SS;CF8M;;;25;336
L12;C0001043;80;25;;;L12A080AA;;INC 825;316 SS;CF8M;;;25;337
1110;68857;25;;;;;;;;A216 WCB;CARBONE/PTFE;;1;338
1110;94283;25;;;;;;;;A216 WCB;CARBONE/PTFE;;1;339
;;40 R;10;;;;;;;A 105;;;21;340
;;40 R;10;;;;;;;A 105;;;21;341
;;40 R;10;;;;;;;A 105;;;21;342
150VSG-90B; ;IN: 150 OUT: 200 WAT: 25;IN: 45 OUT: 28 WAT: 40;;;;VOIR FEUILLE;JOINTE; ;G17CRM05-5;GRAPHITE;;4;343
1110;68928;25;;;;;;;;A216 WCB;CARBONE/PTFE;;1;344
1110;68927;25;;;;;;;;A216 WCB;CARBONE/PTFE;;1;345
1110;10380000;25;;;;;;;;;CARBONE/PTFE;;22;346
;;65;16;;;;;;;;;;;347
CT 4550A/01;23153/10;50;;;;;;;;;;;21;348
;;80 R;10;;;;;;;A 105;PTFE VIERGE;;21;349
;;80 R;10;;;;;;;A 105;PTFE VIERGE;;21;350
;;100 R;10;;;;;;;A 105;PTFE VIERGE;;21;351
F100-40-16;;100;10;;;;;;;;;;;352
RTS 67442A;05/232841 1;100;10;;PN 1016;;;;;;;;21;353
OPTISEAL FIG 14-102;03/284319;100;10;;;PRA00901XXOPM00;INOX;EPDM;INOX;EN-GJL-250;Joint à lèvre;;10;354
FIG 320 112;;200;16;;;;;EPDM collé;inox;;;;10;355
FIG 14 102;42959;150;10;;;;INOX;EPDM;INOX 316;FONTE FT125;;JOINT A LEVRES;10;356
FIG 14 102;42959;150;10;;;;INOX;EPDM;INOX 316;FONTE FT125;;JOINT A LEVRES;10;357
L12A150AA;;150;10;;;;INOX;INOX;INOX;INOX;;;25;358
L12A150AA;;150;10;;;;INOX;INOX;INOX;INOX;;;25;359
L12A150AA;;150;10;;;;INOX;INOX;INOX;INOX;;;25;360
L12A150AA;;150;10;;;;INOX;INOX;INOX;INOX;;;25;361
L12A150AA;;150;10;;;;INOX;INOX;INOX;INOX;;;25;362
L12A150AA;;150;10;;;;INOX;INOX;INOX;INOX;;;25;363
L12;C0001044;100;25;;;L12A100AA;;INC 825;316 SS;CF8M;;;25;364
FIG 14 102;127095;200;10;;;;INOX;EPDM;INOX 316;FONTE FT125;;JOINT A LEVRES;10;365
FIG 14 102;46055;200;10;;;;INOX;EPDM;INOX 316;FONTE FT125;;JOINT A LEVRES;10;366
L1C;;200;10;;;L1C PA 08 AAJE;329 SS;EPDM;316 SS;CF8M;;;25;367
DANAIS 150;9 973 719 748 200;200;10;;T1;66e 6fb 2b;;;;;;;2;368
DANAIS 150;9973719748/200;200;10;;T1;66e 6fb 2b;;;;;;;2;369
DANAIS 150;9973719748/200;200;10;;T1;66e 6fb 2b;;;;;;;2;370
;;175;10;;;;;;;;;;;371
;;175;10;;;;;;;;;;;372
;;175;10;;;;;;;;;;;373
;;175;10;;;;;;;;;;;374
;;175;10;;;;;;;;;;;375
;;175;10;;;;;;;;;;;376
;;40;10;;;;;;;;;;;377
PS 420;;20;100;;FILET 20/27;;;;;;;;26;378
ISORIA 10B;76109407/0310;150;10;;;1 M14 3T 6K 3G XA;;XA;Fonte laquée;fonte;;;2;379
PS 420;;20;100;;FILET 20/27;;;;;;;;26;380
ISORIA 10B;76048483/320;150;10;;;2 M14 3G 6K 6 VC;;VC;;GS 370-17;;;2;381
35 - 35202;;100;ANSI 600 RF;;;;;;316 RD;A351 GR CF8M;PTFE KEVELAR;;18;382
Maxflo;;250;10;;;MTRD 11A111B;;F 316;17-4 PH;A 216 WCB;PTFE;RAINEX 788 8 MM;22;383
ISORIA 10B;;80;10;;;1 M11 3T 6K 3G XA;;XA;Inox;FT 25;;JOINT A LEVRES;2;384
L12;;100;;;;L12A100AAT;;;;;;;25;385
L12;;100;;;;L12A100AAT;;;;;;;25;386
CAMFLEX II;63-5415. 06. 1;80;ISO PN40SE;orifice 135; ;;;316 STB;LRD 316,00;A216 GR WCC;;;18;387
ISORIA 10;76109 407/0210;150;10;;;;;xa;;;;;2;388
FIG 10 102;;150;10;;;;INOX;EPDM;INOX;FONTE GG25;Joint à lèvre;;10;389
L12;;100;;;;L12A100AAT;;;;;;;25;390
Isoria 10;761091407/0110;250;10;;;1119 3T6K3GXA;;xa;;FONTE GG25;;;2;391
LW;;100;10;;;LW7LBA100AAJAT;;INCOLOY 825;316 SS;CF8M;;;25;392
NELDISC;G 111;200;ANSI 150;;;L1CMA08 AAJK;316 SS;ULTIMET;329 SS;CF8M;PTFE;;25;393
ISORIA 10B;76045403/0110;150;10;;;1 M14 3T 6K 6 XV;;XV;INOX;FONTE;;;2;394
MTV ;11571-81;200;10.25;;;MTV A5-AAD-A11 811897;;;;;;;23;395
FIG 14-343;;50;10;;;;;EPDM;;GG 25;joint à lèvre;;10;396
FIG 14 102;;50;10;;;;INOX;EPDM;INOX;GG 25;Joint à lèvre;;10;397
L1C;355676;200;;;;L1CMA 08 AAJA;329 SS;;316 SS;316 SS;PTFE;;25;398
Isoria 10B;76048485/0110;80;10;;;2 M11 3G 6K6 XV;;XV;;;;;2;399
Série 1121;;100;10;;;;;NITRILE;AISI 304;GG 25;;;15;400
238288-0200-06;;200;10;;;;;;;;;;19;401
L1C;358 213;200;ANSI 150;;;L1CMA 08 PAJA;;INC 825 GR;;WCB;PTFE;;25;402
ISORIA 20;;50;10;;;3G6E6XV;;;;;;;2;403
ISORIA 20;;50;10;;;3G6E6XV;;;;;;;2;404
ISORIA 20;;100;10;;;3G6E6XV;;;;;;;2;405
ISORIA 20;;50;10;;;3G6E6XV;;;;;;;2;406
ISORIA 20;;150;10;;;3G6E6XV;;;;;;;2;407
ISORIA 20;;150;10;;;3G6E6XV;;;;;;;2;408
ISORIA 20;;100;10;;;3G6E6XV;;;;;;;2;409
ISORIA 20;;100;10;;;3G6E6XV;;;;;;;2;410
ISORIA 20;;100;10;;;3G6E6XV;;;;;;;2;411
ISORIA 20;;100;10;;;3G6E6XV;;;;;;;2;412
;;15;;;;;;;;;;;21;413
;;15; ;;;;;;; ; ;;21;414
ISORIA 10;;200;10;;;3G 6K 6XV;;XV;;;;;2;415
LW;C0002379;200;25;;;LW7LBA200AAJAT;316 SS;ULTIMET;316 SS;CF8M;;;25;416
L12;C0078853;100;;;;L12A100AAT;;INCOLOY 825;316 SS;CF8M;;;25;417
35 - 35212;;100;16;230;;;;ANSI 316;ANSI 316L STEL;A 351 GR CF3M;;;18;418
LW;C0002379;200;25;;EN PN 25;LW7LBA200AAJAT;;INCOLOY 825;329 SS;CFM8;;;25;419
ISORIA 20;;150;10;;;3G6E6XV;;;;;;;2;420
ISORIA 20;;150;10;;;3G6E6XV;;;;;;;2;421
ISORIA 20;;50;10;;;3G6E6XV;;;;;;;2;422
ISORIA 20;;50;10;;;3G6E6XV;;;;;;;2;423
ISORIA 20;;100;10;;;3G6E6XV;;;;;;;2;424
ISORIA 20;;100;10;;;3G6E6XV;;;;;;;2;425
ISORIA 20;;100;10;;;3G6E6XV;;;;;;;2;426
ISORIA 20;;100;10;;;3G6E6XV;;;;;;;2;427
ISORIA 10B;76048483/0210;350;10;;PN10 S11;2C 25 3G 6K 6VC;;XV;;;;;2;428
L1C;S0427141005VEN;200;ANSI 150;;;L1CMA 08 PAJA;329 SS;INC 825+CR;316 SS;WCB;PTFE;;25;429
ISORIA 10;76017731/0110;80;10;;;3T 6K 3G XA;;EPDM XA;INOX;FONTE;;;2;430
DANAIS 150;9 972 324 707 600;300;10;;;66E 6F B2B;;;;;;;2;431
DANAIS 150;;300;10;;;66E 6F B2B;;;;;;;2;432
DANAIS 150;9 972 324 707;250;10;;;66E 6F B2B;;;;;;;2;433
DANAIS 150;9 972 324 707;250;10;;;66E 6F B2B;;;;;;;2;434
NELDISC;362701;350;;;;L1CMA14PAJA;329 SS;INC 825+CR;316 SS;FONTE;PTFE;;25;435
GAMMA;;400;10;;;;;xv;Acier;Fonte;;;2;436
L1CMA 08 AACA;355060;200;Oct-25;;;L1CMA 08 AACA;17-4 PH;INC 825+CR;316 SS;316 SS;PTFE;;25;437
L12;;200;;;;L12A200AAT;;;;;;;25;438
;;20;;4;;;;;;A216 WCB;V-PTFE;;4;439
;;20;100;;taraudage 20/27;V6F020GA6RCPL00;;;;;;;10;440
35-35212;;25 réduit;ANSI 600;2,8;ANSI 600;;;STEL n°6;ANSI 316;A 351 GR CF3M;;;18;441
;;20-15;64;;;;;;;;;;;442
35-35212;;25 réduit;ANSI 600;2,8;ANSI 600;;;STEL n°6;ANSI 316;A 351 GR CF3M;;;18;443
;;20-15;64;;;;;;;;;;;444
35-35212;;25 réduit;ANSI 600;2,8;ANSI 600;;;STEL n°6;ANSI 316;A 351 GR CF3M;;;18;445
;;20-15;64;;;;;;;;;;;446
35-35212;;25 réduit;ANSI 600;2,8;ANSI 600;;;STEL n°6;ANSI 316;A 351 GR CF3M;;;18;447
;;20-15;64;;;;;;;;;;;448
35-35212;;25 réduit;ANSI 600;2,8;ANSI 600;;;STEL n°6;ANSI 316;A 351 GR CF3M;;;18;449
35-35212;;25 réduit;ANSI 600;2,8;ANSI 600;;;STEL n°6;ANSI 316;A 351 GR CF3M;;;18;450
35-35212;;25 réduit;ANSI 600;2,8;ANSI 600;;;STEL n°6;ANSI 316;A 351 GR CF3M;;;18;451
35-35212;;25 réduit;ANSI 600;2,8;ANSI 600;;;STEL n°6;ANSI 316;A 351 GR CF3M;;;18;452
35-35212;;25 réduit;ANSI 600;2,8;;;;STEL n°6;ANSI 316;A 351 GR CF3M;;;18;453
;;20;100;;taraudage 20/27;V6F020GA6RCPL00;;;;;;;10;454
28-28122;;25;100;0,5 a 1,2(0,9);EN-1092-1 B2;F-12-217061-001-1;;17-4 PH;ANSI 440 C;A351 GR CF3M;;;18;455
NELDISC;;150;ANSI 150;;ANSI 150;L1CMA06PACAF;ASTM A564GR630;INC 825+Cr;316;WCB;GRAPHITE;NELES 250023;25;456
VPZZ100ISO;;50;100;;ISO PN100;;Z20C13;Stéllité;Stéllité;G17CrMo55;Graphite;;6;457
NELDISC;;200;ANSI 150;;ANSI 150;L1CMA08PACAF;ASTM A564GR630;INC 825+Cr;316;WCB;Graphite;;25;458
VPZZ100ISO;;80;100;;ISO PN100;;Z20C13;Stéllité;Stéllité;G17CrMo55;Graphite;;6;459
NELDISC;;250;ANSI 150;;ANSI 150;L1CMA10PACAF;ASTM A564GR630;INC 825+Cr;316;WCB;Graphite;;25;460
VPZZ100ISO;;80;100;;ISO PN100;;Z20C13;Stéllité;Stéllité;G17CrMo55;Graphite;;6;461
NELDISC;;300;ANSI 150;;;L1CMA12PACAF;ASTM A564GR630;INC 825+Cr;316;WCB;Graphite;;25;462
VPZZ100ISO;;80;100;;ISO PN100;;Z20C13;Stéllité;Stéllité;G17CrMo55;Graphite;;6;463
NELDISC;;200;10;;;L1CMA08PACAF;ASTM A564GR630;INC 825+Cr;316;WCB;Graphite;;25;464
FIG:VPZZ600T1;;40;100;;;AR041378:1-1;; ;;;;;6;465
NELDISC;;200;10;;;L1CMA08PACAF;ASTM A564GR630;INC 825+Cr;316;WCB;Graphite;;25;466
FIG:VPZZ600T1;;40;100;;;AR041378:1-1;;;;;;;6;467
LW;;80;;;;LW7LBA080AAJAT;;INCOLOY 825;316 SS;CF8M;;;25;468
LW;;80;;;;LW7LBA080AAJAT;;INCOLOY 825;316 SS;CF8M;;;25;469
;;200;10;;;;;;;;;LATTY 3260 LM;18;470
REJA200AJJSTA;MA0197516;200;10;;RATIGEN PN10;;329SS;316SS;329SS;CF8M;;;25;471
35-35112;;200;10;850;ISO PN 10;35-35112;;AnSI 316 L STEL;ANSI 316;A216 GR WCC;;;18;472
;;150;10;;;;;;;;;;;473
35-35112;;200;10;850;ISO PN 10;35-35112;;AnSI 316 L STEL;ANSI 316;A216 GR WCC;;;18;474
;;150;10;;;;;;;;;;;475
NELDISC;;250;ANSI B 16;;;L1CMA 10 AAJA;329 SS;INC 825;329 SS;CF8M;PTFE;;25;476
Maxflo;;150;10;;;MTPD - 11A111E;;F 316;17-4 PH;A216 WCB;PTFE;RAINEX 788 DIAM. 8;22;477
ISORIA 10;;200;10;;;3T6K6XV;;XV;INOX;;;;2;478
L12;G0001043;80;;;;L12A080AA;;INC 825;316 SS;CF8M;;;25;479
L12;C0001043;80;;;;L12A080AA;;INC 825;316 SS;CF8M;;;25;480
;;;;;;;;;;;;;;481
Maxflo ;T5549;150;;;;;;F 316;17-14 PH;A216 WCB;PTFE;LATTY 3260 LM;22;482
Maxflo;;150;10;;;MTPD - 11A111E;;F 316;17-4 PH;A216 WCB;PTFE;;22;483
Maxflo;;150;10;;;MTPD - 11A111E;;F 316;17-4 PH;A216 WCB;PTFE;;22;484
L12A150AA;C0001048;150;25;;; ;;INCOLOY 825 (A);329 SS;CF8M; ;;25;485
REKA150AJJSTA;MA0196907;150;16;;RATINGEN PN16;;329SS;316SS;329SS;CF8M;;;25;486
NELDISC;;200;;;;LJM200 AB;316 SS;248SV/GR;316 SS;316 SS;PTFE;;25;487
;;250;10;;;;;;Inox;;PTFE/CARB;3260 LM;18;488
35 - 35202;62-5370-02-1;100;;;ANSI 600 RF;;;;316 RD;A351 GR CF8M;PTFE KEVELAR;;18;489
OPTISEAL FIG 14-102;03/284319;100;10;;;PRA00901XXOPM00;INOX;EPDM;INOX;EN-GJL-250;Joint à lèvre;;10;490
R1;359244;100;25;;;R1LA 04 AJJL;329 SS;;329 SS;CF8M;PTFE;;25;491
REKA150AJJSTA;;150;10;;;;INOX;INOX;INOX;INOX;;;25;492
FIG 14 102;114173;100;10;;;;Inox;EPDM;INOX;FONTE GG25;Joint à lèvre;;10;493
L1C;;80;10;;;L1CMA 03 AAJA;329 SS;INC 825+CR;316 SS;316 SS;;;25;494
;409430;200;10;;;L12;;;;;;K916;25;495
FIG 14 102;;100;10;;;;Inox;EPDM;INOX;FONTE GG25;Joint à lèvre;;10;496
L12;C0001049;300;25;;;L12A300AA;328 SS;INC 825;316 SS;CF8M;;;25;497
Gamma;;400;10;;;3T 6P 3G XV;;;;;;;2;498
VST-56BSE;;;;;à souder;;;X10CrMoVNb9-1/C21COATING;X19CrMoVNbN11-1;EN 10222-2 13CrMo4-5;Graphite;;4;499
Gamma;;100;10;;;;;XA;Inox;fonte GG25;;;2;500
68451A;6752802;40;;;;;;PTFE;CHROME;A105;PTFE;;21;501
RTS FIG 68451A;6 752 801;40;;;;;;PTFE;;A105;;;21;502
RTS 68451;17/2618020;40;14885;;;;;PTFE;Boule;;PTFE CARBON;;21;503
;;40;;;;;;;;;;;;504
RTS 68451;17/2618020;40;;;;;;PTFE;;;;;21;505
;;;;;;;;;;;;;;506
;;;;;;;;;;;;;;507
;;;;;;;;;;;;;;508
FIG 14 102;347934;250;10;;;;INOX;EPDM;INOX;FONTE GG25;;;10;509
FIG 14 102;347928;250;10;;;;INOX;EPDM;INOX;FONTE GG25;;;10;510
VAN044 VAP 45B/450°;;40 passage direct;100;;ISO PN 100;A182F11/STELLITE;;STELLITE;;A182F11;;;6;511
L12A400AAG;;400;10;;;;INOX;INOX;INOX;INOX;;;;512
L12A200AA;C0001047;200;EN-PN25;;;;316SS;INCOLOY825;329SS;CF8M;;;25;513
GAMMA;;600;10;;;3T 6P 3G XV;INOX Z30 C13;XV;FONTE;FONTE FT 20;;;2;514
L12A250AA;C0001048;250;25;;;;329SS;INCOLOY 825;;CF8M;316SS;;25;515
L12A250AA;C0001048;250;25;;;;329SS;INCOLOY 825;;CF8M;316SS;;25;516
L12A250AA;C0001048;250;25;;;;329SS;INCOLOY 825;;CF8M;316SS;;25;517
L12A250AA;C0001048;250;25;;;;329SS;INCOLOY 825;;CF8M;316SS;;25;518
L12A250AA;C0001048;250;25;;;;329SS;INCOLOY 825;316SS;CF8M;316SS;;25;519
Camflex II;02-4848-01-1;50;50;50;ISO PN 50;;ANSI 316;STEL n°6;ANSI 316;A216 GR WCC;;;;520
CAMFLEX II;02-4848-01-2;50;50;50;ISO PN 50;;ANSI 316;STEL n°6;ANSI 316;A216 GR WCC;;;;521
PREMISEAL 38DW-112; ;40;16;;;;Inox;EPDM;Inox;GJS-400-15;Joint à lèvre;;10;522
PREMISEAL 38DW-112;;40;16;;;;Inox;EPDM;Inox;GJS-400-15;Joint à lèvre;;10;523
PREMISEAL 38DW-112;;40;10;;;;;EPDM;;GJS-400-15;;;10;524
PREMISEAL 38DW-112;;40;10;;;;;EPDM;;GJS-400-15;;;10;525
FIG 38 102;552714;32;16;;;;Inox;EPDM;Inox;Fonte GG25;Joint à lèvre;;10;526
RAA050AS;C0001121;50;40;;;;;316SS;329SS;CF8M;;;25;527
;;80;10;;;;;;;;;;;528
FIG 14 102;;50;10;;;;Inox;EPDM;Inox 316;Fonte FT 25;;;10;529
FIG 14 102;;50;10;;;;Inox;EPDM;Inox 316;Fonte FT 25;;;10;530
FIG 14 102;;50;10;;;;Inox;EPDM;Inox 316;Fonte FT 25;;;10;531
FIG 14 102;;50;10;;;;Inox;EPDN;Inox 316;Fonte FT 25;;;10;532
FIG 14 102;;50;10;;;;Inox;EPDN;Inox 316;Fonte FT 25;;;10;533
PREMISEAL 38DW-112;;50;16;;;;Inox;EPDM;Inox;GJS-400-15;Joint à lèvre;;10;534
PREMISEAL 38DW-112;;50;16;;;;Inox;EPDM;Inox;GJS-400-15;Joint à lèvre;;10;535
PREMISEAL 38DW-112;;50;10;;;;;EPDM;;GJS-400-15;;;10;536
PREMISEAL 38DW-112;;50;10;;;;;EPDM;;GJS-400-15;;;10;537
FIG 14 102;;100;10;;;;Inox;EPDM;Inox;Fonte GG25;Joint à lèvre;;10;538
FIG 14 102;;300;10;;;;;EPDM;;GG 25;;;10;539
FIG 14 102;;300;10;;;;INOX;EPDM;Inox;GG 25;Joint à lèvre;;10;540
FIG 14 102;;300;10;;;;;EPDM;;GG 25;;;10;541
14 102;04/393299;300;10;;;;INOX;EPDM;INOX;GJL-250;joint à lèvre;;10;542
FIG 14 102;;250;10;;;;INOX;EPDM;INOX;GG 25;Joint à lèvre;;10;543
FIG 14 102;;250;10;;;;;EPDM;;GG 25;;;10;544
FIG 14 102;;250;10;;;;;EPDM;;GG 25;;;10;545
FIG 14 102;;250;10;;;;INOX;EPDM;INOX;GG 25;;JOINT A LEVRES;10;546
14 102;04/406369;250;10;;;;INOX;EPDM;INOX;GJL-250;joint à lèvre;;10;547
FIG 14 102;;200;10;;;;INOX;EPDM;INOX;GG 25;Joint à lèvre;;10;548
FIG 14 102;;200;10;;;;INOX;EPDM;INOX;GG 25;Joint à lèvre;;10;549
;;200;10;;;;;;;;;;;550
FIG 14 102;03/356029;200;10;;;;INOX;EPDM;INOX;GJL-250;joint à lèvre;;10;551
FIG 14 102;M454790;200;10;;;;INOX;EPDM;INOX;GG 25;Joint à lèvre;;10;552
FIG 14 102;;200;10;;;;INOX;EPDM;INOX;GG 25;Joint à lèvre;;10;553
FIG 14 102;;200;10;;;;INOX;EPDM;INOX;GG 25;Joint à lèvre;;10;554
FIG 14 102;;200;10;;;;INOX;EPDM;INOX;GG 25;Joint à lèvre;;10;555
FIG 14 102;18617;200;10;;;79E03601XX0PM00;INOX;EPDM;INOX;FONTE GG25;;;10;556
14 102;99252;300;10;;;;INOX;EPDM;INOX;GG 25;Joint à lèvre;;10;557
FIG 14 102;;300;10;;;;;EPDM;;GG 25;;;10;558
FIG 14 102;;300;10;;;796 036;INOX;EPDM;INOX;GG 25;Joint à lèvre;;10;559
FIG 14 102;;300;10;;;;;EPDM;;GG 25;;;10;560
FIG 14 102;99252;300;10;;;;INOX;EPDM;INOX;GG 25;joint à lèvre;;10;561
FIG 14 102;;300;10;;;;INOX;EPDM;INOX;GG 25;Joint à lèvre;;10;562
FIG 14 102;;300;10;;;;INOX;EPDM;INOX;GG 25;Joint à lèvre;;10;563
FIG 14 102;509962;300;10;;;;INOX;EPDM;INOX;GG 25;Joint à lèvre;;10;564
FIG 14 102;;300;16;;;;416SS;EPDM;316 SS;Fonte GS;Joint à lèvre;;10;565
FIG 14 102;;200;10;;;;INOX;EPDM;INOX;GG 25;joint à lèvre;;10;566
FIG 14 102;03/356025;200;10;;;;INOX;EPDM;INOX;GJL-250;joint à lèvre;;10;567
FIG 14 102;;200;10;;;;INOX;EPDM;Inox;GG 25;Joint à lèvre;;10;568
FIG 14 102;;200;10;;;;INOX;EPDM;INOX;GG 25;;JOINT A LEVRES;10;569
FIG 14 102;;200;10;;;;INOX;EPDM;INOX;GG 25;Joint à lèvre;;10;570
FIG 14 102;;200;10;;;;INOX;EPDM;INOX;GG 25;Joint à lèvre;;10;571
FIG 14 102;;200;10;;;;INOX;EPDM;INOX;GG 25;Joint à lèvre;;10;572
FIG 14 102;507969;200;10;;;;INOX;EPDM;INOX;GG 25;Joint à lèvre;;10;573
FIG 14 102;23980;200;10;;;79E03601XX0PM00;INOX;EPDM;INOX;FONTE GG25;joint à lèvre;;10;574
L12A08AA;J56669238;80;40;;;;INOX;INCOLOY825;316SS;CF8M;;;25;575
L12A08AA;J56669231;80;40;;;;INOX;INCOLOY825;316SS;CF8M;;;25;576
L12A08AA;J56261822;80;40;;;;INOX;INCOLOY825;316SS;CF8M;;;25;577
L12A08AA;J56788776;80;40;;;;INOX;INCOLOY825;316SS;CF8M;;;25;578
L12A08AA;J56669235;80;40;;;;INOX;INCOLOY825;316SS;CF8M;;;25;579
VG6400 GX5CrNIMo 19-11-2 (inox);OF152513;150;10;;EN1092-2 et DIN 2501 : ISO PN10;;Inox 13%Cr;EPDM;Inox X5CrNiMo 17-12-2;;;;24;580
VG6400 GX5CrNIMo 19-11-2 (inox);OF152511;250;10;;EN1092-2 et DIN 2501 : ISO PN10;;Inox 13%Cr;EPDM;Inox X5CrNiMo 17-12-2;;;;24;581
VG6400 GX5CrNIMo 19-11-2 (inox);OF152521;400;10;;EN1092-2 et DIN 2501 : ISO PN10;;Inox 13%Cr;NBR;Stainless steel X5CrNi 18-10;;;;24;582
VG6400 GX5CrNIMo 19-11-2 (inox);OF152510;250;10;;EN1092-2 et DIN 2501 : ISO PN10;;Inox 13%Cr;NBR;Stainless steel X5CrNi 18-10;;;;24;583
VG6400 GX5CrNIMo 19-11-2 (inox);OF152511;250;10;;EN1092-2 et DIN 2501 : ISO PN10;;Inox 13%Cr;EPDM;Inox X5CrNiMo 17-12-2;;;;24;584
A536 65-45-12 (FIG. 320);32W0050-D0S0SGE1M4I;50;16;;;;INOX;;INOX;;;;17;585
VG6400 GX5CrNIMo 19-11-2 (inox);OF153249;80;10;;EN1092-2 et DIN 2501 : ISO PN10;;Inox 13%Cr;EPDM;Inox X5CrNiMo 17-12-2;;;;24;586
A536 65-45-12 (FIG. 320);32W0080-D0S0SGE1M4I;80;16;;;;INOX;;INOX;;;;17;587
A536 65-45-12 (FIG. 320);32W0080-D0S0SGE1M4I;80;16;;;;INOX;;INOX;;;;17;588
Fonte (FIG. 320);F455 WM-009;350;;;;;INOX;;INOX;;;;17;589
Fonte (FIG. 320);32W0150-D0S0SGE1M4I;150;16;;;;INOX;;INOX;;;;17;590
Fonte (FIG. 320);32W0150-D0S0SGE1M4I;150;16;;;;INOX;;INOX;;;;17;591
Fonte ;20/317321050 1;350;25;;;;INOX;;INOX;;;;21;592
Fig 320-112;?;100;16;;;;INOX;;INOX;;;;17;593
INOX;;25;10;;;;;;;;;;16;594
INOX;;25;10;;;;;;;;;;16;595
INOX;;25;16;;;;;;;;;;16;596
;S4005120840. 01;350;25;;;;;;;;;;25;597
CF8M;S4005081217. 06;100;25;;;;;;;;;;25;598
A536 65-45-12 (FIG. 320);32W0050-D0S0SGE1M4I;50;16;;;;INOX;;INOX;;;;17;599
VG6400 GX5CrNIMo 19-11-2 (inox);OF152511;250;10;;EN1092-2 et DIN 2501 : ISO PN10;;Inox 13%Cr;EPDM;Inox X5CrNiMo 17-12-2;;;;24;600
Fonte (FIG. 320);F455 WM-009;350;;;;;INOX;;INOX;;;;17;601
INOX;3040000639-40;32;63;;;;;;;;;;16;602
INOX;3040000639-40;32;63;;;;;;;;;;16;603
INOX;KLG-20/12;32;63;;;;;;;;;;16;604
VG6400 GX5CrNIMo 19-11-2 (inox);OF152513;150;10;;EN1092-2 et DIN 2501 : ISO PN10;;Inox 13%Cr;EPDM;Inox X5CrNiMo 17-12-2;;;;24;605
VG6400 GX5CrNIMo 19-11-2 (inox);OF152513;150;10;;EN1092-2 et DIN 2501 : ISO PN10;;Inox 13%Cr;EPDM;Inox X5CrNiMo 17-12-2;;;;24;606
VG6400 GX5CrNIMo 19-11-2 (inox);OF152513;150;10;;EN1092-2 et DIN 2501 : ISO PN10;;Inox 13%Cr;EPDM;Inox X5CrNiMo 17-12-2;;;;24;607
VG6400 GX5CrNIMo 19-11-2 (inox);OF152513;150;10;;EN1092-2 et DIN 2501 : ISO PN10;;Inox 13%Cr;EPDM;Inox X5CrNiMo 17-12-2;;;;24;608
VG6400 GX5CrNIMo 19-11-2 (inox);OF152513;150;10;;EN1092-2 et DIN 2501 : ISO PN10;;Inox 13%Cr;EPDM;Inox X5CrNiMo 17-12-2;;;;24;609
VG6400 GX5CrNIMo 19-11-2 (inox);OF152517;200;10;;EN1092-2 et DIN 2501 : ISO PN10;;Inox 13%Cr;EPDM;Inox X5CrNiMo 17-12-2;;;;24;610
VG6400 GX5CrNIMo 19-11-2 (inox);OF153248;80;10;;EN1092-2 et DIN 2501 : ISO PN10;;Inox 13%Cr;EPDM;Inox X5CrNiMo 17-12-2;;;;24;611
Fonte ;20/317321030 2;250;25;;;;INOX;;INOX;;;;21;612
Fonte ;20/317321030 3;250;25;;;;INOX;;INOX;;;;21;613
VG6400 GX5CrNIMo 19-11-2 (inox);OF152521;400;10;;EN1092-2 et DIN 2501 : ISO PN10;;Inox 13%Cr;NBR;Stainless steel X5CrNi 18-10;;;;24;614
VG6400 GX5CrNIMo 19-11-2 (inox);OF152514;80;10;;EN1092-2 et DIN 2501 : ISO PN10;;Inox 13%Cr;NBR;Stainless steel X5CrNi 18-10;;;;24;615
VG6400 GX5CrNIMo 19-11-2 (inox);OF152509;250;10;;EN1092-2 et DIN 2501 : ISO PN10;;Inox 13%Cr;NBR;Stainless steel X5CrNi 18-10;;;;24;616
VG6400 GX5CrNIMo 19-11-2 (inox);OF152509;250;10;;EN1092-2 et DIN 2501 : ISO PN10;;Inox 13%Cr;NBR;Stainless steel X5CrNi 18-10;;;;24;617
VG6400 GX5CrNIMo 19-11-2 (inox);OF153251;150;10;;EN1092-2 et DIN 2501 : ISO PN10;;Inox 13%Cr;NBR;Stainless steel X5CrNi 18-10;;;;24;618
VG6400 GX5CrNIMo 19-11-2 (inox);OF153250;150;10;;EN1092-2 et DIN 2501 : ISO PN10;;Inox 13%Cr;NBR;Stainless steel X5CrNi 18-10;;;;24;619
A536 65-45-12 (FIG. 320);32W0050-D0S0SGE1M4I;50;16;;;;INOX;;INOX;;;;17;620
A536 65-45-12 (FIG. 320);32W0050-D0S0SGE1M4I;50;16;;;;INOX;;INOX;;;;17;621
A536 65-45-12 (FIG. 320);32W0050-D0S0SGE1M4I;50;16;;;;INOX;;INOX;;;;17;622
FIG 320 112;?;150;16;;;;INOX;;INOX;;;;17;623
A536 65-45-12 (FIG. 320);32W0050-D0S0SGE1M4I;50;16;;;;INOX;;INOX;;;;17;624
A536 65-45-12 (FIG. 320);32W0050-D0S0SGE1M4I;50;16;;;;INOX;;INOX;;;;17;625
FIG 320 112;?;150;16;;;;INOX;;INOX;;;;17;626
FIG 320 112;?;150;16;;;;INOX;;INOX;;;;17;627
A536 65-45-12 (FIG. 320);32W0200-D0S0SGE1M4I;200;16;;;;INOX;;INOX;;;;17;628
ISORIA 10;76168514/0110;150;10;;;3T 6K 3G XA;INOX 13% (6K);XA;FGS 400.15 Revêtu plyuréthane;GG 25 (3t);;;2;629
ISORIA 10;76168514/0110;150;10;;;3T 6K 3G XA;INOX 13% (6K);XA;FGS 400.15 POLYRUR. (3G);GG 25 (3T);;;2;630
ISORIA 10;76168514/0110;150;10;;;3T 6K 3G XA;INOX 13% (6k);XA;FGS 400.15 POLYRUR. (3G);GG 25 (3T);;;2;631
ISORIA 10;76168514/0110;150;10;;;3T 6K 3G XA;INOX 13% (6K);XA;FGS 400.15 POLYRUR. (3G);GG 25 (3T);;;2;632
48-21124;63.541505-1;25;ISO PN100;;;;;;;A216 GR WCC;;;18;633
;;25;;;;;;;;;;;18;634
35-35202;;25;10;;;;;;;A351 GR CF8M;;;18;635
35 - 35202;62-8734-05-1;40;; ;;;;;;;;;18;636
L12A150AA;;150;;;;;;;;;;;25;637
Maxflo;;150;;;;;;;;;;;22;638
35-35212;;25;ISO PN100;;;;;;;A351 GR CF8M;;;18;639
;;50;;;;;;;;;;;18;640
;;50;;;;;;;;;;;18;641
;;;;;;;;;;;;;;642
;;;;;;;;;;;;;;643
;;50;;;;;;;;;;;18;644
;;50;;;;;;;;;;;18;645
SPHERIQUE R1;HO18911;50;25;;;RAA050AS;;STEL;329;CF8M;PTFE;;25;646
LW;;80;;;;LW7LBA080AAJAT;;INCOLOY 824;316 SS;CF8M;;;25;647
LW;;200;;;;LW7LBA200AAJAT;;INCOLOY 825;316 SS;CF8M;;;25;648
35-35202;;25;ANSI 600 RF;;;;;316;STEL 6;A216 GR WCC;PTFE/KEV;;18;649
L12A;;350;25;;;;;;INOX 316SS;CF8M;;;25;650
V 500;;50;40;;;;;COCR 6;COCR 6;A216 WCC;PTFE;;12;651
V 500;EU03232878;50;40;57,4;;;;CDCR 6;;WCC;PTFE/CARB;1R5795X0012;12;652
35-35212;F-10-212500-001-03;25;ISO PN100;15;;;ANSI 316;STEL n°6;STEL 6;A351 GR CF8M;;;18;653
35-35212;F-10-212500-001-03;25;ISO PN100;15;;;ANSI 316;STEL n°6;STEL 6;A351 GR CF8M;;;18;654
 ;60.238101-1;150;10;;;;;;;A351 GR CF8M;;;18;655
RI;;25;;;;R1LA 01 AJJL;;NELAL;329SS;CF8M;;;25;656
serie 37200;;250;10;;;;;;A351 GR CF8M;;PTFE/CARB;3260 LM LATTYFLON;18;657
;;50;ISO PN100;15;;;;AISI316 STEL.E;AISI316 STEL.E;A351 GR CF8M;;;18;658
 ;61-860906-2;150;10;;;;;;;A216 GR WCC;;;18;659
;;50;50;26;ISO E1-E1;;ANSI 410;AISI 410;ANSI 410;A216 GR WCC;;;18;660
FIG 14 102;;100;10;;;;INOX;EPDM;INOX;FONTE GG25;;JOINT A LEVRES;10;661
V 500;EU03271681;25;cl 300;5,01;PN50 DIN E1;rR 30006;XM-19 SST;ALLOY 6;ALLOY 6;WCC;PTFE;;12;662
Série 29000;;25;250;2,3;Taraudée 34 mm;;;ASTM A564 Gr 630;316;ASTM A182 Gr F316;Téflon;;18;663
924B;176 063;150;16;;;;Inox;EPDM-FDA;CFM 8;Fonte;;;ABO Valve;664
924B;176 071;150;16;;;;Inox;EPDM-FDA;CFM 8;Fonte;;;ABO Valve;665
L12;L12A200AAT;200;;;;;;;;;;;25;666
RTS 68411;14/699228 4;20;80;;Taraudé 3/4;;GX2CrNiMo 17-12-2;PTFE;GX2CrNiMo 17-12-2;GP 240 GH;PTFE/CARB 25%;;21;667
Maxflo;T 8009;80;;;;MTL 011A131A;;PTFE;17-4 PH;A216 WCB;PTFE;Rainex;22;668
35-35202;;25;ANSI 600 RF;;;;;316;STEL 6;A216 GR WCC;PTFE/CARB;LATTYFLON 3260LM;18;669
RTS 67445A;05/232842 1;32;10;;ISO PN 10 A 40;;;;;;;;21;670
L1C;;200;;;;L1CMA 08 AAJA;SS 329 (J);INCOLOY 825 (A);CF8M (A);CF8M (A);PTFE;;25;671
Maxflo;;150;10;;;MTPD - 11A111E;;F 316;17-4 PH;A216 WCB;PTFE;;22;672
Maxflo ;;200;10;;;MTQD 11A111E;;F 316;17-4 PH;A216 WCB;PTFE;;22;673
8821714;N-13-8251-001-01;80;10;;;;;316 ST;316 ST;CF8M;;;18;674
CAMFLEX II;02-4848-02-1;80;50;135;ISO PN 50;;ANSI 316;STEL n°6;ANSI 316L;A216 GR WCC;;;;675
CAMFLEX II;02-4848-02-2;80;50;135;ISO PN 50;;ANSI 316;STEL n°6;ANSI 316L;A 216 GR WCC;CARB/TEFLON;3260 LM;18;676
CK;825W-51-2236MT;150;10;;;;1.4571;MTFE;1,4408;10 619;PTFE;;25;677
VSC-90B;275014-1;P1: 150 P2: 200 P3: 25;P1: 100 P2: 50 P3: 100;;;;;13CrMO44/HS25;X19CrMOVNbN111;SS 142224;GRAPHITE;;4;678
Série 21 000;;25;50;3,8;ISO PN50 B1;;;;;A216 GR WCC;CARBONE/PTFE;LATTY 3260 LM;18;679
;;80;ANSI 600;;;;;AnSI 316 L STEL;;A216 GR WCC;;;18;680
R1;359244;100;25;;;R1LA 04 AJJL;329 SS;316+CELS 50NB;329 SS;CF8M;PTFE;;25;681
VST-56BSE;A17013SE-01;;;;;DET/DES 45/4 BARS;;;;;;;4;682
RTS 67442A;05/232846 1;80;10;;;;;;;;;;21;683
FIG 14 102; ;150;10;;;;INOX;EPDM;INOX 316;FONTE FT125;;JOINT A LEVRES;10;684
35-35202;;25;ANSI 600 RF;2,8;;;;;;;;;18;685
FIG 320 112;;200;10;;;;INOX;EPDM;;;;;10;686
VG6400 GX5CrNIMo 19-11-2 (inox);0F152519;300;10;;;;Inox 13%Cr;NBR;Inox X5CrNiMo 17-12-2;;;;24;687
32W0080-DOS0SGE1M41;10036285-3;80;16;;;;;;;A536 65 45 12;;;17;688
;30949730013;100;10 bar;;;;;;;EN-GJL-250;;;17;689
35-35212;;25;;2,8;;;;;;A351 GR CF3M;;;18;690
35-35212;;25;;2,8;;;;;;A351 GR CF3M;;;18;691
35-35212;;25;;2,8;;;;;;A351 GR CF3M;;;18;692
35-35212;;25;;2,8;;;;;;A351 GR CG3M;;;18;693
35-35212;;25;;2,8;;;;;;A351 GR CF3M;;;18;694
35-35212;;25;;2,8;;;;;;A351 GR CF3M;;;18;695
35-35212;;25;;2,8;;;;;;A351 GR CF3M;;;18;696
35-35212;;25;;2,8;;;;;;A351 GR CF3M;;;18;697
35-35212;;25;;2,8;;;;;;A351 GR CF3M;;;18;698
Fig 320-112;;50;16 bar;;;;;;;DI M.P.W.P;;;17;699
Fig.322;;50;16 bar;;;;;;;DI M.P.W.P;;;17;700
;GRW D12E M1;50;16;;;;;;;GSJ-400-15;;;17;701
RTS 68452;21/322798060 1;40;40;;;;;;;;;;21;702
;00/2885988;50;;;;;;;;GJS-400-45;;;17;703
32W0050-D0S..;10045976-34;50;16;;;;;;;A536 65-45-12;;;17;704
32-0050W0MB;10086158-2;50;6;;;;;;;A536 65-45-12;;;10;705
32W0450-D0S0SGE1M41;10036224-67;150;16 bar;;;;;;;A536 65-45-12;;;17;706
RTS 68412;23/328637070 9;20;115 bar;;;;;;;;;;21;707
FIG 68241;4847802;32;10;;ISO PN10 A 40;;;;;316L;;;21;708
RTS 68452;21/322798060 2;40;40;;;;;;;;;;21;709
FIG 14 102;;150;10;;;;INOX;EPDM;INOX;GJL-250;;;10;710
FIG 14 102;;150;10;;;;INOX;EPDM;INOX;GJL-250;;;10;711
Gamma;;500;10;;;;;;;;;;2;712
DANAIS 150;.9972551899100;150;10;;;66E 6F B2B;;;;;;;2;713
DANAIS TYPE 1;;200;10;;;;INOX 17.4;INOX 301;inox 18 12;inox 18.12;;;2;714
DANAIS TYPE 1;;200;10;;;;INOX 17.4;INOX 301;inox 18 12;inox 18.12;;;2;715
GAMMA;;200;10;;;3T 6P 3G XV;;;;;Jointure torique;;2;716
;;20;;;;;;;;;;;20;717
FIG 14 102;;150;10;;;;INOX;EPDM;INOX;GG25;Joint à lèvre;;10;718
; ;20;;;;;;;;;;;20;719
FIG 14 102;;50;10;;;;inox;EPDM;316;ft 25;joint à lèvre;;10;720
FIG 14 102;;50;10;;;;inox;EPDM;316;ft 25;joint à lèvre;;10;721
FIG 14 102;;50;10;;;;inox;EPDM;316;ft 25;joint à lèvre;;10;722
;7802089;40; ;;;;;;; ;;;21;723
FIG 68211A;15 744 201;15;;;FILET 15/21;;;;;316 L;;;21;724
LW7LBA200AAJAT;C0002379;200;25;;;;239SS;INCOLOY 825;316SS;CF8M;;;25;725
;;50;40;;;;;;;;;;34;726
;;50;40;;;;;;;;;;34;727
ISORIA 10;;200;10;;;1MT 19 3T 6K6 XV;;;;;;;2;728
OPTISEAL FIG 14-102;03/284319;100;10;;;PRA00901XXOPM00;INOX;EPDM;INOX;EN-GJL-250;Joint à lèvre;;10;729
RTS 68442A;05/232845 1;25;10;;;;;;;;;;21;730
Starline 233 SGS;;15;40;;DIN 3443 FORM A;;;PTFE chargé;F 316;A 105N;;;29;731
Starline 233 SGS;;15;40;;;;;;F 316;LF2;;;29;732
ISORIA 10; ;150;10;;;3G 6K 6XV;;;;;;;2;733
ISORIA 10; ;150;10;;;3G 6K 6XV;;;;;;;2;734
RTS 68411;14/689229 3;10;80;;Taraudé 3/8ème;;GX2CrNiMo 17-12-2;PTFE;GX2CrNiMo 17-12-2;GP 240 GH;PTFE/CARB 25%;;21;735
RTS 68411;17/789730 1;10;80;;FILETS 3/8;;;;;;;;10;736
ISORIA 10;9972324707/800;100;10;;;3G 6K 6XV;;XV;;;;;2;737
F100-40-16;;100;10;;;;;;;;;;;738
PREMISEAL 38DW-112;09/2318200;32;16;;;;;EPDM;INOX;;;;10;739
RTS 67442A; ;80;10;;;;;;;;;;21;740
RTS 67442A;05/232841 2;100;10;;PN 1016;;;;;;;;21;741
FIG 14 102;;100;10;;;;;;;GG 25;;;10;742
FIG 14 102;127095;200;10;;;;INOX;EPDM;INOX 316;FONTE FT125;;JOINT A LEVRES;10;743
32W0080-D0S0SGE1M4I;10036285-24;80;16;;;;INOX;;INOX;A536 65 45 12;;;17;744
Fig 320-112;;150;16;;;;INOX;;INOX;GI;;;17;745
32W0150-DOSOSGE1M41;10025801-9;150;16;;;;;;;;;;17;746
32W0150-DOSOSGE1M41;10024807-18;150;16;;;;INOX;;INOX;A536 65 45 12;;;17;747
FIG 320 112;;150;10;;;;;EPDM collé;INOX;GG 25;;;17;748
32W0150-DOSOSGE1M41;10032789-23;150;16;;;;INOX;INOX;INOX;A536 65-45-12;;;17;749