NUM ACTIONNNEUR;N° DE SERIE ACTIONNEUR;TYPE ACTIONNEUR;TAILLE ACTIONNEUR;SENS UNIQUE;CONTACT STATUS;CDE MANU;PRES. ALIM;EFFET SIMPLE/DOUBLE;FOURNISSEUR ACTIONNEUR;TYPE CONTACTS
1;038025T01002;778-006 (BIFFI);6;;;1;;;10;NC
2;038025T01008;778-006 (BIFFI);6;;;1;;;10;NC
3;038025T01002;778-006 (BIFFI);6;;;1;;;10;NC
4;;;;;;;;;0;NC
5;;VERIN;;;FERM+OUVER;0;6 BARS MAX;DOUBLE;24;TELEMECA XCKM
6;;B1CU;9;;;0;8-5 BARS MAX;DOUBLE;25;VALMET METSO
7;;796-012;12;;;1;5-5 BARS MAX;DOUBLE;10;NC
8;;Régulactair ;;;;;;DOUBLE;2;NC
9;R1014;Régulactair 31C;;;;;3-6 BARS MAX;DOUBLE;2;NC
10;R567;Régulactair 31C;31 C;;;1;12 BARS MAX;DOUBLE;2;NC
11;OF171005;VERIN;;FMA;;0;6 BARS MAX;DOUBLE;24;NC
12;;VERIN;;;FERM+OUVER;0;6 BARS MAX;DOUBLE;24;TELEMECA XCKM
13;9974049364;ACTAIR 12;12;FMA;;0;8 BARS MAX;DOUBLE;2;AMTROBOX
14;9974049364;ACTAIR 12;12;FMA;;0;8 BARS MAX;DOUBLE;2;AMTROBOX
15;9974049364;ACTAIR 12;12;FMA;;0;8 BARS MAX;DOUBLE;2;AMTROBOX
16;J01A21490536;B1CU 17/55;17/55;;FERM+OUVER;0;8-5 BARS MAX;DOUBLE;25;QN2NK05HDM
17;J01A21340327;B1CU 20/70;20/70;;FERM+OUVER;0;8-5 BARS MAX;DOUBLE;25;QN2NK05HDM
18;F-13-218582-003-01;CAMFLEX II;;FMA;;;1-4 BARS MAX;SIMPLE;18;NC
19;F-13-218582-001-01;CAMFLEX II;;FMA;;;1-4 BARS MAX;SIMPLE;18;NC
20;F-13-218582-002-01;CAMFLEX II;;FMA;;;1-4 BARS MAX;SIMPLE;18;NC
21;18582858;PremiAir;25;;;1;6 BARS MAX;DOUBLE;10;NC
22;529016;PremiAir;25;;;1;6 BARS MAX;DOUBLE;10;NC
23;718091;PremiAir;25;;;;0 BARS MAX;DOUBLE;10;NC
24;718093;PremiAir;25;;;;0 BARS MAX;DOUBLE;10;NC
25;;VERIN;;;;;0 BARS MAX;;0;NC
26;;ACTAIR 25;25;;FERM+OUVER;1;8 BARS MAX;DOUBLE;2;Amtrobox
27;854968;F79E;24;;FERM+OUVER;0;8 BARS MAX;DOUBLE;10;NC
28;860112;F79E;24;;FERM+OUVER;0;8 BARS MAX;DOUBLE;10;NC
29;850078;F79E;24;;FERM+OUVER;0;8 BARS MAX;DOUBLE;10;NC
30;860123;F79E;24;;FERM+OUVER;1;8 BARS MAX;DOUBLE;10;NC
31;121014;F89E-009 DA;9;;FERM+OUVER;0;8-3 BARS MAX;DOUBLE;10;AVID ZR IFM IS5026
32;121020;F89E-009 DA;9;;FERM+OUVER;1;8-3 BARS MAX;DOUBLE;10;AVID ZR IFM IS5026
33;76140045/0120;ACTAIR 6 R1121 1;6;;FERM+OUVER;1;10 BARS MAX;DOUBLE;2;AMTROBOX
34;121013;F89E-009 DA;9;;FERM+OUVER;0;8-3 BARS MAX;DOUBLE;10;AVID ZR IFM IS5026
35;121003;F89E-009 DA;9;;FERM+OUVER;1;8-3 BARS MAX;DOUBLE;10;AVID ZR IFM IS5026
36;71516731/0110;ACTAIR 25;25;;FERM+OUVER;1;8 BARS MAX;DOUBLE;2;Amtrobox
37;71516731/0110;Actair;25;;FERM+OUVER;0;8 BARS MAX;DOUBLE;2;Amtrobox
38;;ACTAIR 25 R1123;25;;FERM+OUVER;1;8 BARS MAX;DOUBLE;2;IFM IS-5026
39;9972204887/200;ACTAIR 25 R1123;25;;FERM+OUVER;1;8 BARS MAX;DOUBLE;2;IFM IS-5026
40;;ACTAIR 25 R1123;25;;FERM+OUVER;1;8 BARS MAX;DOUBLE;2;IFM IS-5026
41;;ACTAIR 25;25;;FERM+OUVER;0;8 BARS MAX;DOUBLE;2;Amtrobox
42;320030;F79E-024M;24;;FERM+OUVER;1;2-8-8-3 BARS MAX;DOUBLE;10;IS 5026
43;321326;F79E-024M;24;;FERM+OUVER;1;2-8-8-3 BARS MAX;DOUBLE;10;IS 5026
44;;B1CU9/20;;;FERM+OUVER;0;0 BARS MAX;DOUBLE;0;NC
45;9972324707/ 700;ACTAIR 12;12;;FERM+OUVER;;8 BARS MAX;DOUBLE;2;Amtrobox
46;;B1CU9/20;;;FERM+OUVER;0;0 BARS MAX;DOUBLE;25;NC
47;170187;790-012;12;;FERM+OUVER;0;5 BARS MAX;DOUBLE;10;NC
48;76140045/0120;ACTAIR 6 R1121 1;6;;FERM+OUVER;1;10 BARS MAX;DOUBLE;2;AMTROBOX
49;9972324707/800;ACTAIR R1121;6;;FERM+OUVER;1;8 BARS MAX;DOUBLE;2;AMTROBOX
50;9972324707/800;ACTAIR R1121;6;;FERM+OUVER;1;8 BARS MAX;DOUBLE;2;AMTROBOX
51;9972324707/800;ACTAIR R1121;6;;FERM+OUVER;1;8 BARS MAX;DOUBLE;2;AMTROBOX
52;9972324707/800;ACTAIR R1121;6;;FERM+OUVER;1;8 BARS MAX;DOUBLE;2;AMTROBOX
53;9972324707/800;ACTAIR R1121;6;;FERM+OUVER;1;8 BARS MAX;DOUBLE;2;AMTROBOX
54;9972324707/800;ACTAIR R1121;6;;FERM+OUVER;1;8 BARS MAX;DOUBLE;2;AMTROBOX
55;9972609610/100;ACTAIR 6;6;;FERM+OUVER;1;0 BARS MAX;DOUBLE;2;AMTROBOX
56;02 1 0763;Normatwin R579;;;FERM+OUVER;1;3 BARS MAX;DOUBLE;2;NC
57;9974553509;ACTAIR;6;;FERM+OUVER;0;8 BARS MAX;DOUBLE;2;AMTROBOX
58;;ACTAIR;6;;FERM+OUVER;0;6 BARS MAX;DOUBLE;0;AMTROBOX
59;822413;F79E;12;;FERM+OUVER;1;8 BARS MAX;DOUBLE;10;NC
60;822447;F79E;12;;FERM+OUVER;1;8 BARS MAX;DOUBLE;10;NC
61;822449;F79E;12;;FERM+OUVER;1;8 BARS MAX;DOUBLE;10;NC
62;732235;PremiAir;9;;FERM+OUVER;1;0 BARS MAX;DOUBLE;10;I 56
63;82443;PremiAir 009;9;;FERM+OUVER;0;;DOUBLE;10;IS 5026
64;732231;PremiAir;9;;FERM+OUVER;1;0 BARS MAX;DOUBLE;10;I 56
65;73224;PremiAir;9;;FERM+OUVER;1;0 BARS MAX;DOUBLE;10;I 56
66;9811;B1CU;6/20;;FERM+OUVER;1;8-3 BARS MAX;DOUBLE;25;NC
67;;0;;FMA;OUVERTURE;1;6 BARS MAX;SIMPLE;32;IN5212 IN-3004-BPKG/AS
68;;0;;FMA;OUVERTURE;1;6 BARS MAX;SIMPLE;32;IN5212 IN-3004-BPKG/AS
69;;0;;FMA;OUVERTURE;1;6 BARS MAX;SIMPLE;32;IN5212 IN-3004-BPKG/AS
70;;0;;FMA;OUVERTURE;1;6 BARS MAX;SIMPLE;32;IN5212 IN-3004-BPKG/AS
71;02008485N;AT200DA F05/07-N-D-17;;;FERM+OUVER;1;8 BARS MAX;DOUBLE;29;IS 5026
72;;Micropak;;OMA;;0;2-4 BARS MAX;SIMPLE;18;NC
73;06.484801-1;Micropak;;OMA;;0;2-4 BARS MAX;SIMPLE;18;NC
74;A01A19041862;B1JRU 6/25;6/25;FMA;FERM+OUVER;;8-5 BARS MAX;SIMPLE;25;NC
75;;CAMFLEX II;114 mm;FMA;;;1-4 BARS MAX;SIMPLE;18;NC
76;;CAMFLEX II;114 mm;FMA;;;1-4 BARS MAX;SIMPLE;18;NC
77;12/21530;DR 10-0;10;;;0;10 BARS MAX;DOUBLE;21;NC
78;12/21530;DR 10-0;10;;;1;10 BARS MAX;DOUBLE;21;NC
79;;DP3;3;;;0;5 BARS MAX;DOUBLE;21;NC
80;;DP3;3;;;0;5 BARS MAX;DOUBLE;21;NC
81;;DP3;3;;;0;5 BARS MAX;DOUBLE;21;NC
82;12/21530;DR 10-0;10;;;1;10 BARS MAX;DOUBLE;21;NC
83;12/21530;DR 10-0;10;;;0;10 BARS MAX;DOUBLE;21;NC
84;10/19385;DR 10-0;;;;0;10 BARS MAX;DOUBLE;21;NC
85;10/19385;DR 10-0;;;;0;10 BARS MAX;DOUBLE;21;NC
86;12/21382;DR 10-0;10;;;0;10 BARS MAX;DOUBLE;21;NC
87;12/21382;DR 10-0;10;;;0;10 BARS MAX;DOUBLE;21;NC
88;11/21067;DR 10-0;10;;;0;10 BARS MAX;DOUBLE;21;NC
89;10/19385;DR 10-0;;;;0;10 BARS MAX;DOUBLE;21;NC
90;11/20410;DR 10-0;10;;;0;10 BARS MAX;DOUBLE;21;NC
91;11/20410;DR 10-0;10;;;0;10 BARS MAX;DOUBLE;21;NC
92;10/19385;DR 10-0;;;;0;10 BARS MAX;DOUBLE;21;NC
93;11/20410;DR 10-0;10;;;0;10 BARS MAX;DOUBLE;21;NC
94;11/20410;DR 10-0;10;;;0;10 BARS MAX;DOUBLE;21;NC
95;09/18537;DR 10-0;;;;;0 BARS MAX;DOUBLE;21;NC
96;09/18537;DR 10-0;;;;;0 BARS MAX;DOUBLE;21;NC
97;09/18537;DR 10-0;;;;;0 BARS MAX;DOUBLE;21;NC
98;09/18537;DR 10-0;;;;;0 BARS MAX;DOUBLE;21;NC
99;4109303;CAMFLEX I;165 MM;OMA;;;3-8 BARS MAX;SIMPLE;18;NC
100;;;;;;;;;0;NC
101;64 - 2408 - 01 - 1;Sigma F;;FMA;;;0 BARS MAX;SIMPLE;18;NC
102;F-12-217037-003-01;CAMFLEX II;178 mm;OMA;;1;2-1 BARS MAX;SIMPLE;18;NC
103;F-12-217037-003-02;CAMFLEX II;178 mm;OMA;;1;2-1 BARS MAX;SIMPLE;18;NC
104;RHO1121 118011;ACTAIR;6;;FERM+OUVER;1;0 BARS MAX;DOUBLE;2;NC
105;9972324707/900;ACTAIR R1121;6;FMA;FERM+OUVER;1;10 BARS MAX;DOUBLE;2;I 56
106;9972324707/900;ACTAIR R1121;6;FMA;FERM+OUVER;1;10 BARS MAX;DOUBLE;2;I 56
107;9972324707/900;ACTAIR R1121;6;FMA;FERM+OUVER;1;8 BARS MAX;DOUBLE;2;I 56
108;9972324707/900;ACTAIR R1121;6;FMA;FERM+OUVER;1;10 BARS MAX;DOUBLE;2;I 56
109;RHO1121 118011;ACTAIR;6;;FERM+OUVER;1;0 BARS MAX;DOUBLE;2;IFM IEC 2002-ARKG/UP
110;261307;PremiAir 004;4;;FERM+OUVER;0;0 BARS MAX;DOUBLE;10;IFM IS-5026
111;197820;PremiAir 004;4;;FERM+OUVER;0;0 BARS MAX;;10;IFM IS-5026
112;76140045/0120;ACTAIR 6 R1121 1;6;;FERM+OUVER;1;10 BARS MAX;DOUBLE;2;AMTROBOX
113;62 873404-1;Sigma F48-21114;220 mm;FMA;;;1-4 BARS MAX;SIMPLE;18;NC
114;D01A17520493;B1CU/20;20;;FERM+OUVER;1;8-3 BARS MAX;DOUBLE;25;IFM IFC 2002-ARKGIUP
115;9973749598/100;ACTAIR 3;3;;FERM+OUVER;1;8 BARS MAX;DOUBLE;2;Amtrobox
116;;ACTAIR;3;;FERM+OUVER;1;8 BARS MAX;DOUBLE;2;Amtrobox
117;;ACTAIR;3;;FERM+OUVER;1;8 BARS MAX;DOUBLE;2;Amtrobox
118;;ACTAIR;3;;FERM+OUVER;1;8 BARS MAX;DOUBLE;2;Amtrobox
119;;ACTAIR;3;;FERM+OUVER;1;8 BARS MAX;DOUBLE;2;Amtrobox
120;;ACTAIR;3;;FERM+OUVER;1;8 BARS MAX;DOUBLE;2;Amtrobox
121;;ACTAIR;3;;FERM+OUVER;1;0 BARS MAX;DOUBLE;2;Amtrobox
122;;ACTAIR;3;;FERM+OUVER;1;0 BARS MAX;DOUBLE;2;Amtrobox
123;;ACTAIR;3;;FERM+OUVER;1;8 BARS MAX;DOUBLE;2;Amtrobox
124;;ACTAIR;3;;FERM+OUVER;1;8 BARS MAX;DOUBLE;2;Amtrobox
125;;ACTAIR;3;;FERM+OUVER;1;8 BARS MAX;DOUBLE;2;Amtrobox
126;;SP3;;FMA;;1;8 BARS MAX;SIMPLE;21;NC
127;12/21459;DR 10-0;10;;;0;10 BARS MAX;DOUBLE;21;NC
128;12/21459;DR 10-0;10;;;0;10 BARS MAX;DOUBLE;21;NC
129;12/21459;DR 10-0;10;;;0;10 BARS MAX;DOUBLE;21;NC
130;12/21382;DR 10-0;10;;;0;10 BARS MAX;DOUBLE;21;NC
131;12/21459;DR 10-0;10;;;0;10 BARS MAX;DOUBLE;21;NC
132;11/21067;DR 10-0;10;;;0;10 BARS MAX;DOUBLE;21;NC
133;17/23713;DR 10-0 C11;;;;1;10 BARS MAX;DOUBLE;10;NC
134;17/23713;DR 10-0 C11;;;;1;10 BARS MAX;DOUBLE;10;NC
135;12/21530;DR 10-0;10;;;0;10 BARS MAX;DOUBLE;21;NC
136;17/23713;DR 10-0 C11;;;;1;10 BARS MAX;DOUBLE;10;NC
137;17/23713;DR 10-0 C11;;;;1;10 BARS MAX;DOUBLE;10;NC
138;D01A18410051;B1CU 6/15;6/15;FMA;FERM+OUVER;0;8-5 BARS MAX;DOUBLE;25;IFC 2002
139;F-12-217037-001-05;CAMFLEX II;152 mm;FMA;FERM+OUVER;;1-7 BARS MAX;SIMPLE;18;I 56
140;F-12-217037-001-06;CAMFLEX II;152 mm;FMA;FERM+OUVER;;1-7 BARS MAX;SIMPLE;18;I 56
141;F-12-217037-001-4;CAMFLEX II;152 mm;FMA;FERM+OUVER;;1-7 BARS MAX;SIMPLE;18;I 56
142;F-12-217037-001-3;CAMFLEX II;152 mm;FMA;FERM+OUVER;;1-7 BARS MAX;SIMPLE;18;I 56
143;F-12-217037-001-01;CAMFLEX II;152 mm;FMA;FERM+OUVER;;1-7 BARS MAX;SIMPLE;18;I 56
144;F-12-217037-001-02;CAMFLEX II;152 mm;FMA;FERM+OUVER;;1-7 BARS MAX;SIMPLE;18;I 56
145;61-837901-1;CAMFLEX II;152 mm;FMA;FERM+OUVER;;1-8 BARS MAX;SIMPLE;18;I 56
146;61-837901-2;CAMFLEX II 35-35202;152 mm;FMA;FERM+OUVER;;1-8 BARS MAX;SIMPLE;18;I 56
147;9972324707/100-01-13;ACTAIR 200;200;;FERM+OUVER;1;8 BARS MAX;DOUBLE;2;I 56
148;12/21530;DR 10-0;10;;;0;10 BARS MAX;DOUBLE;21;NC
149;;SNH ;25;FMA;;1;8 BARS MAX;SIMPLE;21;NC
150;;Maxflo MTLD;;OMA;;;1-4 BARS MAX;SIMPLE;22;NC
151;MTLD11A231A;Maxflo MTLD;SM2;OMA;;;1-4 BARS MAX;SIMPLE;22;NC
152;1B502T;Maxflo MTLD;SM2;OMA;;;1-4 BARS MAX;SIMPLE;22;NC
153;F-14-219853-001-1;Camflex II;152 mm;FMA;FERM+OUVER;;1-7 BARS MAX;SIMPLE;18;I 56
154;62-55711.2;Camflex II;114 mm;FMA;;1;1-4 BARS MAX;SIMPLE;18;NC
155;62.55711.1;CAMFLEX II;114 mm;FMA;FERMETURE;;1-4 BARS MAX;SIMPLE;18;MAISON/TELEM.
156;64-2133-01-1;CAMFLEX II;114 mm;FMA;;;1-4 BARS MAX;SIMPLE;18;NC
157;64-2133-01-3;CAMFLEX II;114 mm;FMA;;;1-4 BARS MAX;SIMPLE;18;NC
158;64-2133-01-2;CAMFLEX II;114 mm;FMA;;;1-4 BARS MAX;SIMPLE;18;NC
159;;0;;;;;0 BARS MAX;SIMPLE;27;NC
160;;0;;;;;0 BARS MAX;SIMPLE;27;NC
161;265362002/11;EDO 600.M1A00A0NO;;;FERM+OUVER;0;0 BARS MAX;DOUBLE;35;IFM IFT 203
162;265362006/11;EDO 600.M1A00A0NO;;;FERM+OUVER;0;0 BARS MAX;DOUBLE;35;IFM IFT 203
163;274746006/11;EDO 600.M1A00A0NO;;;FERM+OUVER;0;0 BARS MAX;DOUBLE;35;IFM IFT 203
164;265362001/11;EDO 600.M1A00A0NO;;;FERM+OUVER;0;0 BARS MAX;DOUBLE;35;IFM IFT 203
165;98187001013;DR 10-2 C11;;;FERM+OUVER;0;10 BARS MAX;DOUBLE;10;NC
166;97823003015;DR 10-2 C11;;;FERM+OUVER;0;10 BARS MAX;DOUBLE;10;NC
167;97823003041;DR 10-2 C11;;;FERM+OUVER;0;10 BARS MAX;DOUBLE;10;NC
168;97823003005;DR 10-2 C11;;;FERM+OUVER;0;10 BARS MAX;DOUBLE;10;NC
169;97823003009;DR 10-2 C11;;;FERM+OUVER;0;10 BARS MAX;DOUBLE;10;NC
170;97823003030;DR 10-2 C11;;;FERM+OUVER;0;10 BARS MAX;DOUBLE;10;NC 
171;97823003011;DR 10-2 C11;;;FERM+OUVER;0;10 BARS MAX;DOUBLE;10;NC
172;2155498;F89E-004;;;FERM+OUVER;0;8-3 BARS MAX;DOUBLE;17;NC
173;98112002006;DR 40-0 C19;;;FERM+OUVER;0;10 BARS MAX;DOUBLE;10;NC
174;97823003010;DR 10-2 C11;;;FERM+OUVER;0;10 BARS MAX;DOUBLE;10;NC
175;97823003039;DR 10-2 C11;;;FERM+OUVER;0;10 BARS MAX;DOUBLE;10;NC
176;97823003006;DR 10-2 C11;;;FERM+OUVER;0;10 BARS MAX;DOUBLE;10;NC
177;98187001019;DR 10-2 C11;;;FERM+OUVER;0;10 BARS MAX;DOUBLE;10;NC
178;97823003017;DR 10-2 C11;;;FERM+OUVER;0;10 BARS MAX;DOUBLE;10;NC
179;97823003031;DR 10-2 C11;;;FERM+OUVER;0;10 BARS MAX;DOUBLE;10;NC 
180;97823003012;DR 10-2 C11;;;FERM+OUVER;0;10 BARS MAX;DOUBLE;10;NC
181;2155496;F89E-004;;;FERM+OUVER;0;8-3 BARS MAX;DOUBLE;17;NC
182;96747006004;DR 40-0 C19;;;FERM+OUVER;0;10 BARS MAX;DOUBLE;10;NC
183;76218358/0111;ACTAIR 25;25;;FERM+OUVER;0;5 BARS MAX;DOUBLE;2;IS 5026
184;76218358/0111;ACTAIR 25;25;;FERM+OUVER;0;5 BARS MAX;DOUBLE;2;IS 5026
185;76218358/0111;ACTAIR 25;25;;FERM+OUVER;0;5 BARS MAX;DOUBLE;2;IS 5026
186;76218358/0111;ACTAIR 25;25;;FERM+OUVER;0;5 BARS MAX;DOUBLE;2;IS 5026
187;;EDO 600.M1A00A0NO;;;FERM+OUVER;0;0 BARS MAX;DOUBLE;35;IFM IFT203
188;265362005/11;EDO600.M1A00A0N0;;;FERM+OUVER;0;0 BARS MAX;DOUBLE;35;IFM IFT203
189;264563008/11;EDO 600.M1A00A0NO;;;FERM+OUVER;0;0 BARS MAX;DOUBLE;35;IFM IFT203
190;265362008/11;EDO 600.M1A00A0NO;;;FERM+OUVER;0;0 BARS MAX;DOUBLE;35;IFM IFT203
191;9973390599/900;ACTAIR;12;;FERM+OUVER;;8 BARS MAX;DOUBLE;2;AMTROBOX
192;;F89E-00601;;;FERM+OUVER;0;0 BARS MAX;DOUBLE;0;NC
193;;F89E-00601;;;FERM+OUVER;0;0 BARS MAX;DOUBLE;0;NC
194;;F89E-00601;;;FERM+OUVER;0;0 BARS MAX;DOUBLE;0;NC
195;;F89E-00601;;;FERM+OUVER;0;0 BARS MAX;DOUBLE;0;NC
196;;F89E-00301;;;FERM+OUVER;0;0 BARS MAX;DOUBLE;0;NC
197;;F89E-00301;;;FERM+OUVER;0;0 BARS MAX;DOUBLE;0;NC
198;573922;PREMIAIR 025;45;;FERM+OUVER;1;8 BARS MAX;DOUBLE;10;NC
199;;ACTAIR 12;;;FERM+OUVER;0;0 BARS MAX;DOUBLE;2;Amtrobox
200;860132;F79E;24;;FERM+OUVER;0;8 BARS MAX;DOUBLE;10;NC
201;18-24261;RC210-DA;11;OMA;;0;10 BARS MAX;DOUBLE;38;NC
202;19-24560;RC210-DA;11;;;0;10 BARS MAX;DOUBLE;38;NC
203;18-24261;RC210-DA;11;;;0;10 BARS MAX;DOUBLE;38;NC
204;18-24234;RC210-DA;11;;;0;10 BARS MAX;DOUBLE;38;NC
205;19-24560;RC210-DA;11;;;0;10 BARS MAX;DOUBLE;38;NC
206;18-24234;RC210-DA;11;;;0;10 BARS MAX;DOUBLE;38;NC
207;19-24560;RC210-DA;11;;;0;10 BARS MAX;DOUBLE;38;NC
208;19-24560;RC210-DA;11;;;0;10 BARS MAX;DOUBLE;38;NC
209;18-24234;RC210-DA;11;;;0;10 BARS MAX;DOUBLE;38;NC
210;;ACTAIR 12;;;FERM+OUVER;0;0 BARS MAX;DOUBLE;2;Amtrobox
211;O129166;F89E-020;20;;;0;10 BARS MAX;DOUBLE;10;NC
212;11/20410;DR 10-0;10;;;0;10 BARS MAX;DOUBLE;21;NC
213;11/20410;DR 10-0;10;;;0;10 BARS MAX;DOUBLE;21;NC
214;12/21382;DR 10-0;10;;;0;10 BARS MAX;DOUBLE;21;NC
215;12/21382;DR 10-0;10;;;0;10 BARS MAX;DOUBLE;21;NC
216;12/21382;DR 10-0;10;;;0;10 BARS MAX;DOUBLE;21;NC
217;11/20410;DR 10-0;10;;;0;10 BARS MAX;DOUBLE;21;NC
218;;4001 A;;;;0;7 BARS MAX;DOUBLE;0;NC
219;;;;;;0;;DOUBLE;33;NC
220;11/20410;DR 10-0;10;;;0;10 BARS MAX;DOUBLE;21;NC
221;11/20410;DR 10-0;10;;;0;10 BARS MAX;DOUBLE;21;NC
222;11/20410;DR 10-0;10;;;0;10 BARS MAX;DOUBLE;21;NC
223;;Régulactair;61 B;FMA;;1;3-9 BARS MAX;DOUBLE;2;NC
224;;ACTAIR 200;200;;FERM+OUVER;1;8 BARS MAX;DOUBLE;2;I 56
225;9972140750/0400;ACTAIR;200;;;1;8 BARS MAX;DOUBLE;2;NC
226;9972140750/0400;Actair 200 R1126;200;;FERM+OUVER;1;8 BARS MAX;DOUBLE;2;IFM IS 5884
227;9972324707/300;ACTAIR 200;200;;FERM+OUVER;1;8 BARS MAX;DOUBLE;2;I 56
228;9972140750/0400;ACTAIR 200;200;;FERM+OUVER;1;8 BARS MAX;DOUBLE;2;I 56
229;9972140750;ACTAIR 200;200;;FERM+OUVER;1;8 BARS MAX;DOUBLE;2;I 56
230;;Régulactair;61 B;FMA;;1;3-9 BARS MAX;DOUBLE;2;NC
231;9972140750/0400;ACTAIR ;200;;FERM+OUVER;1;8 BARS MAX;DOUBLE;2;I 56
232;R724 0210275;Régulactair;61 C;FMA;;1;3-9 BARS MAX;DOUBLE;2;NC
233;9973390599 700;ACTAIR ;100;;FERM+OUVER;1;8 BARS MAX;DOUBLE;2;I 56
234;R724 021C 281;Régulactair;61 C;FMA;;1;3-9 BARS MAX;DOUBLE;2;NC
235;9973390599 600;ACTAIR;100;;FERM+OUVER;1;8 BARS MAX;DOUBLE;2;I 56
236;;Régulactair;61 C;FMA;;1;3-9 BARS MAX;DOUBLE;2;NC
237;9972590077/300;ACTAIR 100;100;;FERM+OUVER;1;8 BARS MAX;DOUBLE;2;I 56
238;880255;Régulactair;31 B;FMA;;1;3-9 BARS MAX;DOUBLE;2;NC
239;9973390599 400;ACTAIR;100;;FERM+OUVER;1;8 BARS MAX;DOUBLE;2;I 56
240;380181;Régulactair;31 C;;;1;3-9 BARS MAX;DOUBLE;2;NC
241;9973390599/500;Actair;100;;FERM+OUVER;1;8 BARS MAX;DOUBLE;2;I 56
242;9972143670-04-12;ACTAIR 400;400;;FERM+OUVER;1;8 BARS MAX;DOUBLE;2;NC
243;9972591877-1-14;Actair 400;400;;FERM+OUVER;1;8 BARS MAX;DOUBLE;2;I 56
244;99722143670-04-12;ACTAIR 400;400;;FERM+OUVER;1;8 BARS MAX;DOUBLE;2;I 56
245;9972143670-04-12;ACTAIR 400;400;;FERM+OUVER;1;8 BARS MAX;DOUBLE;2;I 56
246;9972143670-04-12;ACTAIR 400;400;;FERM+OUVER;1;8 BARS MAX;DOUBLE;2;I 56
247;V371120;Régulactair;101 B;;;1;0 BARS MAX;DOUBLE;2;NC
248;83721;Régulactair;61 B;;FERM+OUVER;1;3-9 BARS MAX;DOUBLE;2;NC
249;9973390599/100;ACTAIR;200;;FERM+OUVER;1;8 BARS MAX;DOUBLE;2;I 56
250;R72383781;Régulactair;61 B;;FERM+OUVER;1;3-9 BARS MAX;DOUBLE;2;NC
251;9973390599/300;Actair;200;;FERM+OUVER;1;8 BARS MAX;DOUBLE;2;I 56
252;9973390599/200;Actair;100;;FERM+OUVER;1;8 BARS MAX;DOUBLE;2;I 56
253;76011971/0120;ACTAIR 100;100;;FERM+OUVER;;3-6 BARS MAX;DOUBLE;2;NC
254;9973390599/800;Actair;100;;FERM+OUVER;1;8 BARS MAX;DOUBLE;2;I 56
255; ;Régulactair 401 B;401B;;FERM+OUVER;;3-9 BARS MAX;DOUBLE;2;I 56
256;F-15-221168-001-1;Camflex II;178 mm;FMA;FERM+OUVER;;2-8 BARS MAX;SIMPLE;18;I 56
257;7124005010;RC220-DA;;;;0;10 BARS MAX;DOUBLE;38;NC
258;76045403/0320;ACTAIR;50;;;1;10 BARS MAX;DOUBLE;2;NC
259;;Actair;25;;FERM+OUVER;1;8 BARS MAX;DOUBLE;2;I 56
260;F-15-221168-002-01;Camflex II;"152 mm (6"")";OMA;FERM+OUVER;;1-4 BARS MAX;SIMPLE;18;I 56
261;EU03267209;1052;40;OMA;;;4-5 BARS MAX;SIMPLE;12;NC
262;63-541503-1;SIGMA;;OMA;;;1-4 BARS MAX;SIMPLE;18;NC
263;EU03267209;1052;40;OMA;;;4-5 BARS MAX;SIMPLE;12;NC
264;05-190620;ACTAIR;400;;;1;;DOUBLE;2;NC
265;TCV;840 H;250;FMA;;1;5 BARS MAX;SIMPLE;4;NC
266;62-8734-01-1;CAMFLEX II;178 mm;FMA;;;2-1 BARS MAX;SIMPLE;18;NC
267;;796-012;12;;FERM+OUVER;1;5-5 BARS MAX;DOUBLE;10;SWITCH MILTAC
268;;VERIN;;;FERM+OUVER;0;6 BARS MAX;DOUBLE;24;TELEMECA XCKM
269;;VERIN;;;FERM+OUVER;0;6 BARS MAX;DOUBLE;24;TELEMECA XCKM
270;;VERIN;;;FERM+OUVER;0;6 BARS MAX;DOUBLE;24;TELEMECA XCKM
271;09/18537;DR 10-0;;;;1;0 BARS MAX;DOUBLE;21;NC
272;00/3340;SR 20-04;;;;1;10 BARS MAX;DOUBLE;21;NC
273;76135433/0120;ACTAIR R1123 1;25;;;1;10 BARS MAX;DOUBLE;2;NC
274;;;;;;;;;0;NC
275;;;;;;;;;0;NC
276;;;;;;;;;0;NC
277;;;;;;;;;0;NC
278;;796 002;;;;1;5-5 BARS MAX;DOUBLE;10;NC
279;;S60/12;12;FMA;;1;8 BARS MAX;SIMPLE;21;NC
280;0297/246341 008;S60/12;12;FMA;;0;8 BARS MAX;SIMPLE;21;NC
281;1296/233108 020;S60/12;12;FMA;;0;8 BARS MAX;SIMPLE;21;NC
282;1296/236642 003;S60/12;12;FMA;;0;8 BARS MAX;SIMPLE;21;NC
283;6301417;DP3;3;;;1;8 BARS MAX;DOUBLE;21;NC
284;;DP3;3;;;1;8 BARS MAX;DOUBLE;21;NC
285;197815;PemiAir 004;4;;FERM+OUVER;0;0 BARS MAX;DOUBLE;10;IFM IS-5026
286;;F79E-006M;;;;0;8 BARS MAX;;10;NC
287;;F79E-006M;;;;0;8 BARS MAX;;10;NC
288;;F79E-006M;;;;0;8 BARS MAX;;10;NC
289;;F79E-006M;;;;0;8 BARS MAX;;10;NC
290;726038;F79E-006M;;;;1;8 BARS MAX;;10;NC
291;;F89E-004;;;;0;0 BARS MAX;DOUBLE;0;NC
292;;;;;;;8 BARS MAX;;10;NC
293;24918;796003;3;;;1;7 BARS MAX;DOUBLE;10;NC
294;;;;;;;8 BARS MAX;;10;NC
295;;796 002;2;;;;8-3 BARS MAX;DOUBLE;10;NC
296;;0;;;;1;8 BARS MAX;;10;NC
297;;F79E-006M;6;;FERM+OUVER;1;8 BARS MAX;DOUBLE;10;Micro switch
298;;F79E-006M;;;;0;8 BARS MAX;;10;NC
299;;F79E-006M;;;;0;8 BARS MAX;;10;NC
300;;F79E-006M;;;;0;8 BARS MAX;;10;NC
301;;F79E-006M;;;;0;8 BARS MAX;;10;NC
302;;F79E-006M;;;;1;8 BARS MAX;;10;NC
303;;Régulactair 31C;;FMA;;;3-12 BARS MAX;DOUBLE;2;NC
304;9972324707/900;ACTAIR R1121;6;;FERM+OUVER;1;8 BARS MAX;DOUBLE;2;NC
305;5430801006;RC210-DA;;;;0;10 BARS MAX;DOUBLE;21;NC
306;;4001 A;;;;0;0 BARS MAX;DOUBLE;20;NC
307;;VERIN;;;FERM+OUVER;0;6 BARS MAX;DOUBLE;24;TELEMECA XCKM
308;76140045/0120;ACTAIR 6 R1121 1;6;;FERM+OUVER;1;10 BARS MAX;DOUBLE;2;AMTROBOX
309;;796 002;2;;;0;8 BARS MAX;DOUBLE;10;NC
310;;;;;;;;;0;NC
311;;;;;;;;;0;NC
312;;Régulactair 61B;61 B;;FERM+OUVER;;3-5 BARS MAX;DOUBLE;2;NC
313;88338005003;RC250-DA;F10/12-19;;;0;0 BARS MAX;DOUBLE;38;NC
314;;;;;;;;;0;NC
315;64-2111-01-1;CAMFLEX II;114 mm;FMA;;;1-4 BARS MAX;SIMPLE;18;NC
316;64-2111-01-02;CAMFLEX II;114 mm;FMA;;;1-4 BARS MAX;SIMPLE;18;NC
317;64-6656-01-1;SIGMA;;FMA;;;2-1 BARS MAX;SIMPLE;18;NC
318;558807-1;VARIMAX ATA;3;FMA;FERM+OUVER;1;2-5 BARS MAX;SIMPLE;18;496257
319;62-153001-1;SIGMA F;;FMA;;;1-4 BARS MAX;SIMPLE;18;NC
320;62-153001-2;SIGMA F;;FMA;;;1-4 BARS MAX;SIMPLE;18;NC
321;62-153001-3;SIGMA F;;FMA;;;1-4 BARS MAX;SIMPLE;18;NC
322;;MSDIII480-70RA;;;;1;7 BARS MAX;DOUBLE;4;NC
323;A9600741;SC/V;;FMA;;1;7 BARS MAX;DOUBLE;4;NC
324;F-15-221168-003-01;VARIPAK;;FMA;;1;2-1 BARS MAX;SIMPLE;18;NC
325;16-0147-01-1;VARIPAK;;FMA;;;2-1 BARS MAX;SIMPLE;18;NC
326;64-9366-01-1;VARIPAK;;FMA;;;2-1 BARS MAX;SIMPLE;18;NC
327;F-23-000155;VARIPAK;;FMA;;1;2 BARS MAX;SIMPLE;18;NC
328;CW 20316/01;CV 600 - 10R;;FMA;;1;5-5 BARS MAX;SIMPLE;5;NC
329;594313;PemiAir 025;25;OMA;FERM+OUVER;1;5-5 BARS MAX;SIMPLE;10;SPDT MICROSWITCH
330;153775;PemiAir 025;25;OMA;FERM+OUVER;1;8-3 BARS MAX;SIMPLE;10;SPDT MICROSWITCH
331;521533;PemiAir 025;25;OMA;FERM+OUVER;1;5-5 BARS MAX;SIMPLE;10;SPDT MICROSWITCH
332;459122;PemiAir 025;25;OMA;FERM+OUVER;0;0 BARS MAX;SIMPLE;10;NC
333;9523070011;ES65/A/N5;;OMA;;0;10 BARS MAX;SIMPLE;9;NC
334;64-9532-01-1;CAMFLEX II;114 mm;FMA;;;1-4 BARS MAX;SIMPLE;18;NC
335;63 541502-1;Sigma F48-21114;220 mm;OMA;;;1-4 BARS MAX;SIMPLE;18;NC
336;;BC 6/20;6;;;1;8-3 BARS MAX;DOUBLE;25;NC
337;K01A12381884;B1CU6/25;6/25;;;1;8-3 BARS MAX;DOUBLE;25;NC
338;68857;R1 110;;OMA;;0;;SIMPLE;1;NC
339;94283;R1 110;;OMA;;0;;SIMPLE;1;NC
340;7802089;SP 15;15;;;1;8 BARS MAX;;21;NC
341;7802093;SP 15;15;;;1;8 BARS MAX;;21;NC
342;7802092;SP 15;15;;;1;8 BARS MAX;;21;NC
343;A23947SE-01;SC/V;;FMA;;0;7 BARS MAX;DOUBLE;4;NC
344;68928;M 160;;OMA;;0;;SIMPLE;1;NC
345;68927;M 160;;OMA;;0;;SIMPLE;1;NC
346;20447;;;OMA;;1;1-4 BARS MAX;SIMPLE;22;NC
347;;;;;;;;;0;NC
348;;;;;;;;;21;NC
349;PAS DE PLAQUE;SP 28;28;FMA;;1;8 BARS MAX;SIMPLE;21;NC
350;71001255;SP 28;28;FMA;;1;8 BARS MAX;SIMPLE;21;NC
351;71500600;SP 75;75;FMA;;1;8 BARS MAX;SIMPLE;21;NC
352;9525740017;PE750/A/N12;;FMA;;0;10 BARS MAX;SIMPLE;0;NC
353;05/12294;SR60-6/5;60;FMA;FERM+OUVER;0;10 BARS MAX;SIMPLE;21;LIMITBOX P6
354;82436;PremiAir 009;9;;FERM+OUVER;0;;DOUBLE;10;IFM IS-5026
355;457256;PremiAir 045;45;OMA;FERM+OUVER;1;5-5 BARS MAX;SIMPLE;10;NC
356;271281;790-024S;24;OMA;FERM+OUVER;1;5-5 BARS MAX;SIMPLE;10;IFM IS-5026
357;76286;F89E-020 SR08;20;OMA;FERM+OUVER;1;5-5 BARS MAX;SIMPLE;10;IFM IS-5026
358;;B1JVAU10/20;;OMA;FERM+OUVER;;0 BARS MAX;SIMPLE;0;NC
359;;B1JVAU10/20;;OMA;FERM+OUVER;0;0 BARS MAX;SIMPLE;0;NC
360;;B1JVAU10/20;;OMA;FERM+OUVER;0;0 BARS MAX;SIMPLE;0;NC
361;;B1JVAU10/20;;OMA;FERM+OUVER;0;0 BARS MAX;SIMPLE;0;NC
362;;B1JVAU10/20;;OMA;FERM+OUVER;0;0 BARS MAX;SIMPLE;0;NC
363;;B1JVAU10/20;;OMA;FERM+OUVER;0;0 BARS MAX;SIMPLE;0;NC
364;K01A12381773;B1CU6/25;6/25;;FERM+OUVER;1;8-3 BARS MAX;DOUBLE;25;SOLAR SR33B5HDN
365;268046;976-090S;90;OMA;FERM+OUVER;1;5-5 BARS MAX;SIMPLE;10;IFM IS-5026
366;271284;976-090S;90;OMA;FERM+OUVER;1;5-5 BARS MAX;SIMPLE;10;IFM IS-5026
367;;BJA 10/40;10/40;OMA;;;8-3 BARS MAX;SIMPLE;25;NC
368;9973719748/200;Dynactair;25;OMA;FERM+OUVER;1;8 BARS MAX;SIMPLE;2;AMTROBOX
369;9973719748/200;Dynactair;25;OMA;FERM+OUVER;1;8 BARS MAX;SIMPLE;2;AMTROBOX (IS5026)
370;9973719748/200;Dynactair;25;OMA;FERM+OUVER;1;8 BARS MAX;SIMPLE;2;AMTROBOX (IS5026)
371;;;;;;;;;0;NC
372;;;;;;;;;0;NC
373;;;;;;;;;0;NC
374;;;;;;;;;0;NC
375;;;;;;;;;0;NC
376;;;;;;;;;0;NC
377;;;;;;;;;0;NC
378;76048avr.-00452/0120;ACTAIR R1120 1;3;;;0;10 BARS MAX;DOUBLE;26;NC
379;76109407/0320;ACTAIR  R1122 1;12;;;0;10 BARS MAX;DOUBLE;2;NC
380;76048452/0120;ACTAIR R1120 1;3;;;0;10 BARS MAX;DOUBLE;26;NC
381;76048483/320;ACTAIR 12;12;;;1;10 BARS MAX;DOUBLE;2;NC
382;62-5370-02-2;Camflex II;152 mm;FMA;;;1-4 BARS MAX;SIMPLE;18;NC
383;T5540;MAXFLO MTRD;SM3;OMA;;;3 BARS MAX;SIMPLE;22;NC
384;760177,258333333;ACTAIR 6;6;;;1;10 BARS MAX;DOUBLE;2;NC
385;D01A12070531;B1JAU8/35;35;OMA;;1;8 BARS MAX;SIMPLE;25;NC
386;D01A12070529;B1JAU8/35;35;OMA;;1;8 BARS MAX;SIMPLE;25;NC
387;63-5415-06-1;CAMFLEX II ;152 mm;FMA;;;1-4 BARS MAX;SIMPLE;18;NC
388;76109 407/0220;ACTAIR 25 R1123 1;;FMA;;;0 BARS MAX;DOUBLE;2;NC
389;234997;790-024;24;;;1;10 BARS MAX;DOUBLE;10;NC
390;D01A12070530;B1JAU8/35;35;OMA;;1;8 BARS MAX;SIMPLE;25;NC
391;761091407/0120;ACTAIR 25 R1123 1;;FMA;;1;2-5 BARS MAX;DOUBLE;2;NC
392;;BC 6/25;6;;;1;8-3 BARS MAX;DOUBLE;25;NC
393;;BC 12/25;12/25;;;1;10 BARS MAX;DOUBLE;25;NC
394;76045403/0320;ACTAIR;25;;;1;10 BARS MAX;DOUBLE;2;NC
395;4011;E 400;;;;0;;SIMPLE;23;NC
396;652707;PremiAir 004;4;;;0;0 BARS MAX;DOUBLE;10;NC
397;416641;PremiAir;4;;;0;0 BARS MAX;DOUBLE;10;NC
398;;BC 12/25;12;;FERM+OUVER;0;10 BARS MAX;DOUBLE;25;NC
399;76048483/0120;ACTAIR R11211;6;;;0;10 BARS MAX;DOUBLE;2;NC
400;;Série 1121;;;FERM+OUVER;1;6 BARS MAX;DOUBLE;15;XS618B1MAL2
401;34203;791282-2230;;FMA;;1;0 BARS MAX;DOUBLE;19;NC
402;;BCM 16/55;16;;;1;0 BARS MAX;DOUBLE;25;NC
403;;ACTAIR;3;;FERM+OUVER;1;8 BARS MAX;DOUBLE;2;IS 5026
404;;ACTAIR ;3;;FERM+OUVER;1;8 BARS MAX;DOUBLE;2;IS 5026
405;;ACTAIR;6;;FERM+OUVER;1;8 BARS MAX;DOUBLE;2;IS 5026
406;;ACTAIR ;3;;FERM+OUVER;1;8 BARS MAX;DOUBLE;2;IS 5026
407;R1122;ACTAIR;12;;FERM+OUVER;1;8 BARS MAX;DOUBLE;2;IS 5026
408;;ACTAIR;12;;FERM+OUVER;1;8 BARS MAX;DOUBLE;2;IS 5026
409;;ACTAIR;6;;FERM+OUVER;1;8 BARS MAX;DOUBLE;2;IS 5026
410;;ACTAIR;6;;FERM+OUVER;1;8 BARS MAX;DOUBLE;2;IS 5026
411;;ACTAIR;6;;FERM+OUVER;1;8 BARS MAX;DOUBLE;2;IS 5026
412;;ACTAIR;6;;FERM+OUVER;1;8 BARS MAX;DOUBLE;2;IS 5026
413;71000954;DP;1;;;1;8 BARS MAX;DOUBLE;21;NC
414;7100928;DP;1;;;1;8 BARS MAX;DOUBLE;21;NC
415;9972140750/0700;ACTAIR 25;25;;;1;8 BARS MAX;DOUBLE;2;NC
416;D01A11020562;B1CU13/55;13;;;1;8-3 BARS MAX;DOUBLE;25;NC
417;K01A12381660;B1CU6/25;6;OMA;;1;8-3 BARS MAX;SIMPLE;25;NC
418;F-12-215682-004-01;Camflex II;152 mm;FMA;;;1-4 BARS MAX;SIMPLE;18;NC
419;D01A15111947;B1CU;13/25;;FERM+OUVER;1;8-3 BARS MAX;DOUBLE;25;EN33A050M
420;;ACTAIR;12;;FERM+OUVER;1;8 BARS MAX;DOUBLE;2;IS 5026
421;;ACTAIR;12;;FERM+OUVER;1;8 BARS MAX;DOUBLE;2;IS 5026
422;;ACTAIR;3;;FERM+OUVER;1;8 BARS MAX;DOUBLE;2;IS 5026
423;;ACTAIR;3;;FERM+OUVER;1;8 BARS MAX;DOUBLE;2;IS 5026
424;;ACTAIR;6;;FERM+OUVER;1;8 BARS MAX;DOUBLE;2;IS 5026
425;;ACTAIR;6;;FERM+OUVER;1;8 BARS MAX;DOUBLE;2;IS 5026
426;;ACTAIR;6;;FERM+OUVER;1;8 BARS MAX;DOUBLE;2;IS 5026
427;;ACTAIR;6;;FERM+OUVER;1;8 BARS MAX;DOUBLE;2;IS 5026
428;76048483/0220;ACTAIR 100 R1125.1;100;;;1;10 BARS MAX;DOUBLE;2;NC
429;359213;BCM 12/25;12;;;;10 BARS MAX;DOUBLE;25;NC
430;RH01121 111011;ACTAIR 6;6;;;1;10 BARS MAX;DOUBLE;2;NC
431;9972324707/400;ACTAIR 100;100;;FERM+OUVER;1;8 BARS MAX;DOUBLE;2;AMTROBOX
432;9972324707/400;ACTAIR 100;100;;FERM+OUVER;1;8 BARS MAX;DOUBLE;2;AMTROBOX
433;;Actair ;50;;FERM+OUVER;1;8 BARS MAX;DOUBLE;2;Amtrobox
434;;Actair;50;;FERM+OUVER;1;8 BARS MAX;DOUBLE;2;Amtrobox
435;;BC 16/40;16;FMA;FERM+OUVER;1;10 BARS MAX;DOUBLE;25;NC
436;;régulactair;;;;1;0 BARS MAX;DOUBLE;2;NC
437;;BC1U 13/25E;13;;;1;3 BARS MAX;DOUBLE;25;NC
438;D01A12170492;B1CU13/35;13/35;;;1;8 BARS MAX;DOUBLE;25;NC
439;D60901-01;840 H;250;FMA;FERM+OUVER;1;5 BARS MAX;SIMPLE;4;Honeywell
440;641160;F79D-003M;3;;;0;10 BARS MAX;DOUBLE;10;NC
441;F-12-215682-001-05;CAMFLEX II;114 mm;FMA;;1;1-4 BARS MAX;SIMPLE;18;NC
442;729672;F79D-003M;3;;;;;;0;NC
443;F-12-215682-001-06;CAMFLEX II;114 mm;FMA;;1;1-4 BARS MAX;SIMPLE;18;NC
444;;;;;;;;;0;NC
445;F-12-215682-001-03;CAMFLEX II;114 mm;FMA;;1;1-4 BARS MAX;SIMPLE;18;NC
446;;;;;;;;;0;NC
447;F-12-215682-001-04;CAMFLEX II;114 mm;FMA;;1;1-4 BARS MAX;SIMPLE;18;NC
448;;;;;;;;;0;NC
449;F-12-215682-001-01;CAMFLEX II;114 mm;FMA;;1;1-4 BARS MAX;SIMPLE;18;NC
450;F-12-215682-001-02;CAMFLEX II;114 mm;FMA;;1;1-4 BARS MAX;SIMPLE;18;NC
451;F-13-218071-001-01;CAMFLEX II;;FMA;;1;1-4 BARS MAX;SIMPLE;18;NC
452;F-13-218071-001-02;CAMFLEX II;;FMA;;1;1-4 BARS MAX;SIMPLE;18;NC
453;F-13-218071-001-03;CAMFLEX II;;FMA;;1;1-4 BARS MAX;SIMPLE;18;NC
454;641167;F79D-003M;3;;;0;10 BARS MAX;DOUBLE;10;NC
455;F-12-217061-001-1;VARIPAK;;FMA;;;2-1 BARS MAX;SIMPLE;18;NC
456;S0353432003VEN;B1CM9/35Z;9;;FERM+OUVER;;;DOUBLE;25;Boitier NI 7201/XS
457;;SPLD;;;;1;5 BARS MAX;DOUBLE;0;IFM IS-5026
458;;B1CM13/55Z;13;;FERM+OUVER;;8 BARS MAX;DOUBLE;25;Boitier NI 7201/XS
459;;SPLD;;;;1;5 BARS MAX;DOUBLE;0;IFM IS-5026
460;50353432002VEN;B1CM13/55Z;13;;FERM+OUVER;;;DOUBLE;25;Boitier NI 7201/XS
461;;SPLD;;;;1;5 BARS MAX;DOUBLE;0;IFM IS-5026
462;50353432001VEN;BC1CM17/55Z;17;;FERM+OUVER;;8-5 BARS MAX;DOUBLE;25;Boitier NI 7201/XS
463;;SPLD;;;;1;5 BARS MAX;DOUBLE;0;IFM IS-5026
464;;B1CM13/55Z;13;;FERM+OUVER;;8 BARS MAX;DOUBLE;25;Boitier NI 7201/XS
465;;0;;;FERM+OUVER;1;0 BARS MAX;DOUBLE;6;IFM IS-5026
466;;B1CM13/55Z;13;;FERM+OUVER;;8 BARS MAX;DOUBLE;25;Boitier NI 7201/XS
467;;;;;FERM+OUVER;1;;DOUBLE;6;IFM IS-5026
468;K01A07382239;B1CU 6/25;6/25;;;1;8-3 BARS MAX;DOUBLE;25;NC
469;K01A07382280;B1CU 6/25;6/26;;;1;8-3 BARS MAX;DOUBLE;25;NC
470;;Minitork II;;FMA;;1;;SIMPLE;18;NC
471;A01A19041807;B1JAU10/40;10/40;OMA;FERM+OUVER;1;8-5 BARS MAX;SIMPLE;25;I/56
472;F-12-215682-002-1;CAMFLEX II;178 mm;OMA;;;2-1 BARS MAX;SIMPLE;18;NC
473;;;;;;;;;0;NC
474;F-12-215682-003-1;CAMFLEX II;178 mm;OMA;;;2-1 BARS MAX;SIMPLE;18;NC
475;;;;;;;;;0;NC
476;;BC 16/55;16;;;1;10 BARS MAX;DOUBLE;25;NC
477;T 5539;MAXFLO;SM3;OMA;;;3 BARS MAX;SIMPLE;22;NC
478;76011971/0220;ACTAIR 25;25;;;1;10 BARS MAX;DOUBLE;2;NC
479;K01A12381885;B1CU6/25;6/25;;;1;8-3 BARS MAX;DOUBLE;25;NC
480;K01A12381883;B1CU6/25;6/25;;;1;8-3 BARS MAX;DOUBLE;25;NC
481;;;;;;;;;0;NC
482;T5549;MAXFLO MTPD;SM3;OMA;;;0 BARS MAX;SIMPLE;22;NC
483;T 5551;MAXFLO;SM3;OMA;;;3 BARS MAX;SIMPLE;22;NC
484;T 5550;MAXFLO;SM3;OMA;;;3 BARS MAX;SIMPLE;22;NC
485;D01A095 1026;B1CU 11/40;40;FMA;;1;8 BARS MAX;DOUBLE;25;NC
486;C0022575;B1JARU 8/25;8/25;OMA;FERM+OUVER;1;8-5 BARS MAX;SIMPLE;25;I/56
487;;BC 12/25;12;;;1;10 BARS MAX;DOUBLE;25;NC
488;06-410101-1;Minitork II;445;FMA;;;2-4 BARS MAX;SIMPLE;18;NC
489;62-5370-02-1;Camflex II;152 mm;FMA;;;1-4 BARS MAX;SIMPLE;18;NC
490;82422;PremiAir 009;9;;FERM+OUVER;1;;DOUBLE;10;IS 5026
491;92571/001/2;10/35;10;;;1;10 BARS MAX;DOUBLE;25;NC
492;;B1JVAU8/25;;OMA;FERM+OUVER;;0 BARS MAX;SIMPLE;0;NC
493;350732;F79E-024M;24;OMA;;1;5-5 BARS MAX;SIMPLE;10;NC
494;;BC 6/15;6;;;1;8-3 BARS MAX;DOUBLE;25;NC
495;;BCM 12/25;;;;0;0 BARS MAX;DOUBLE;25;NC
496;350714;F79E-024M;24;FMA;;1;5-5 BARS MAX;SIMPLE;10;NC
497;D01A12210274;B1CU13/55;13/55;;;1;8-3 BARS MAX;DOUBLE;25;NC
498;;Régulactair 61c;61 C;;;0;3-6 BARS MAX;DOUBLE;2;NC
499;;STI SC/V 200-65;200;;;1;0 BARS MAX;DOUBLE;4;NC
500;380629;Régulactair 31C;31 C;;;1;3 BARS MAX;DOUBLE;2;NC
501;16493313;SNH 60/12;60/12;FMA;;1;8 BARS MAX;SIMPLE;21;NC
502;9511/164933-017;SNH 60/12;;FMA;;1;8 BARS MAX;SIMPLE;21;NC
503;;0;15;FMA;FERMETURE;0;0 BARS MAX;SIMPLE;0;NC
504;;;;;;;;;0;NC
505;;;15;FMA;;0;8 BARS MAX;SIMPLE;21;NC
506;;;;;;;;;0;NC
507;;;;;;;;;0;NC
508;;;;;;;;;0;NC
509;;F89E-032 DA;32;;FERM+OUVER;0;8 BARS MAX;DOUBLE;10;TVF-N2WGNMM00000N031
510;;F79E-036M;36;;FERM+OUVER;0;8 BARS MAX;DOUBLE;10;IFM V3 NAMUR
511;;FIG VPZZ600T1;150;;FERM+OUVER;1;5 BARS MAX;DOUBLE;6;IFM IS-5026
512;;B1CU17/55;;;FERM+OUVER;0;0 BARS MAX;DOUBLE;0;NC
513;D01A18410953;B1CU 11/40;11/40;FMA;FERM+OUVER;0;8-5 BARS MAX;DOUBLE;25;NC
514;R744 88721;Régulactair 101C;;;;;3-12 BARS MAX;DOUBLE;2;NC
515;J01A21510826;B1CU13/55;13/55;;;;0 BARS MAX;;25;NC
516;J01A22010342;B1CU13/55;13/55;;;;0 BARS MAX;;25;NC
517;J01A21510817;B1CU13/55;13/55;;;;0 BARS MAX;;25;NC
518;J01A22010334;B1CU13/55;13/55;;;;0 BARS MAX;;25;NC
519;J01A21510818;B1CU13/55;13/55;;;;0 BARS MAX;;25;NC
520;02-4848-01-1;CAMFLEX II 35-35202;"114 mm (4""1/2)";FMA;;;1-8 BARS MAX;SIMPLE;0;NC
521;;CAMFLEX II 35-35202;"114 mm (4""1/2)";FMA;;;1-8 BARS MAX;SIMPLE;0;NC
522;S/NO 3416638;PremiAIr 004;4;;;1;8-5 BARS MAX;DOUBLE;10;NC
523;S/NO 3416638;PremiAIr 004;4;;;1;8-5 BARS MAX;DOUBLE;10;NC
524;S/NO 3416638;PremiAIr 004;4;;;0;8 BARS MAX;DOUBLE;10;NC
525;S/NO 3416638;PremiAIr 004;4;;;0;8 BARS MAX;DOUBLE;10;NC
526;418319;796 002;2;;;1;8 BARS MAX;DOUBLE;10;NC
527;D01A18380487;B1CU 6/15;6/15;FMA;FERM+OUVER;0;8-5 BARS MAX;DOUBLE;25;NC
528;;;;;;;;;0;NC
529;;796 002;;;;0;7 BARS MAX;DOUBLE;10;NC
530;;796 002;;;;0;7 BARS MAX;DOUBLE;10;NC
531;;796 002;;;;;;;10;NC
532;;760 002;;;;;7 BARS MAX;DOUBLE;10;NC
533;;760 002;;;;;7 BARS MAX;DOUBLE;10;NC
534;S/NO 3416638;PremiAIr 004;4;;;1;8-5 BARS MAX;DOUBLE;10;NC
535;S/NO 3416638;PremiAIr 004;4;;;1;8-5 BARS MAX;DOUBLE;10;NC
536;S/NO 3416638;PremiAIr 004;4;;;;8 BARS MAX;DOUBLE;10;NC
537;S/NO 3416638;PremiAir 004;4;;;0;8 BARS MAX;DOUBLE;10;NC
538;305896;F79E-006M;6;;;1;8 BARS MAX;DOUBLE;10;NC
539;97647;F89E-052-NO;52;;FERM+OUVER;0;10 BARS MAX;DOUBLE;10;NC
540;;796-036;36;;FERM+OUVER;0;10 BARS MAX;DOUBLE;10;IFM IS-5026
541;;796-024;;;FERM+OUVER;0;10 BARS MAX;DOUBLE;10;NC
542;67420;F79E-065;65;FMA;FERM+OUVER;1;8 BARS MAX;DOUBLE;10;IFM
543;;796-036;36;;FERM+OUVER;0;10 BARS MAX;DOUBLE;10;IFM IS-5026
544;;796-036;;;FERM+OUVER;0;10 BARS MAX;DOUBLE;10;NC
545;;796-036;;;FERM+OUVER;0;10 BARS MAX;DOUBLE;10;NC
546;;796-036;36;;FERM+OUVER;0;10 BARS MAX;DOUBLE;10;IFM IS-5026
547;49284;F79E-036;36;FMA;FERM+OUVER;1;8 BARS MAX;DOUBLE;10;IFM
548;;796-024;24;;OUVERTURE;0;8 BARS MAX;DOUBLE;10;IFM IS-5026
549;;796-024;24;;FERM+OUVER;0;8 BARS MAX;DOUBLE;10;IFM IS-5026
550;;;;;;;;;0;NC
551;49291;F79E-036;36;FMA;FERM+OUVER;1;8 BARS MAX;DOUBLE;10;IFM
552;;796-024;24;;FERM+OUVER;0;8 BARS MAX;DOUBLE;10;IFM IS-5026
553;222301;F89E-020;20;;FERM+OUVER;0;8 BARS MAX;DOUBLE;10;IFM IS-5026
554;;796-024;24;;FERM+OUVER;0;8 BARS MAX;DOUBLE;10;IFM IS-5026
555;;F79E-024M;24;;FERM+OUVER;0;10 BARS MAX;DOUBLE;10;IFM IS-5026
556;129242;F89E-020;20;;FERM+OUVER;0;10 BARS MAX;DOUBLE;10;Tyco IFM IS- 5026
557;347940;79E 36M;36;;;1;8 BARS MAX;DOUBLE;10;IFM
558;;796-036;;;FERM+OUVER;0;10 BARS MAX;DOUBLE;10;NC
559;;796-036;36;;FERM+OUVER;0;10 BARS MAX;DOUBLE;10;IFM IS-5026
560;;796-036;;;FERM+OUVER;0;10 BARS MAX;DOUBLE;10;NC
561;;796-036;36;;FERM+OUVER;0;8 BARS MAX;DOUBLE;10;IFM IS-5026
562;;796-036;36;;FERM+OUVER;0;10 BARS MAX;DOUBLE;10;IFM IS-5026
563;;796-036;36;;FERM+OUVER;0;10 BARS MAX;DOUBLE;10;IFM IS-5026
564;354835;F79E-036M;36;;FERM+OUVER;0;10 BARS MAX;DOUBLE;10;IFM IS-5026
565;781038;79E-06501XXOPM00;65;;FERM+OUVER;1;8 BARS MAX;DOUBLE;10;IFM IS-5026
566;;796-024;24;;FERM+OUVER;0;8 BARS MAX;DOUBLE;10;IFM IS-5026
567;49281;F79E-036;36;FMA;FERM+OUVER;1;8 BARS MAX;DOUBLE;10;IFM
568;;796-024;24;;FERM+OUVER;0;10 BARS MAX;DOUBLE;10;IFM IS-5026
569;;796-024;24;;FERM+OUVER;0;8 BARS MAX;DOUBLE;10;IFM IS-5026
570;;F79E;24;;FERM+OUVER;0;8 BARS MAX;DOUBLE;10;HK-14
571;;796-024;24;;FERM+OUVER;0;8 BARS MAX;DOUBLE;10;IFM IS-5026
572;;796-024;24;;FERM+OUVER;0;10 BARS MAX;DOUBLE;10;IFM IS-5026
573;359135;F79E-024M;24;;FERM+OUVER;0;10 BARS MAX;DOUBLE;10;IFM IS-5026
574;747577;F79E-036M;36;;FERM+OUVER;0;10 BARS MAX;DOUBLE;10;Tyco IFM IS- 5026
575;T4005753599,01;B1CU 6/15;6/15;FMA;;0;6 BARS MAX;DOUBLE;25;QN2NK05HDM
576;T40057536011;B1CU 6/15;6/15;FMA;FERM+OUVER;0;6 BARS MAX;DOUBLE;25;QN2NK05HDM
577;T40057536021;B1CU 6/15;6/15;FMA;FERM+OUVER;0;6 BARS MAX;DOUBLE;25;QN2NK05HDM
578;T40057536031;B1CU 6/15;6/15;FMA;FERM+OUVER;0;6 BARS MAX;DOUBLE;25;QN2NK05HDM
579;T4005753604,01;B1CU 6/15;6/15;FMA;FERM+OUVER;0;6 BARS MAX;DOUBLE;25;QN2NK05HDM
580;;;>125;;;;5-7 BARS MAX;;24;NC
581;;;>125;;;;5-7 BARS MAX;;24;NC
582;;;;;;;;;0;NC
583;;;;;;;;;0;NC
584;;;>125;;;;5-7 BARS MAX;;24;NC
585;;;;;;;;;0;NC
586;;;>125;;;;5-7 BARS MAX;;24;NC
587;;;;;;;;;0;NC
588;2032445;F89E-006 DA;;;;;8-3 BARS MAX;;10;NC
589;;;;;;;;;0;NC
590;2024607;F89E-014 DA;;;;;8-3 BARS MAX;;10;NC
591;2024607;F89E-014 DA;;;;;8-3 BARS MAX;;10;NC
592;2020103;F89D-141 DA;;;;;;;10;NC
593;2032443;F89E-006 DA;;;;;8-3 BARS MAX;;10;NC
594;2025829;F89D-004 DA;;;;;8-3 BARS MAX;;10;NC
595;2025832;F89D-004 DA;;;;;8-3 BARS MAX;;10;NC
596;2024102;F89D-004 DA;;;;;8-3 BARS MAX;;10;NC
597;;ND9100/I56;;;;;8-5 BARS MAX;;25;NC
598;;ND9100/I56;;;;;8-5 BARS MAX;;25;NC
599;;;;;;;;;0;NC
600;;;>125;;;;5-7 BARS MAX;;24;NC
601;;;;;;;;;0;NC
602;2025830;F89D-004 DA;;;;;8-3 BARS MAX;;10;NC
603;2025827;F89D-004 DA;;;;;8-3 BARS MAX;;10;NC
604;2025837;F89D-004 DA;;;;;8-3 BARS MAX;;10;NC
605;;;>125;;;;5-7 BARS MAX;;24;NC
606;;;>125;;;;5-7 BARS MAX;;24;NC
607;;;>125;;;;5-7 BARS MAX;;24;NC
608;;;>125;;;;5-7 BARS MAX;;24;NC
609;;;>125;;;;5-7 BARS MAX;;24;NC
610;;;>125;;;;5-7 BARS MAX;;24;NC
611;;;>125;;;;5-7 BARS MAX;;24;NC
612;179032;F89D-085 DA;;;;;8-3 BARS MAX;;10;NC
613;55990;F89D-085 DA;;;;;8-3 BARS MAX;;10;NC
614;;;;;;;;;0;NC
615;;;;;;;;;0;NC
616;;;;;;;;;0;NC
617;;;;;;;;;0;NC
618;;;;;;;;;0;NC
619;;;;;;;;;0;NC
620;;;;;;;;;0;NC
621;;;;;;;;;0;NC
622;;;;;;;;;0;NC
623;;;;;;;;;0;NC
624;;;;;;;;;0;NC
625;;;;;;;;;0;NC
626;;;;;;;;;0;NC
627;;;;;;;;;0;NC
628;;;;;;;;;0;NC
629;76168514/0120;ACTAIR R1122 1;12;;FERM+OUVER;0;10 BARS MAX;DOUBLE;2;LEF 430-00-22-16-01-F05-LC1
630;76168514/0120;ACTAIR R1122 1;12;;FERM+OUVER;0;10 BARS MAX;DOUBLE;2;LEF 430-00-22-16-01-F05-LC1
631;76168514/0120;ACTAIR R1122 1;12;;FERM+OUVER;0;10 BARS MAX;DOUBLE;2;LEF 430-00-22-16-01-F05-LC1
632;76168514/0120;ACTAIR R1122 1;12;;FERM+OUVER;0;10 BARS MAX;DOUBLE;2;LEF 430-00-22-16-01-F05-LC1
633;63.541505-1;;;FMA;;0;1-4 BARS MAX;;18;NC
634;64-9648-01-1;0;;FMA;;1;2-1 BARS MAX;SIMPLE;18;NC
635;62-5571-02-1;CAMFLEX II;;FMA;;1;1-4 BARS MAX;SIMPLE;18;NC
636;62-8734-05-1;0;;;;1;1-4 BARS MAX;SIMPLE;18;NC
637;;BC 6/25;;;;;0 BARS MAX;DOUBLE;25;NC
638;T 4570;Maxflo ;;FMA;;1;1.4 BARS MAX;SIMPLE;22;NC
639;F-10-,212500-001-03;CAMFLEX II;;FMA;;1;1-4 BARS MAX;SIMPLE;18;NC
640;02-4848-01-1;CAMFLEX II;;FMA;;1;1-8 BARS MAX;SIMPLE;18;NC
641;02-4848-01-2;CAMFLEX II;;FMA;;1;1-8 BARS MAX;SIMPLE;18;NC
642;62-873404-1;8013-357;;;;;1-4 BARS MAX;;0;NC
643;7802089;SP 15;;;;;8 BARS MAX;;21;NC
644;02-4848-01-1;CAMFLEX II;;FMA;;1;1-8 BARS MAX;SIMPLE;18;NC
645;02-4848-01-2;CAMFLEX II;;FMA;;1;1-8 BARS MAX;SIMPLE;18;NC
646;A01A04211408;B1CU;6/15;;;1;8-3 BARS MAX;DOUBLE;25;NC
647;K01A08263016;B1CU 6/25;6/25;;;1;8-3 BARS MAX;DOUBLE;25;NC
648;D01A09030104;B1CU 11/40;11/40;;;1;8-3 BARS MAX;DOUBLE;25;NC
649;64-2408-03-1;CAMFLEX II;114 mm;FMA;;;1-4 BARS MAX;SIMPLE;18;NC
650;;B1CU;17;;;0;8-5 BARS MAX;DOUBLE;36;VALMET METSO
651;EU 03195097;1052;;OMA;;;3-8 BARS MAX;SIMPLE;12;NC
652;EU03232878;1052;33;OMA;;;3-8 BARS MAX;SIMPLE;12;NC
653;;CAMFLEX II;114 mm;FMA;;;1-4 BARS MAX;SIMPLE;18;NC
654;;CAMFLEX II;114 mm;FMA;;;1-4 BARS MAX;SIMPLE;18;NC
655;;MiniTork II;;FMA;;1;1.5 BARS MAX;SIMPLE;18;NC
656;;BC 6/15;6/15;;;0;8-5 BARS MAX;DOUBLE;25;NC
657;37412;Minitork II;;FMA;;;1-8 BARS MAX;SIMPLE;18;NC
658;48-21114;SIGMA F;;FMA;;;1-4 BARS MAX;SIMPLE;18;NC
659;;MiniTork II;;FMA;;1;1-7 BARS MAX;SIMPLE;18;NC
660;63 541 504-1;Sigma F48-21114;220 mm;OMA;;;2-41 BARS MAX;SIMPLE;18;NC
661;337020;F79E-024M;24;FMA;FERM+OUVER;1;6 BARS MAX;SIMPLE;10;NC
662;EU03271681;1052;33;OMA;;;3-8 BARS MAX;;12;NC
663;04237501-1;Micropak;;FMA;;;1-8 BARS MAX;SIMPLE;18;NC
664;16227260;DR 00150U;;;;1;0 BARS MAX;DOUBLE;0;NC
665;16227262;DR 00150U;;;;1;0 BARS MAX;DOUBLE;0;NC
666;D01A12170492;B1CU13/55;13/55;;;;8 BARS MAX;DOUBLE;25;NC
667;12/21530;DR 10-0;10;;;0;10 BARS MAX;DOUBLE;21;NC
668;;Maxflo ;SM3;OMA;;;3 BARS MAX;SIMPLE;22;NC
669;64-2408-02-1;CAMFLEX II;114 mm;FMA;;;1-4 BARS MAX;SIMPLE;18;NC
670;05/12294;SR 20-0/5;20;OMA;FERM+OUVER;0;10 BARS MAX;SIMPLE;21;LIMITBOX P6
671;;BC;12/25;;;1;10 BARS MAX;DOUBLE;25;NC
672;T 5547;Maxflo ;SM3;OMA;;;3 BARS MAX;SIMPLE;22;NC
673;T 5543;Maxflo ;SM3;OMA;;;3 BARS MAX;SIMPLE;22;NC
674;21-7037-02;0;;FMA;;;2-7 BARS MAX;;18;NC
675;02-4848-02-1;CAMFLEX 35-35202;"152 mm (6"")";FMA;;;1-8 BARS MAX;SIMPLE;0;NC
676;02-4848-02-2;CAMFLEX II 35-35202;"152 mm (6"")";FMA;;;1-8 BARS MAX;SIMPLE;18;NC
677;;BC 6/25;6;;;1;8-4 BARS MAX;DOUBLE;25;NC
678;A9600303;SC/V;;FMA;;1;7 BARS MAX;DOUBLE;4;NC
679;64-9270-01-1;Sigma F48-21114;;OMA;;;1-4 BARS MAX;SIMPLE;18;NC
680;66-6939-01-1;Camflex II;152 MM;FMA;;;1-4 BARS MAX;SIMPLE;18;NC
681;;BC 6/20;6;;;1;8-5 BARS MAX;DOUBLE;25;NC
682;A1704770;0;;FMA;;1;150 BARS MAX;DOUBLE;4;NC
683;;SR 60-6/5;60;FMA;FERM+OUVER;0;10 BARS MAX;SIMPLE;21;LIMITBPX P6
684; ;790-024S;24;OMA;FERM+OUVER;1;5-5 BARS MAX;SIMPLE;10;IFM IS-5026
685;;;;OMA;;1;1-4 BARS MAX;SIMPLE;18;NC
686;451399;PremiAir 025;;;FERM+OUVER;0;0 BARS MAX;DOUBLE;10;Tyco IFM IS- 5026
687;;0;>125;;;;5-7 BARS MAX;;24;NC
688;2032964;F89E-006  DA;;;;0;8-3 BARS MAX;DOUBLE;10;NC
689;82457;PremiAir  009;9;;FERM+OUVER;0;0 BARS MAX;DOUBLE;10;IS 5026
690;F-12-215682-001-06;CAMFLEX II;;FMA;;1;1-4 BARS MAX;SIMPLE;18;NC
691;F-12-215682-001-02;CAMFLEX II;;FMA;;1;1-4 BARS MAX;SIMPLE;0;NC
692;F-13-218071-001-02;CAMFLEX II;;FMA;;1;1-4 BARS MAX;SIMPLE;18;NC
693;F-12-215682-001-04;CAMFLEX II;;FMA;;1;1-4 BARS MAX;SIMPLE;18;NC
694;F-13-218071-001-01;CAMFLEX II;;FMA;;1;1-4 BARS MAX;SIMPLE;18;NC
695;F-12-215682-001-01;CAMFLEX II;;FMA;;1;0 BARS MAX;SIMPLE;18;NC
696;F-12-215682-001-05;CAMFLEX II;;FMA;;1;1-4 BARS MAX;SIMPLE;18;NC
697;F-13-218071-001-03;CAMFLEX II;;FMA;;1;1-4 BARS MAX;SIMPLE;18;NC
698;F-12-215682-001-03;CAMFLEX II;;FMA;;1;1-4 BARS MAX;SIMPLE;18;NC
699;49868;778-006;;;;1;0 BARS MAX;SIMPLE;17;NC
700;370892;F79E-002;;;;0;830 BARS MAX;DOUBLE;17;NC
701;726381;PremiAir 004;;;;0;0 BARS MAX;DOUBLE;10;NC
702;21/25718;0;;;;0;10 BARS MAX;DOUBLE;21;NC
703;416621;PremiAir 004;;;;0;0 BARS MAX;DOUBLE;10;NC
704;2089967;F89E-004  DA;;;;0;8-3 BARS MAX;DOUBLE;10;NC
705;2128115;F89E-004 DA;;;;0;8-3 BARS MAX;DOUBLE;17;NC
706;2024616;F89E-014;;;FERM+OUVER;0;0 BARS MAX;DOUBLE;10;IS 5026
707;23/26639;DR 10-2 C11;;;FERM+OUVER;0;10 BARS MAX;DOUBLE;10;IS 5026
708;00/3452;SR20-0/4;20;;;;0 BARS MAX;DOUBLE;21;NC
709;21/25718;DR 20-0-0;;;;;10 BARS MAX;DOUBLE;10;NC
710;860118;F79E;24;;FERM+OUVER;0;8 BARS MAX;DOUBLE;10;NC
711;850063;F79E;24;;FERM+OUVER;0;8 BARS MAX;DOUBLE;10;NC
712;213092;Régulactair;61 B;FMA;;1;3-9 BARS MAX;DOUBLE;2;NC
713;9972324707/600;Dynactair;25;OMA;FERM+OUVER;0;8 BARS MAX;DOUBLE;2;Amtrobox
714;;ACTAIR R1124;50;;FERM+OUVER;0;5 BARS MAX;DOUBLE;2;IFM IS-5026
715;;ACTAIR R1124;50;;FERM+OUVER;0;5 BARS MAX;DOUBLE;2;IFM IS-5026
716;1046;PA 30;30;;;;3-10 BARS MAX;DOUBLE;2;NC
717;;4001 A;;;;;0 BARS MAX;DOUBLE;20;NC
718;860112;F79E;24;;;0;8 BARS MAX;DOUBLE;10;NC
719;;4001 A;;;;;0 BARS MAX;DOUBLE;20;NC
720;;796-003;3;;;1;7 BARS MAX;DOUBLE;10;NC
721;;796-003;3;;;1;7 BARS MAX;DOUBLE;10;NC
722;;796-003;3;;;1;7 BARS MAX;DOUBLE;10;NC
723;7802089;SP 15;15;FMA;;0;8 BARS MAX;SIMPLE;21;NC
724;9506460001;SNH 25/A/N3;25;;;;8 BARS MAX;DOUBLE;21;NC
725;D01A17260421;B1JAU10/40;10/40;OMA;;1;8-3 BARS MAX;SIMPLE;25;NC
726;;F79E 006;6;;;1;8 BARS MAX;DOUBLE;34;NC
727;1560861;F79E 006;6;;;1;8 BARS MAX;DOUBLE;34;NC
728;76045403/0120;ACTAIR;25;;;1;9 BARS MAX;DOUBLE;2;NC
729;82439;PREMIAIR 009;9;;FERM+OUVER;0;;DOUBLE;10;IS 5026
730;05/12294;SR 20-0/5;20;OMA;FERM+OUVER;0;0 BARS MAX;SIMPLE;21;LIMITBOX P6
731;02016091 N;AT100DA F05-N-D-14;;;;0;6 BARS MAX;DOUBLE;29;NC
732;7306706;AT101DA F05/F07-N-D-14;;;;1;8 BARS MAX;DOUBLE;29;NC
733;9972324707/ 700;ACTAIR 12;12;;FERM+OUVER;1;8 BARS MAX;DOUBLE;2;Amtrobox
734;9972324707/ 700;ACTAIR 12;12;;FERM+OUVER;1;8 BARS MAX;DOUBLE;2;Amtrobox
735;12/21530;DR 10-0;10;;;0;10 BARS MAX;DOUBLE;21;NC
736;17/23713;DR 10-0 C11;;;;1;10 BARS MAX;DOUBLE;10;NC
737;9972324707/800;ACTAIR R1121;6;;FERM+OUVER;1;8 BARS MAX;DOUBLE;2;AMTROBOX
738;9525740017;PE750/A/N12;;FMA;;1;10 BARS MAX;SIMPLE;0;NC
739;416620;PREMIAIR 025;4;;;0;0 BARS MAX;DOUBLE;10;NC
740;.71000659;SP28;60;FMA;FERM+OUVER;0;10 BARS MAX;SIMPLE;21;LIMITBOX P6
741;05/12294;SR60-6/5;60;FMA;FERM+OUVER;0;10 BARS MAX;SIMPLE;21;LIMITBOX P6
742;305897;F79E-006M;6;;;0;0 BARS MAX;DOUBLE;10;NC
743;278880;976-090S;90;OMA;FERM+OUVER;1;5-5 BARS MAX;SIMPLE;10;IFM IS-5026
744;2032459;F89E-006 DA;;;FERM+OUVER;;8-3 BARS MAX;DOUBLE;10;ISO 5026
745;153777;F89E-020 SR08;;;FERM+OUVER;0;8-3 BARS MAX;SIMPLE;10;NC
746;;PREMIAIR 025;25;OMA;FERM+OUVER;0;8 BARS MAX;SIMPLE;10;IS 5089
747;153775;F89E-020;20;;FERM+OUVER;0;8-3 BARS MAX;SIMPLE;10;ISO 5026
748;;F89E-020 SR08;25;OMA;FERM+OUVER;0;8-3 BARS MAX;SIMPLE;10;NC
749;;PREMIAIR 025;;OMA;FERM+OUVER;0;8-3 BARS MAX;SIMPLE;10;NC